7-23. -> 1
1,10.15,20,23. -> 1
2,4,10,17? -> 1
1-1-9? -> 1
4,7,10-10-18? -> 1
6,8,9! -> 1
4-4-4-4-14,16,25. -> 1
5,10,12,19,24. -> 1
1,2-6,7,10-15! -> 1
5,16,30. -> 1
16-19. -> 1
15,28,52. -> 1
11,16,36. -> 1
2-3-4,6-7-8,9,10-10-10-10-11,12! -> 1
12,15,22. -> 1
5-5-5-5-9! -> 1
5-5-22. -> 1
2,4,38? -> 1
10:15! -> 1
3-4,5-6-7-9,25. -> 1
1,2,5-5-6-6-18,32. -> 1
1-4,7! -> 1
6-7,8-9-9-10,11,18! -> 1
10,14-15. -> 1
8-9,10-11,12-17,18? -> 1
2-3,4-5,6-12,13. -> 1
1-1-4,7-7-8-9,23-24. -> 1
8-9,14,21. -> 1
5-6-8-14,15. -> 1
1-3,4,13,14,20! -> 1
17:19,23. -> 1
6-13? -> 1
1-2-5,9. -> 1
6:7,10,21. -> 1
4,26. -> 1
1,15,18,20,37. -> 1
1-2,4,11,22. -> 1
2-3-4-4-6,10,16. -> 1
4-8,10. -> 1
9-9-11,13. -> 1
6:13,18-19. -> 1
5,9,11-11-32? -> 1
7,11,16,21-22. -> 1
8,9,17. -> 1
5-5-6,8-10,12! -> 1
3-3-5. -> 1
2,8,30. -> 1
22-22-23,29. -> 1
4,5.6,20? -> 1
10,11,12? -> 1
15,41. -> 1
20.22,26. -> 1
12,23-24. -> 1
2,3,22,24. -> 1
3-3-4,9? -> 1
5-5-9? -> 1
2,9-9-9-9-13,14. -> 1
1,9,11,27. -> 1
1,3,9-18,31. -> 1
5,7,13-14,23. -> 1
1,6-8-8-10. -> 1
18-19. -> 1
4-12. -> 1
7.8? -> 1
3,10,16,33. -> 1
4-4-4-4-10,12,14. -> 1
1,5,17,39,40. -> 1
1-1-1-1-1! -> 1
2,5,7-7-7-7-21,28. -> 1
3-3-3-3-10! -> 1
2,6,17,29. -> 1
3-3-6-6-15. -> 1
12,21,34-35. -> 1
5,21-22-23,25-26-27,28-29-30,34-35-38-39-40-41. -> 1
2-3-8. -> 2
4:9(10. -> 1
3:5,6[8]9:12:14,15:18,23:24. -> 1
6-38. -> 1
5,8,14;25,33;39,50. -> 1
2,4,10,16-18,26,33,38;40,53. -> 1
9,17;24,31,40,49. -> 1
4,9,16;25,29,34;39,42,46,51. -> 1
4,8,14:22,25,28;32,36,46. -> 1
10,15;18,23,31. -> 1
8,11,21;25,34;39.49,57. -> 1
8,16;21,26,30,41-43,49,53. -> 1
5,9,16,20:25,31! -> 1
8,11,13,17! -> 1
6,15,18,22,31. -> 1
5,8;12,18,34;36,38,44,50,52. -> 1
6,13;21,27;32,33,38,43. -> 1
4,10;15,17;20,22,27;31,37. -> 1
6,14;18,22,28,32,37,44. -> 1
9;15,20. -> 1
7-9,11-14,17,25;30,38,43,47. -> 1
6,9,17,21,31;39,48. -> 1
9,14;17-23,29? -> 1
5,9,14,17,21,24,29,33:39,42,46. -> 1
2,5,6,7! -> 1
7,10,15,18,24;30:33! -> 1
5:8! -> 1
8,16,24,33;35,42,51. -> 1
3,5,13-15;25,34;39-42,46,55. -> 1
7;13-15,24,33. -> 1
9,14,24,32? -> 1
7;17,26. -> 1
2,4,8;12,17. -> 1
9,17,21-24,32,41;44,48. -> 1
5,16,29,34;43,53. -> 1
6,9,14,19. -> 1
8,18:26;30,35. -> 1
4,8,18;26;28,34:41,45,46,50. -> 1
4,6,10,21;30;33,35,42. -> 1
2;6,14,17,22,31. -> 1
11,14,18:25-28,38. -> 1
1,2,4,8,19,23-31,41:44,49,55,59. -> 1
8,10-13,16;21,24,30;39,48. -> 1
6,12,16,24,27,31,38,42,46,50. -> 1
3,5;10,18:27;31,35. -> 1
2,9,14,18? -> 1
7,11,15,22:26-27,31,33,41. -> 1
6,12;16,21. -> 1
9,18;20,36. -> 1
11:18-19,32,37:46,55. -> 1
10,18,24:34! -> 1
7:17,26,34,43,51. -> 1
9,15,17,19,29,39;51,56. -> 1
3,8,11:18,28:32,35,38;49. -> 1
9,14,17;28,31,35. -> 1
2,4,6,10,16,20,30,34,39,43,45,48,57. -> 1
9,19,25,34:38,41,50-51. -> 1
10,17,23,29,34,40:52,53,54-55,59. -> 1
10,18;27,35:46,50-56. -> 1
6,10,13,17:25,34;43,46,51. -> 1
3,9,11,17. -> 1
6,15,22:24,32. -> 1
6,10;18:27,37;48,51,57. -> 1
1-3,4-5,9,11,13,15,18,20,22,27,29,31,33,35:36,45,54. -> 1
4,10,16;20,23,27,33;50. -> 1
3-5;18;24,27,31,35:37,42,50. -> 1
4,6,8,16;25,33;41,48. -> 1
9,12,13,14,16,22,26,30:32-35,40,43,49. -> 1
4,9,19! -> 1
3,8,15;24;28,33. -> 1
1,2;6,10:15,21,26,31. -> 1
4,9:24,29? -> 1
8,12,13,15,23,31,35,36,37,41:47;50. -> 1
7:16;25,29,36. -> 1
9,13,15,18. -> 1
4-6,7,10,11-13,14,15,18,20,21,22,24,25-26,27,28,31,36,43;47,51? -> 1
9;13,19,22-31,37. -> 1
4,8,12;18,22? -> 1
10,16,20,31:38? -> 1
8,12,15,27,29,31,32,33,35;47,51. -> 1
1,4,5-7,13;17? -> 1
8,12-17,18,22,26;35,45,47,53. -> 1
4,9,16;23,26,35. -> 1
5,16:22,27,33,37.42,46,54:61,65,69,75,78,82,86,91. -> 1
9,15,20,23,32:37,49. -> 1
10,17,21,23,26:31,35:45,50-52. -> 1
4,7,12,15,20,25,34:38,42,51. -> 1
8,16,23,31;37,48. -> 1
1,7,15,27,35,47,52,61. -> 1
14,22,31.33,34,35;41,44,49. -> 1
2,13,17,30,36,44,54. -> 1
8,14,18-21,28. -> 1
1,2,4,8,11,18. -> 1
3,8,14,18. -> 1
1,9,17,27! -> 1
3,16;22,25,29-34. -> 1
15,23;26,30,36,43,50. -> 1
1-2,7,14,21,25-28,39,40,45,47,50,54;59,66,77,78,81-83,92. -> 1
4,10,16:17,18,20,30;36,38,42,45:46,47,49,51,61. -> 1
9,11-15? -> 1
4,10,16,19:25,26,27,29. -> 1
16,34,38,41,43:47,52,56,62. -> 1
1,9,13,18:27,33;37;44,54. -> 1
15;21,24. -> 1
10:12,21,35;50,52,53,58. -> 1
18:20,22,27,35. -> 1
1,3,6,10,15. -> 1
9,12:20,25? -> 1
4-7,14. -> 1
5,7,14;22,27-32,37. -> 1
7,16,21-25. -> 1
1,2,8,16! -> 1
19,21,24,32,37,47,56. -> 1
2,4,13;21. -> 1
3,9,18,25. -> 1
8,16,21,30,37. -> 1
6-8,12,14,17,21,31;48,52,57. -> 1
10,19;25,30;37;48,56,64. -> 1
8,15,26,29. -> 1
15;31-33,40.48,54-58. -> 1
10,18,26. -> 1
13,18,27,35,38-42;49,51,53,58. -> 1
7-12,18. -> 1
7,8,15,23,30. -> 1
9,16;22,31,40. -> 1
1,5,6,8. -> 1
9:17,18,21,25. -> 1
9,10,12,17. -> 1
6,15,24,29. -> 1
4,6,7,15;18,29,31,33. -> 1
8,10,13-15,19,24;32. -> 1
9,18,26,33;35-42. -> 1
2,9,17;21,26. -> 1
5,9,13,17? -> 1
3,5,6,9,18? -> 1
9,15,22,29;36,46,55. -> 1
2,7,11-15. -> 1
16,18,22,34,43. -> 1
9;17;27;37;45,46,48,53;61. -> 1
5;7,9,13-18,27. -> 1
8,14-16;25,35. -> 1
2,9,16,24. -> 1
9,17;30,37. -> 1
3,7,10-23.33;38. -> 1
2,8,16;32,33,37,43,47,54. -> 1
8,12,17,21,27. -> 1
8,26? -> 1
8,16;22,26,31. -> 1
2,6,9,13,16,21,25,28-29,32! -> 1
8,13,16,17,19,22,24:39,46. -> 1
9,17;21;28;31,46. -> 1
2,3,4,5,6,10;17. -> 1
2,4,7,12,16. -> 1
8;17;21,25,28,31! -> 1
1,2,4,13? -> 1
7;14;22;27. -> 1
2-4,12! -> 1
1-3,6,14,18,20. -> 1
5-9;16,23. -> 1
7;18,21,28. -> 1
8,10,17,25. -> 1
8;16;18,24;25,26,33. -> 1
11,19,26,30,33,34;41. -> 1
11,12,15,18,23. -> 1
13,23,33,40,48. -> 1
4,9,13;17,23. -> 1
8,11,13,16,18,20,21,23,31. -> 1
4-9,16,19,29;31-36. -> 1
6,10,27. -> 1
2,4,6,9,10,11,19,20,21,22,31. -> 1
2,4,6-9,13,16. -> 1
7;11,18,20,22;29. -> 1
9,14,16,18. -> 1
4-10,18,28,36,44;51,58. -> 1
10;13,19. -> 1
9;20,24,28. -> 1
3,9,18;20,28. -> 1
2,8,9,17,25,29,34. -> 1
4,9;18,24,28. -> 1
8;16;24;29. -> 1
4,6,7,11,15,18,23. -> 1
1,14,21,29. -> 1
8,16;17,19,24,32;39,46,53. -> 1
1,8,17! -> 1
6-8,13,16;18,21,26,32. -> 1
8,12-27. -> 1
7;9,11,15,23. -> 1
7-10;17. -> 1
2,4,10,17;26,36,44. -> 1
7,15,22,32,40;46,49,58. -> 1
4,9;17,19-24. -> 1
7,11,16,19,22,28-30? -> 1
1,4,12-17;24,32,35,39,43,58. -> 1
9,14,23? -> 1
4,9-10? -> 1
7,14;21. -> 1
8,13;22,27. -> 1
2,8,16,30;35,39,46,55. -> 1
9,16,25,33. -> 1
8,17,25;26,34,57. -> 1
3,8;12,23. -> 1
8-9-11,15;17,19,21,23,25,39. -> 1
8,10,15-17,29. -> 1
7,8,10,30! -> 1
2,8,13;20,26. -> 1
11,18,26;34,36(40)48. -> 1
9;11,17,27,32,39,43:52,56. -> 1
18,22,27,35;46. -> 1
6;13;19,21. -> 1
8,15,20. -> 1
6;16.19:23,27. -> 1
4,14;16,18:24. -> 1
3-5,20,26. -> 1
9,12,15;20. -> 1
6,13:16,19;22,25. -> 1
6,13;18,26,32,36. -> 1
1,2,3,7,8,9,12;18,24,36. -> 1
8,15,29. -> 1
7,14:18,21,28,35,40. -> 1
7,12,20,28,36,44. -> 1
5,12;17,24:28,32,34,39. -> 1
5,11;20,29,39. -> 1
9,16,22,29,37,44. -> 1
4,8,15;18,21,25. -> 1
6,15! -> 1
7;16,20,23. -> 1
7,14,16:25,33. -> 1
5,9,13,16:19,22,25,28. -> 1
11,14,17,24:25,27,31;32,37! -> 1
1,6,11,16. -> 1
10,21:23,31;37. -> 1
2,4;6,10:11,12,13,17. -> 1
5,10;19;24,29;31,34,39. -> 1
8,12,16:19,27,30,36:37,43,47,52. -> 1
9,16,25,32,37,41,45,46,49.52,54.55,59:68;79,87. -> 1
9,15;25;32:35,37,39,41,42,43,44,48. -> 1
8:13,18;22,26;30,34. -> 1
2,4,10,19;21,23,28;37;39,41,46,56;61,64,73. -> 1
4,10;20;31;39. -> 1
3:9,12,17. -> 1
1,3,15-19,23,27! -> 1
11,17-19,23,28;35-37;44;45,47,54,63. -> 1
6,9;13,18. -> 1
5,15;18,27,30. -> 1
4,9;13,18-19;24,31;35,40-41. -> 1
9,12,17! -> 1
5,11,15,20,23,25,28,29,32,34,36,37:40,46,48,54. -> 1
3,8,18:28,37. -> 1
4,10;12,16,21. -> 1
4,14,18? -> 1
4,9;10,13,19,23;27;30,36. -> 1
5,9,17;25,33. -> 1
1,9,11,13,19. -> 1
8,17,22-24,33.42? -> 1
14,18,23,32,39. -> 1
1,10,11,19,20,24,26,32-33,39. -> 1
8,15;19-25,33,41;49,57. -> 1
1,7,8,18! -> 1
8,16,23,24,27,31. -> 1
8;14-17,22,27. -> 1
9,12,17,24,34,41,47-49,56. -> 1
4,10,12,15,16,17,18! -> 1
2,4,15,20,28,34,42,50,55,58. -> 1
2,7,14,18,29;31-40;43,50,54. -> 1
8,16,28,38;44,48,51. -> 1
9,14,18.23,27,35;43,51;58;65,72. -> 1
7,15,24,33. -> 1
4,9,12,16,22,29. -> 1
12,18,36,41,49,58. -> 1
10,12,16,22,28,32,36,39,41,49,54,59. -> 1
15,18,21,29,34,37:44,52. -> 1
6,14,21-23. -> 1
4,17,20,24,26,28,30,34! -> 1
7,9-12,15;21,35,39,43. -> 1
7;13;21,30,40;49,57. -> 1
8,16,21,23,30:45,52. -> 1
8,10,11,15,24,31,37,40,49,54. -> 1
2,9,18;27,34;42,43,46,51,57. -> 1
0]20,28,36-39;47,50,53-54,63. -> 1
2,6;13,26,32. -> 1
4;6,11;15,18,19;30. -> 1
1,4,12,16,23,28.29. -> 1
6,18,26. -> 1
0]2;3;7;8;15. -> 1
4;15,18. -> 1
5(9)15. -> 1
5,12,13,19. -> 1
3,4:11;19,25. -> 1
1,3,30. -> 1
2,9,15,19. -> 1
1,3,9,17. -> 1
3,9,25,30. -> 1
4:16? -> 1
5,9,13,26;31,32. -> 1
1,4,8:21,26,29. -> 1
22;39:44;56. -> 1
12,13,15,18;37:46,49;59,63.77,82;87,90,98. -> 1
1;6,14. -> 1
3:12;26;35;39,41,44,46,50;54;60-66. -> 1
7;14;21;27. -> 1
1:9,16,31,33,34,38,45,51,57:79. -> 1
7;9,11:19,24. -> 1
1,3,6,11? -> 1
6,10,23,26. -> 1
6,13,20,27;37,47,62. -> 1
3:7:13:26-33. -> 1
8;12,28;35,39. -> 1
9,20:21,25,33;35,45. -> 1
8,15:23;26,32. -> 1
2,3,16:21,25. -> 1
6:8,12;19. -> 1
1,2;6;14. -> 1
5,16,21! -> 1
5,8;11,16,20,24,27,31. -> 1
12,15,19,27,34? -> 1
4,8,10,12,16,17,20,30. -> 1
7,8;16,18. -> 1
3;4;16:17,23,37. -> 1
4,9,17;25. -> 1
1,2:8,10;12,19,24. -> 1
1,8,17,21,28;37;41,48. -> 1
2,13,24! -> 1
9:11,17,25,32. -> 1
4;5,7:9,13,22,26,26(31)32-33,38? -> 1
1,3,14,20,21. -> 1
3:9,13:24. -> 1
1,4,9,18,23,31. -> 1
7,14;24:35,51. -> 1
2,6,12-14:25;26,33:36,42,45;47,49. -> 1
8:9,19;30? -> 1
8,9,12,16,17? -> 1
3-5,7-8,17! -> 1
3,4;7,15. -> 1
10:13,16;24. -> 1
1,2;6,9. -> 1
3,7,13,18? -> 1
5,13;22,25;33. -> 1
0]6,12. -> 1
1,6:18. -> 1
6,8,9,15;16,19,30,40-41-42. -> 1
8,17;30. -> 1
1,2;8! -> 2
1,2;10:14,16,17,18,19,24. -> 1
5,8,12,17-18;24,32. -> 1
4,5,8-9. -> 1
0]4,13,18;30:36-38;47. -> 1
12,15,17;18,21,28;31(37)41. -> 1
0]6,7,8. -> 1
2(11)33;51:57,60;69;79:81,83,88,94. -> 1
6,20:31;35,41. -> 1
2,5,9! -> 2
2,3,11,13. -> 1
1,5,8,13,17? -> 1
14,17,22:27,36:42,60. -> 1
1,8,11(15)17,22,27,40;59. -> 1
13;15,17,18,25;32;45. -> 1
4:6,13,17,20,28,30,32,35,37:49. -> 1
1,2,4,7,9? -> 1
1,3,13,14,16,21,26,30,40. -> 1
1,10,19? -> 1
4,7,21;22,27,34,41. -> 1
1,4,15,20,21,23,31,38:48. -> 1
5,6;12. -> 1
10;26! -> 1
4,6;8,12:15,17:23;28. -> 1
2,10,18;19,27,34;52.55,62,70! -> 1
7,14,18,20. -> 1
5,14,33,37. -> 1
11,19,34. -> 1
2,4,21(27)27,33;39,40,43,47. -> 1
0]3,5,11;18:23,28-29! -> 1
1,2,3,5;9? -> 1
1,10:13,23;28. -> 1
2,6,8,10,12,14:23,26,36,46,54;59;67,72. -> 1
2,12:28,33,37. -> 1
4;15-16. -> 1
5,10,13,15-16? -> 1
5;11:16. -> 1
12-16,27. -> 1
8,15;21,32. -> 1
4,5;7,9;10,11,16. -> 1
1,4,18.19. -> 1
5:6,7,12! -> 1
4,13,21,26,28,35. -> 1
3,11,14,16;17,23,27. -> 1
1,11;15;17,21,23,27.28,31. -> 1
1,5,18,31,37:45;54. -> 1
2,9;18. -> 1
6,7;8,9,12. -> 1
1,4:10,17. -> 1
4:8,25. -> 1
1,2,3,11,15,21:28,32,38,42. -> 1
10,16,24,32. -> 1
8,10,13? -> 1
9,17,26;27,29,34. -> 1
1,4,13;14,19! -> 1
3-12,18. -> 1
5:20. -> 1
2,3;4,5,6;16. -> 1
1,4,5:8,9,11-12. -> 1
9,24;25,31,36. -> 1
1,14:21,27. -> 1
5;7,10,13,17-21. -> 1
7,11-13,26. -> 1
5,6,14,24. -> 1
5,6,7! -> 1
3,4,8,16:33. -> 1
1,4,6,10;19,26,33. -> 1
3,5,9:15;20. -> 1
3,12;14,26. -> 1
11,18,27,37,41-49. -> 1
4:5,7,11. -> 1
3:9,13-14. -> 1
8,14-17:19,24,29,35,40,48. -> 1
6,15-16,23,29,31. -> 1
10-11-15? -> 1
10-11-12,20;32,35,36,40! -> 1
0]5,8,9,13. -> 1
3,8,10,17.22,24,29. -> 1
8,12,20,25,30,37. -> 1
3,9:11,13,17,24-29,33,39,41,45. -> 1
3,7,15:19,27;36. -> 1
1,3;7:17. -> 1
14;15,23. -> 1
1,3,11:15,19. -> 1
1,12:18. -> 1
1,12:20. -> 1
5:9,16,19. -> 1
7,8,9,13,19,30. -> 1
6,9:14,16,19,21,26,36. -> 1
5,7;12,15,19;32,38;40,44:55,61,74,87,90,96,112:115,116,120:125,129,131! -> 1
1,4,7,9,11! -> 1
3:10;13. -> 1
9:13:17. -> 1
0]3;5;9;13;18;26,34. -> 1
6:9,14,16:16[19. -> 1
3,10:14! -> 1
4:7:9,15,19,23,31,40,45,48. -> 1
1,3,11,17. -> 1
3,5-9,16,19. -> 1
7,9,13,19,25. -> 1
6(12)16,23;31,34,38(40,41,47)47,53;63. -> 1
1,9:18,23. -> 1
1,3,9,19:31;37,40,45,47. -> 1
6,7,13,19,24;27,39:47,55,65,76! -> 1
2,5,6,10,14. -> 1
14,27,36. -> 1
8,15,20,27. -> 1
7,8,9,17. -> 1
3,8,11(17)24. -> 1
3,16:19,25,28,32. -> 1
5,9,11,15! -> 1
8,14,24,39. -> 1
15,19-22,28. -> 1
6,16,22,26,28,35. -> 1
4:12,16,22,29. -> 1
6;14,24-27,31,36,37,41. -> 1
1,3,8,16:17,18,19,24,26;27,29,37;39;46,47,48:50,53,64,73,80,83,86,92! -> 1
3,5,6,11,17,19,23,29,33,47. -> 1
10;15. -> 1
8,18;25,33,40:49,57. -> 1
4,6,14,19. -> 1
10,13,24. -> 1
4,10,18,27. -> 1
1,2,5,9:15,16,21? -> 1
6;12:21,24,27. -> 1
5,6:13,15,27:36,39,42,47. -> 1
1,10,20,23. -> 1
2,3,10:20,29. -> 1
8,19,27,35,40. -> 1
3,11,20:31. -> 1
9,15,25.39:46,49. -> 1
4-6,10,15-23. -> 1
6,9:15.21. -> 1
2;6,7,11:18;22,28. -> 1
12:17,17(24)26,30,32. -> 1
4,12,18,23;36,42. -> 1
1,5(12,18)18,27,31,34,41:49,53,58. -> 1
3,5,14,17. -> 1
8,10,13:27,35. -> 1
16:24,29;36. -> 1
6,9:13,17-25:30,33-35. -> 1
5,6,11,18,19,21,23. -> 1
1,3:11;16. -> 1
3,5;9:19,27:38. -> 1
4,10,13,24;32. -> 1
8,17:25. -> 1
1,7,10,16! -> 1
7;10,12,16,25,32-37. -> 1
5,10,14,19-22! -> 1
7:11,15;16,21,25;43,44,53. -> 1
2,10,17.20,21,27,32:38,43;57,61. -> 1
17,23,24,26,39! -> 1
11,17,27. -> 1
2;3,5,9,11,17. -> 1
5:8,10,16-17. -> 1
3,6,7? -> 1
4,6,8,11,16. -> 1
2,4;15,22. -> 1
14:22,23. -> 1
1,3,7,13,19,26. -> 1
1,8,12,13:14,21,32,36,45:46,48,50,63,75,79,83,90;96. -> 1
7;8,12,23. -> 1
2;4,6:10,11,15,20,23,39,43. -> 1
3,11,13,17. -> 1
1,12,17,19,23,28,32. -> 1
11,13,18? -> 1
0(1,6,10)12? -> 1
4:8;9,15,19,23,28;41,44;55,59,66.67. -> 1
4,5,13,17-18,19,20-21,27;35. -> 1
3,6,11,13? -> 1
0]6;8,9,13-14. -> 1
6;11,17;20,22,24,25,26,28. -> 1
3,7;13,21:28. -> 1
1-2,3-4,13! -> 1
1,12;20:27,33. -> 1
3,4,9,11,13:17,21;23,25,26,27. -> 1
2,3,9,11,13. -> 1
1,3,10:12! -> 1
7-10,12,14,32,43. -> 1
1,13,27;36. -> 1
3;13,20,28,39. -> 1
11;25-26. -> 1
8;15-16,22. -> 1
7;9,19,23,25. -> 1
7,27:28,30,31,46. -> 1
6,10;15,20,27. -> 1
7:11,18;26:29,30,32. -> 1
13,15,18,26,27,29,36,38;40,44;55. -> 1
5-8. -> 2
4-6;13;19. -> 1
4,5,8,19,22,26,34. -> 1
1,4:7;10. -> 1
3,7,10,13,16,19,22,26,29,35,40,43,66,70,76,80,87,89,92,97,98,100;104;105,106,107,108. -> 1
27;33,36,39,46. -> 1
3;8;18. -> 1
2,7,16! -> 1
2,13,16,20-23,30,40,55,63;72,82. -> 1
1;12-13. -> 1
9;10,13. -> 1
2,4,6,13;21. -> 1
14;15,26. -> 1
2,13;23. -> 1
3,8,13,16,20. -> 1
2,8,22. -> 1
4,8,17,34. -> 1
4;9;18,30. -> 1
4;12,19. -> 1
8:12,17,34,44,48,54. -> 1
2;6,9. -> 1
1,2,7;14. -> 1
1,3,13,20. -> 1
2,4,7,8,13. -> 1
2,4,8,17,23,30. -> 1
1,7,8,14,17. -> 1
5;11,17. -> 1
3-6-7. -> 1
2,18;27,34. -> 1
0]12,23,31,39,47. -> 1
5-9,13,19,25. -> 1
0]1,5,21;29-41;50,55;66,72. -> 1
13,14,17,18,24,26;32. -> 1
0]1,2,3,4,6,10,28,37. -> 1
8,11,17,28. -> 1
6;10;11,16,19. -> 1
6,8,24. -> 1
5,11;29. -> 1
4:21. -> 1
0;2,3,11! -> 1
14,20,33. -> 1
4,9,12;15! -> 1
1,5,10-11,15. -> 1
13,18! -> 1
1,3-5,8? -> 1
4-5-6. -> 1
3-7,10-11,17,24;25-27,31,33. -> 1
3-4,7,16;19-20,25. -> 1
2,4;9? -> 1
8,15:21. -> 1
4-6,10;14-15-16. -> 1
4,5-8,9-13,18. -> 1
5,7,19,49? -> 1
0]6,9,14. -> 1
1,3,6,9,11,13,19? -> 1
7,8,14,18,24,29,36? -> 1
1,8,16,24. -> 1
3,8,19,24,34,43. -> 1
3;7;11,12? -> 1
9,11,19,28. -> 1
8,15,23,33,35,37,43,45,50. -> 1
4,7,14;18-20,23,49. -> 1
1,4,5;8,12,19,23. -> 1
6,11,16,21,28;30,35,48,52;57,61;67,76. -> 1
5,8,10,12,16. -> 1
3,4,8,11;14. -> 1
8,16,20,24. -> 1
5-11! -> 1
1,3,11,19,23,29,41,46,55. -> 1
7;12,24-25,26,44. -> 1
2,3,7;15. -> 1
5,6:9,17. -> 1
4,9,14,17.18. -> 1
0]4,5,9,14:20. -> 1
3,5,11,14;22. -> 1
4,5,8,15,24,25,32. -> 1
4,12,20;29. -> 1
8,11,17,20,25,26,34. -> 1
8;19;23,27,30,34,37,56;57,60,64. -> 1
4,5-6,10. -> 1
3,5,11,21. -> 1
6,11,17. -> 1
3,4;6;11. -> 1
3;6,7. -> 1
1,2;7:16. -> 1
0]2,4,5,12? -> 1
5,10,13-15,21. -> 1
1,14,17,18,25,29. -> 1
4,8;18,27. -> 1
1,8;13,17,21. -> 1
9,14,27. -> 1
1,3,12,16,19,21,24-25,38,41. -> 1
8,12,24,32,37,40. -> 1
3,7;9,17. -> 1
6,10;13,19. -> 1
9:16,21,29,35. -> 1
1,10,14,20! -> 1
3-5,8,27? -> 1
9,12,13,16,20-29,35? -> 1
7,11,24. -> 1
6,9,10! -> 1
4,9;12! -> 1
4,11,16,20. -> 1
3,4,9,17,22;25. -> 1
9;12,23;28,34. -> 1
4;7;18,35. -> 1
2;7,13. -> 1
1,10,14,24. -> 1
4;10,18,26. -> 1
1,10,16;25. -> 1
8,15,18,20,25. -> 1
7,10,13,16,23,26,32. -> 1
10,16,20,22,27! -> 1
2,5,10,16. -> 1
5,7,17! -> 1
8,13;19,24,28,30. -> 1
11,13,15-17,29,33. -> 1
2,5-9! -> 1
11;22,38,51,59. -> 1
1,4,8,9,14,17. -> 1
5,13,22,27. -> 1
8,20;21,23,29. -> 1
2,3,4,5;11,14,15,17. -> 1
4;7,9,13. -> 1
11,17,21:22,24,26. -> 1
1,4,10,13,16,25. -> 1
11,27? -> 1
4,13;21. -> 1
3,5:7,10? -> 1
5,10,13,16,19. -> 1
2;19;25,30. -> 1
5,7,9,12? -> 1
3,10;20,25;38. -> 1
4,16,19,29. -> 1
12;24;25,30,40,44. -> 1
1,3,5,15,21,29! -> 1
4;6,11,14,18. -> 1
3,7,8;11;15,23,27. -> 1
6,15,18? -> 1
7,9,14,17? -> 1
7,9,10,11,12,16? -> 1
3,5,28,31,40. -> 1
5,8,11;27,49. -> 1
3,4,10,21,26. -> 1
4,9;10,13,19,25,30. -> 1
2-14-31. -> 1
7,18,26,31;35,45,48,52,60,65,68,76. -> 1
5,11,38,46. -> 1
1,12.20? -> 1
1,5,11,15;18,25. -> 1
8;14,16. -> 1
1,9-13;19. -> 1
9,13,14. -> 1
7;10,13,14. -> 1
10,17;26. -> 1
3,13,17,20,21. -> 1
2,4,11,24-26;35,40,44,51. -> 1
4,8,13,31;33,40,43,47,57,65,72. -> 1
8,19,23.24. -> 1
12,16;32;44;50. -> 1
4,14,18,26,45. -> 1
3,13-21! -> 1
3,5-7,14;23. -> 1
2,8,17? -> 1
3.3[5. -> 1
8,11;23,29. -> 1
4,7;14,22. -> 1
27? -> 1
1,6,17,28. -> 1
5;8-16. -> 1
10,19,21,24? -> 1
4,6,12,17,24;32;47,48,52,54. -> 1
7,23,30,36,46. -> 1
8-10? -> 1
3,9,15! -> 1
2,11,18,24,29,48;58,62,67;73,85;88,94. -> 1
4,8;11,16. -> 1
3-4,12;15,17. -> 1
7[9. -> 1
8,17,20,23,29,34,43,51. -> 1
1,13,23? -> 1
3;9,13,19? -> 1
6,17,26,34:40,49,54. -> 1
1,18,26:32,41,48. -> 1
3,15;25. -> 1
4,5,6,7,13,22,29. -> 1
1,8,16;18,20,25. -> 1
2,5,10-12;16,22,32,37,49,58,66;74,90,99,109,113,117,122,131;140;147,156;160. -> 1
1,3,8,12;24. -> 1
5,16;24,29;48,57,61. -> 1
5,16,20. -> 1
2,6,10,13,17,21-25,31,35. -> 1
7,10,15,21;39. -> 1
0]3,8,14,18;23,25-26,29,33;34,35-39,43,46,51,55,57-59;59[61. -> 1
2,4,7,15,19. -> 1
3,4,7,12,14. -> 1
2,8,11,15,23,28:30,34,37;41,46. -> 1
1,7,12,13,21. -> 1
2,3;12,16. -> 1
1,6,9,17. -> 1
3,8,16! -> 2
3,4,7;16. -> 1
9;17,21,24,27. -> 1
5,8,22. -> 1
4,9,17,23. -> 1
9,13;15,19,36. -> 1
10;27. -> 1
6,11,14,20. -> 1
10,18;22,24,33,41,45,50. -> 1
4,7;11,15. -> 1
1,2,17-18,25,35,41. -> 1
2;5,8;11,14. -> 1
12-19;27! -> 1
9,18,27;31,36. -> 1
1,5;7. -> 1
3,7,17,19,22,27. -> 1
11,13,16:24;43. -> 1
1,2,8,11,21? -> 1
2,6,8,14;22,28,35. -> 1
2,10,17,18,19,21. -> 1
15;25. -> 1
8,9;24,30,35. -> 1
4;9,11,14,17. -> 1
2,3,4,6,13,15,21,29? -> 1
1,2,10,20. -> 1
1.6,8,13,22. -> 1
1.6,8,10:17. -> 1
1.10? -> 1
1.2,9! -> 1
1.2,5? -> 1
1.2,5,9. -> 1
7,16;24,38,41;47,56,57,58-59,65,74. -> 1
1,4;20,21,23,28. -> 1
6,8.10. -> 1
1,4,6,12. -> 1
8,13,17,21;23-34. -> 1
1,3.7. -> 1
7,10;12,14,19,23. -> 1
8,16,19,29. -> 1
1,7-9. -> 1
11,17-21. -> 1
1,2,12,16,31. -> 1
1,8,17,25. -> 1
9;12,18. -> 1
1,5;11,16. -> 1
5,7;11,13,19. -> 1
1,9.11. -> 1
1,7;8,15;22. -> 1
9,18.27. -> 1
4,9:12,17,21,26. -> 1
4,18,19,20,22. -> 1
1,3:5,8,14,23. -> 1
1,8,9,15,19. -> 1
11,14,19. -> 2
1,17,25,31. -> 1
6,8,20. -> 1
3,7;16! -> 1
17;18,39-41. -> 1
10;14,16,22. -> 1
1,3,6,7,8,9,10,11,13,29;30,35,39,41,47,64,83. -> 1
1,3,12-23;31,39,40,44,48. -> 1
9,16,24,31;38. -> 1
2,5,7,8;15. -> 1
4,8,11,14,22,32. -> 1
3,4,19. -> 2
2,12-14. -> 1
7,10,12,15;23,31,43;58. -> 1
14,15,17,20,28. -> 1
15,18,20. -> 1
7,15;22,29. -> 1
3,7;11,16;20,26,28,29;31,32. -> 1
5,9;19. -> 1
3,9;11,15,17,25. -> 1
1,2-5-9. -> 1
8,9,15,21. -> 1
4,14,31. -> 1
3;14,20,36. -> 1
3,14,19,23,25,28,32. -> 1
4,17,23;30(43)47. -> 1
2,3,10,16;19. -> 1
6;9,15,23. -> 1
8,15;21,27. -> 1
2;9? -> 1
1,3,8;14,15,16,25. -> 1
3,8,23,32. -> 1
7,17,20,23,26-28;36,54. -> 1
9;17-18. -> 1
1,2,13,22. -> 1
8,20-22,26,31,39:43,47;50,54;58,71,79,87. -> 1
1,4,15,22. -> 1
1,2,9,10,14,17,18,22,25,26,30,33,34,44? -> 1
6:7,9. -> 1
1,3,4,13,22,27. -> 1
7,9,18,22,32,43. -> 1
1,2,8,9,11,14. -> 1
1,2;6,9,12,17. -> 1
4,16,31. -> 1
8;10,13,20;22,25,32. -> 1
7,13,23,39. -> 1
3,6,11;14,21;24,29;33,39. -> 1
1,5,27. -> 1
4;8,18,25. -> 1
27,42. -> 1
7,10,13,27. -> 1
15,32,48. -> 1
17,20,28:37;43;48. -> 1
1,7-9? -> 1
5;10,20. -> 1
7,8,10,18. -> 1
2,18! -> 1
1,2,19,21,24! -> 1
7-11,16,20,24. -> 1
9,16.16[17. -> 1
1,2,3,9,15,23. -> 1
1,9;10,20. -> 1
5,13;17. -> 1
2;6,8. -> 1
16-18,26;31,37. -> 1
5,11;16,22. -> 1
1,2,6,11,14,18,23;28,32. -> 1
8;11,13,17. -> 1
4,10,14-16,24,25,27. -> 1
16,31,36,43. -> 1
7,9,10,15,20,24,33. -> 1
4,5,7,9,10,15,21,28. -> 1
8,10,11,16,24,31. -> 1
1,2:12;20,23,28. -> 1
2,8:17. -> 1
6,15;20,34. -> 1
9,12,15,17,19,25,28:34. -> 1
14;30. -> 1
10;12,14,17. -> 1
7-8,29. -> 1
0]1,17. -> 1
0]3,4,8. -> 1
15,24,25,26,34;37,47,52;65. -> 1
8;12,17,25,31. -> 1
2:6;13:21. -> 1
3,4,9;18,28. -> 1
2-3,6,9,11-13,15? -> 1
1,4,6,9;18. -> 1
4:12,21. -> 1
1.8,15,22,29,40,43;45,50,53,59. -> 1
2,4,5,7,11,16. -> 1
4,9,11,15,18,36. -> 1
4:8-12,29,33-36. -> 1
4,11,20,24? -> 1
5,11,15,19. -> 2
1,3,14:21,22,24,29,32. -> 1
1,12-13:16. -> 1
3,7.8. -> 1
4,6,10,19! -> 1
4,17:18,25,33,45. -> 1
4;9,14,21,29,33. -> 1
0[2]5,7. -> 1
0[2]3,4,5? -> 1
9,16;25. -> 1
2,4:11,17,26,29,30:32,35,38;44? -> 1
1,6,13,27. -> 1
1,3,10;19. -> 1
2,10,17! -> 1
8-14. -> 2
1,4,8:12. -> 1
10,13;17,19. -> 1
9;18,25,26,27,31. -> 1
10,18,30. -> 1
1,3,4;10,18. -> 1
0]1,2,20. -> 1
1,3,7,20. -> 1
3,4,7,8,22. -> 1
2,8,12,15,22. -> 1
3,8,13,14,16. -> 1
6;13,17. -> 1
15,17. -> 3
7,8,13,15,25,32,44. -> 1
10,13-14. -> 1
7,11-11-19. -> 1
2,6,10,12. -> 1
1,2,10-13. -> 1
1,4,10,15,17,22. -> 1
6,12;13! -> 1
4,6;11,14,22,29,31,36:37,40,43,46,54,57. -> 1
11;23. -> 1
2:5,12:13. -> 1
13;16,18,23,24. -> 1
4,6,13,17. -> 1
6:8,13,17;24,27,36,43,48;52,55,60. -> 1
2;12. -> 2
8,14-15,17. -> 1
7,12,24,37,40. -> 1
1,7,11;17,25. -> 1
5;12,19-36. -> 1
3:10,13,17. -> 1
4,8,12,14,17,22;30,33. -> 1
8,12,17;24:28,33. -> 1
1,7,9,10,11,13,17,22,30. -> 1
5,7,8,11,12. -> 1
2,7:10,20! -> 1
4,11:18,19. -> 1
7;9,14! -> 1
6,7,9,16. -> 1
9,14,19:28,32,35,39,48. -> 1
1,2,9,15,23. -> 1
1,2,7;18. -> 1
10,16;23,30. -> 1
10,17:25,31,33-34,38;44,53,61,71. -> 1
7-8,12-13? -> 1
11.13. -> 1
4,5,8,10-11,18. -> 1
4,9,14,20,24-25,28. -> 1
1,2,5:12. -> 1
1,6,9,12. -> 1
3,9:15,18,22,30. -> 1
3,11,19. -> 1
8;15,28,34. -> 1
4-11! -> 1
7,9,10,15,17-22,29. -> 1
5-8;15! -> 1
9,17,20,22? -> 1
4,8,11,16. -> 1
11-17? -> 1
10,15:20. -> 1
5,8,14,19:23,37,40. -> 1
21:27,31;34. -> 1
2,4,5;13. -> 1
8,15:20,27,32. -> 1
1,2,7,14,16,17,21,25. -> 1
5,13:18,22,29,41. -> 1
1,3,8,17;24,37-39. -> 1
3,4;12,15. -> 1
11,18,23,28,33,34,36,43. -> 1
7,13-14,28;33,35(38)40,55. -> 1
13-14,19,32. -> 1
3,7,15? -> 1
0]1,2,3,4,5,8. -> 1
0]5,8? -> 1
8,14;16,26,34. -> 1
5-11,25? -> 1
4,5,7,17? -> 1
5-18? -> 1
0]3,7? -> 1
2-3,5-6. -> 1
2,16,24;27,29. -> 1
5,13:27. -> 1
1,4,7;19. -> 1
1,3;9,14;17,20.22. -> 1
2,6,8,18! -> 1
5,7,9,14,16,17,22. -> 1
1,6,8,15,18. -> 1
6,7,9,17,24. -> 1
4,16,27. -> 1
3,9,17,21-24. -> 1
6,7,11,15;29. -> 1
6;8,10,12,13,15,19-21. -> 1
6,7;10;12,14,16. -> 1
3:9:13. -> 1
5;9:14,15,16,21,28. -> 1
8,16;22,32;39,50! -> 1
2,4,9,13. -> 1
6,10;11,16,19. -> 1
1,2,8-9;18. -> 1
12:15,16;20,21. -> 1
6,10;17:26. -> 1
1,4:6,14,20. -> 1
3,7,15,22. -> 1
2,7;11,17. -> 1
7,13;21,24,29. -> 1
6;14,21. -> 2
6,13;22;25. -> 1
8,11:14,16. -> 1
7,17,25. -> 1
5,6,15:21,25,35. -> 1
0]3,4,9,13. -> 1
8,14;22,28. -> 1
3,4,8,15-21. -> 1
11;23,31. -> 1
10;24. -> 1
3,4,7,13! -> 1
7,8,11,14. -> 1
7,12;20,26. -> 1
1,8;13,18. -> 1
6:7,10;19. -> 1
1,3,8,12,16,19,29. -> 1
1,8;21. -> 1
5,8,14;24. -> 1
1,5,7;13,17,27;35. -> 1
1,8;20,24. -> 1
1,3,4.6. -> 1
6;21,25. -> 1
5-6-7,18,26. -> 1
8,14;18,26. -> 1
3,5,12;14,16,23. -> 1
10;14,20. -> 2
6;10,19,27. -> 1
7,8;21,40. -> 1
3,13;22,24,28;34,44. -> 1
1,2,3,17. -> 1
1,2;8,10,15,17,25,30,34,38,40,40(48)58;59,66,80. -> 1
1,20,24,42;44,45,47,50,63! -> 1
4,9,17:20,24,32;40,50-52:61,72. -> 1
7,9,14;15,16,23. -> 1
3,7,10,13. -> 1
1,7,13,18. -> 1
2;3,11. -> 1
7-19;27,34. -> 1
4,10-11,15! -> 1
1,3-6,15;24,32. -> 1
4,11,19,25. -> 1
1,3;6;12. -> 1
9;18,23;24,27,32. -> 1
6-15,21. -> 1
6,10,22. -> 1
3,11,14,20. -> 1
2,3,4,5,9,10. -> 1
2-5,10,16,20. -> 1
1,2,4;8,10,13. -> 1
1,2,8,16;26,31,36. -> 1
5,7,10,13,16. -> 1
5-9. -> 3
5;9,14;22,29;35.37,38,42. -> 1
1,8,13;19,23. -> 1
9;16,24;26,30. -> 1
1,2,5;9! -> 1
1,2,4-5,8;16. -> 1
8,13,15,16,21,24,27. -> 1
1,2,4,8;18,28. -> 1
8;16,20;25,31,38;42,47,51,60. -> 1
1,6,10-16. -> 1
1-2-3,8;17! -> 1
3,4;8,9! -> 1
4,6,9,10,18,19;24,30,35;42,49. -> 1
4,15-18,19,23-24,25,32. -> 1
6,35-37. -> 1
4;5,7,12;31,33. -> 1
3-4;13,19,25. -> 1
2,3;7,9,19. -> 1
10.14,19,30. -> 1
5,9;13,17,24,31,35. -> 1
5;6,8,17. -> 1
12,14,18,25,29. -> 1
1,2;4,10:22. -> 1
2,4,6;9? -> 1
1,4,6;11;12,14. -> 1
2,9;15,17. -> 1
1,3,4;13. -> 1
4,7;10. -> 1
6-8,12;29. -> 1
2,6,10;18. -> 1
1,3;4,6. -> 1
1,3;4,9. -> 1
3,7,12,21-22;29,31,33,41,44-53,60,65,70,73? -> 1
13;14,25,32. -> 1
7,12,15,29. -> 1
1,10-11,14! -> 1
1,2,5;9,10. -> 1
1,6,7,13? -> 1
1,7,9-11,12,18,19,21,23,24-26,28,32,33,34-38,40-41,45-49,56! -> 1
7,15,28. -> 1
5,8;11. -> 1
2,4,14? -> 1
1,2,9;17,18,23. -> 1
4,6,7! -> 1
4;9,10,15. -> 1
1,2,10,23. -> 1
9;12,25. -> 1
1,7,19;22. -> 1
4,18! -> 1
1,4;6! -> 1
12,15;19,23. -> 1
9;17;19,21,29,34. -> 1
14,26? -> 1
6,8,10,11,14;27. -> 1
2,15,17. -> 1
7,16;19. -> 1
5;6,7:10. -> 1
8;16,23. -> 1
9,12,24,28. -> 1
6,10;11,15,19,27,32. -> 1
3,6,11-25. -> 1
3;4,7,9,19,21,33. -> 1
10;13,14,21,30. -> 1
4:13;20. -> 1
8,15;23,32. -> 1
2,3;8,9. -> 1
4,8,9,14,15,18,22,26. -> 1
7;10,13,17,26. -> 1
9,26;38:41,46. -> 1
8,17,24,33,40. -> 1
2;9-10,17,24,30,43. -> 1
4,5,6,9,21. -> 1
6,8,12,15! -> 1
8;16,20,26,34. -> 1
1,2,4,12,29,34. -> 1
10:16,20;22,27. -> 1
4,13,18! -> 1
2,5,11,15? -> 1
7,9,12,19;23,27,30,40. -> 1
1,2,11;23. -> 1
5,10,16,25,30. -> 1
2,3:17;30. -> 1
4,14,21! -> 1
20,22. -> 1
10,12,20-24. -> 1
14,17;18,21,22;33. -> 1
21;36-37-38-39-47,48. -> 1
4,5;9,10. -> 1
6;16,23. -> 1
7,15,18,24. -> 1
1,3;16,17,20-26,30. -> 1
6,10,15,29,45,51. -> 1
1,11;13,14,16,19,22,23,24,25,33. -> 1
1,4,10;13,14,15,18,20,22. -> 1
4;17.21,32;36,43,57;58,67,75,77-81. -> 1
6,16,21. -> 1
1,11,21,25. -> 1
2,6,12! -> 1
16;17,20,30,39,46;67;68,71,76;77,85,94. -> 1
4;9,12,23. -> 1
8,13;14,16,23. -> 1
0[7.7] -> 1
2,8;9,21. -> 1
4,6,12;28. -> 1
4,6,8,10,12,14,16,18,24,28;32,37. -> 1
1,5;6,9,18. -> 1
5-8,9,10,11,15! -> 1
10;12,21,25. -> 1
2,5;7,9;14. -> 1
4,10,18,26,33,49,54,65,67,68,71,75,81,85,91,94,100,104. -> 1
15,18,21,23,26,28,37,42,46,51,55,61,66,74,87. -> 1
1,2,10,17. -> 1
5;10,11. -> 1
1,3,9;22;31;41;46. -> 1
4;8,10,18. -> 1
5;8,12. -> 1
5:24;34. -> 1
6,11;20. -> 1
2,6-7! -> 1
4;17;21,29. -> 1
17,21,25,36. -> 1
1,4;6;11,13-14,20,27. -> 1
3,11,17! -> 1
3,4:12,22. -> 1
8,9;10,27,28,30. -> 1
3,11,25;37. -> 1
1,2,3,4,10. -> 1
6:8,10,13? -> 1
1,2,5,7,9! -> 1
1,2,5;8. -> 1
1,7;11,13,14. -> 1
3,4-7. -> 1
1,3;6,8. -> 1
4,5;9,15;26. -> 1
1,2,9,14;19,21-24,29. -> 1
13;19. -> 2
5,10;15,24,27;46;47,50,51-59. -> 1
6,12.16? -> 1
6-8,21. -> 1
27,31. -> 1
5;13,19,25-26. -> 1
0]5:9? -> 1
1,3;7,9,11,14,17,21. -> 1
6;10,18;23,31. -> 1
4,11,20;21,28,33. -> 1
4,8;14,17. -> 1
1;11,12. -> 1
1,2-3,7. -> 1
5;6,7,24. -> 1
9;18;27;34. -> 1
3;7;11;16. -> 1
1,2,5-6! -> 1
2-11,31. -> 1
2,3,31. -> 1
26;43. -> 1
3,18? -> 1
14;19,27,38. -> 1
1,3,21;33. -> 1
7,12,21,25? -> 1
3,4-8,10,15,19. -> 1
1,14,22. -> 1
7;22,29,34. -> 1
12;20;24,26,29,33. -> 1
15;26,31. -> 1
1,2,3,7-8. -> 1
11,23,30. -> 1
7:24. -> 1
13,22? -> 1
7-11,28? -> 1
9,16,22? -> 1
15,19,23,28,41? -> 1
11;19;28,34. -> 1
6,8;19,29.32. -> 1
9,15,16,18,26,35,44? -> 1
3;8,9,13. -> 1
13,17,18;33. -> 1
1,2,3,10,12,19,28,30,39;50;52. -> 1
3,4;5! -> 1
23,30. -> 1
13:24. -> 1
3;14,19. -> 1
5,7,23;34. -> 1
4[9.9] -> 1
2,4,26. -> 1
5,14;17? -> 1
8;15,18. -> 1
1,2,5,6. -> 2
6,9-11! -> 1
1,2,8;18. -> 1
9;16,21,27,33. -> 1
7,11,17;23;41,46. -> 1
12;14,21,25,28,34,42;44,52,59? -> 1
3,8;15,16. -> 1
4,6,10,14;17,20. -> 1
4;15,17,22. -> 1
3,7;9,14,17,30. -> 1
18,28,37,54,71. -> 1
2,4,21-26;37:38,39,40! -> 1
7,17;23,27;29,31,32. -> 1
2,3,4,5;11. -> 1
6,9,11,13,15;16,19,24. -> 1
3,5,7,10;16. -> 1
18,20,26,30,37:41-42,44,45-46;55,64,73,87. -> 1
7;9,10,11;17! -> 1
3;4,5? -> 1
2,3,14:19,26,32. -> 1
11,18;24! -> 1
10,14,19;22,34,44. -> 1
6,9,12;14,17,24,30,35. -> 1
1,2,3,6,9,20! -> 1
10,15,17,22,25,29! -> 1
3-9,18,25. -> 1
3,5,8,10,11,13,14,15,16,17,18,19,21,26;44,54,56,62,64,68. -> 1
9,16,20? -> 1
1,5,8,19,23:30;42,46. -> 1
2;14,18.18[19. -> 1
15;33;45,51,56,61,65,73-79. -> 1
10,15-22,31. -> 1
4,15,23! -> 1
10,16,19,23;37. -> 1
6,10,14,18,24. -> 1
2,4,17,19,20,35;47? -> 1
1,5;17,25. -> 1
4,5;12,21;25,29! -> 1
1,2:3,4,5! -> 1
4;8;13,16. -> 1
3,4,5,7,8;12! -> 1
1,2,7;13. -> 1
5,10;21. -> 1
1,4;9;15,20. -> 1
8,19;23,29. -> 1
3,14;24,34! -> 1
6:9,14,18,26,28,36,44. -> 1
4,9,13,18;27,30,33,41,47. -> 1
9,21,29,32,34,47,51;54,62. -> 1
2,10,13,17. -> 1
15:18-20,21,23,24,25,26,28,36,42. -> 1
4,7-14-16. -> 1
16;24,32,34,43. -> 1
7,12,30. -> 1
3,8:14,21:24,27,33,37,41,45:52,58,71,75,79,82,85,92,95:105,109. -> 1
2,9;19. -> 1
2,9,18,19,24,32;40,55. -> 1
2,3,13,18! -> 1
9,12,17;25,44. -> 1
7;11,14. -> 1
2,3;4,5,13. -> 1
3;4,5,15. -> 1
1,7,21,28. -> 1
1,2,7,15,18;31. -> 1
1,2,3,9,10,13,18. -> 1
3,5,16-17. -> 1
1,4,9,13,20;28,38. -> 1
1,3,22;30. -> 1
9,17,29,42,47. -> 1
1,2,5,11,19,24. -> 1
9,14,21,22,26,26[28]32,42-63. -> 1
1,4,9,15,23. -> 1
7,20,25. -> 1
1,2,3,8;17! -> 1
4,7:23,27,28,30? -> 1
2,7,10,15,23. -> 1
3,5,8;14. -> 1
7,23! -> 1
1,2,9,22.23,27,33,41. -> 1
0]6,15,22,32. -> 1
4,17,26,30,32,40,43,45,49. -> 1
6.12,17. -> 1
4,18,34,41,43,47. -> 1
4,11;15,17. -> 1
3,6,7,8. -> 1
4,9,18,21,25,34,43. -> 1
4;11,14. -> 1
4;14,18;27,35. -> 1
3,9;10,18,27. -> 1
4,16;31. -> 1
4,9,16,32! -> 1
10,13,19;22,35. -> 1
9,10,14,17,25. -> 1
8,17;26,35. -> 1
7;13,16,20,26.27. -> 1
5;6,12,20,34,39;51,61,67. -> 1
8:14,20,23,26,36. -> 1
1,3,4,14;20,21,23,27,29,32,33,34,37,40. -> 1
7,14,21,28. -> 1
3,15;24;34.35,36-38,48-50? -> 1
6,15,16,24,33. -> 1
2,7,13,16,28,32. -> 1
1,3,4,8,9,14;22,27. -> 1
7,16,24. -> 1
1,5,14,23.24. -> 1
10,20,23. -> 2
4;6,8,18,22,28-31,39,45. -> 1
3,6,10,14,16,23,31,41;57. -> 1
8,10,12,15? -> 1
2,4,9,21,36. -> 1
9,10,12;13,19,23? -> 1
4,8;12,15. -> 1
1,7;17. -> 1
1,11,28. -> 1
1,4,5;7. -> 1
0]2,6;7,9;11,15;16,17,19;20,22;24,25,28;37. -> 1
1,5,8,10-17;19,20,25,35;45,62. -> 1
1,3,7,9,13,16,25. -> 1
1,4;9,16,18. -> 1
8,12,14,19;29,36;45,48,53,59. -> 1
1,3,15,23,29. -> 1
1,4;9,15-16-18. -> 1
1;4,8;17,25. -> 1
5,7,10,12,17,29. -> 1
2,4-6,11;21. -> 1
0]7;11,16.18,25,32. -> 1
0]1.2,3! -> 1
4,9,17,26,34,41,49;58. -> 1
7;14,15;17,31. -> 1
2,5,7;15. -> 1
9,11-14? -> 1
4,5,17;32. -> 1
1,3,16! -> 1
1,2,4,5-7! -> 1
3,4,6,15,18,23,33. -> 1
2,4,14,15,19,20,26? -> 1
1,2;6;7,10. -> 1
9:22,25. -> 1
6,6[7.7] -> 1
2,8,14;14[15.15] -> 1
1,6,23,32. -> 1
2,12,16? -> 1
0]13,16. -> 1
1,2;7,10? -> 1
1,5;7,9,25. -> 1
13,18,19? -> 1
2,4-10,17? -> 1
0]1,4,6,10? -> 1
5[19. -> 1
5;6,9,12. -> 1
7,15;17,19,24. -> 1
5,6,8,23,26,29,32;40,42,43,44. -> 1
1,2,23. -> 2
4,10,12,14,16,20,28,37. -> 1
2,7;23. -> 1
1,2,8,17,26! -> 1
1,5,9,17. -> 1
1,9,26? -> 1
4,5,9;17,26,41,42,44,50-52. -> 1
1,4-6. -> 1
2;4;27. -> 1
3,8,19,24. -> 1
1,2,5;6,14! -> 1
6;10? -> 2
3,14,22. -> 1
4,10,16-19? -> 1
4,16;20,25. -> 1
6;17;26. -> 1
1,2,8,15,19. -> 1
1,12,14,16,22. -> 1
18,22-27? -> 1
4,8,10,12,17,28,33,42? -> 1
9;14,17,21,25. -> 1
9,15,24,37. -> 1
1,9,13,23. -> 1
1-3,4,8. -> 1
1,3,15? -> 2
6,11;15,18,27. -> 1
3,8;12,16,22. -> 1
10;20,24-28,37. -> 1
0]2,3,19. -> 1
0[3,9. -> 1
5,16;26,35,40,51,57,65. -> 1
9;19? -> 1
13,19,22,30. -> 1
2,8,16;17,19,25;28,29,32,47. -> 1
1,10,17,25,42. -> 1
7,8,13,16. -> 1
1,3;7? -> 1
6,10;20. -> 2
6;10;11,14,20,27. -> 1
2,4,10;33. -> 1
10-11-16. -> 1
10-25. -> 1
9,15;30. -> 1
6.23;32. -> 1
4;9,14,17. -> 1
2,8,14,18,24,30. -> 1
6-8,16,25. -> 1
5,11-13,20-30? -> 1
0[10,13. -> 1
1,9,16,25. -> 1
2,7,17! -> 1
5,16,19,23. -> 1
1,4,10,13,16. -> 1
1,6;10;21;29. -> 1
8,17.18. -> 1
6,10,12,20;28? -> 1
4;7,9,19. -> 1
8,9,15,17,20. -> 1
8,11,12,18,21,25,29,32,49,53. -> 1
8,12-15,22,28,35? -> 1
2,3,15,16,17,19. -> 1
3,5,14,29. -> 1
3,6,12-14. -> 1
1,2,7,16,24;31,38,45. -> 1
4,5,8,16,21-23,32,41;56,64,69-71,73,80,83,87,111. -> 1
7,15,23,31. -> 1
3;9,13. -> 1
6;7,14. -> 1
2,8,16,20,26,35. -> 1
8,15,23,28,32. -> 1
13,15,22. -> 2
4:12,14. -> 1
1,3,5,14? -> 1
0[7,15. -> 1
4,8;12,16;19,23. -> 1
8,9-11,17,25. -> 1
2,11,28. -> 1
1,2,5,6,10-14,23? -> 1
10;23-26-27,29-37;49,56,65;66,71,75,89. -> 1
1,6,10,16. -> 1
14,20,28. -> 1
1,2,16,20,28,33,47. -> 1
3,5,6,12,13,17,21,24:28,34,40. -> 1
5,11,14,23,31. -> 1
6-7,8. -> 1
3,4,6,7. -> 1
1,2,4;5,6;12,24. -> 1
9,16,23,33;53. -> 1
8;9,10,12,15,22,28,36,39,44. -> 1
2,6,10;16. -> 1
3,14,21;25,26,30.31. -> 1
3,5,9;11,18. -> 1
5,6,23. -> 1
9:18,21,24,31,32,37,46,50,63. -> 1
4,6,10,14,18? -> 1
7,10;20. -> 1
6,8;14. -> 2
1,3,4;8,10,12,22. -> 1
1,8,10,14? -> 1
10,17,25,28,33. -> 1
1,2,10! -> 1
9,17,22,30,34-39,43,56. -> 1
3-4-8;16,23. -> 1
2,3,22. -> 1
10;12,17,23. -> 1
0[2,3,4,5,6,8. -> 1
1,2,8;24. -> 1
13,24,25,30. -> 1
2,13,22,29. -> 1
1,4;9,17,19;22,24,33,39. -> 1
8,13;23. -> 1
1,6,9,15. -> 1
2,8-13! -> 1
1,8,15,22,25,29,37. -> 1
2,8-12. -> 1
2,9:17? -> 1
2,6,14,18,23,30,42-46. -> 1
2,8,17;39. -> 1
5;6-8,11. -> 1
1,14;20,33. -> 1
4,8,13;17,19,24. -> 1
8,22;39? -> 1
1,3-4-7,15,19,22. -> 1
3,6,10,17,39. -> 1
0]1,16. -> 1
1,9,18,29,31,34. -> 1
4,9,15,17,20.23,35,43,50,58,61,62,65,72. -> 1
14,18,23,28,32.44,51. -> 1
1,13,19,26,30,36,38,48. -> 1
1,2,3,7,10,13,21,28,37,40,42,43,45;52,53,54,60. -> 1
10,18,22. -> 1
5,14,18,22,27,32. -> 1
9,23,39,42. -> 1
3,6,14,20,26,34. -> 1
6,16,21,33. -> 1
3,12,22,31,41. -> 1
5,8,15,17! -> 1
0]7,9;13,18,24. -> 1
3,14,16. -> 1
6,15.16,18. -> 1
1,6,9:12,16;26,27,30,35. -> 1
4,14,19,21,22,26,42,48;57. -> 1
3,4,5:10,16,20. -> 1
8,12,15,19,25,29,36. -> 1
8,13,19,28,35,39,48,63,64,73,83,92,97. -> 1
0[10]12. -> 1
3,7,10-14. -> 1
7,12,17,22,26,32. -> 1
1,6,9,13,15,17,21,29-31. -> 1
4,6-8,17. -> 1
4,5,22. -> 2
6,9,13,14,19,23. -> 1
4,7;15. -> 1
4,6-8,18. -> 1
0[3]4,5. -> 1
4.12;18. -> 1
9,14.30. -> 1
3,7,14,19,26,39. -> 1
10,18.22,24,27,34,40. -> 1
1,5,11,12,16. -> 1
9,19,20,29,35? -> 1
8,21;34. -> 1
6,9,11;13,15,20. -> 1
7,10,14,27. -> 1
5,17! -> 2
1,5,13,17,21,34. -> 1
0]4-13;21,24;27,28,29,32,45;48,58,67! -> 1
4,20;24,31;35,42;46,52,63. -> 1
5,10;15,20;25,38;43,48,60;65,70,80. -> 1
7,8,14? -> 1
1,8,13? -> 1
4,6,9,13,21-28. -> 1
2,8,28,36,53,60. -> 1
5,8;13,15,17,20. -> 1
14,18,23,26,30. -> 1
10,16,21,27? -> 1
4;9,14,19. -> 1
5,7,9,13,20. -> 1
4,7-9,12,22,30. -> 1
4,5,6,8;12,25. -> 1
2,3,13;20,22,24,31,38,53:62,67,70! -> 1
4,8,16,20,25. -> 1
15,17;19,22. -> 1
4,12;26,31. -> 1
11,19-25,33,39. -> 1
12-21. -> 1
2,6,11? -> 1
3,11,12. -> 1
0]6,9,13. -> 1
1,6.6[9. -> 1
10;14-23,32. -> 1
1,11,20. -> 1
8,10,12,14,16,18. -> 1
5,6,10! -> 1
3,8,13,21. -> 1
3,9,12! -> 1
4,6,8,13,17. -> 1
9,13,23,29,33;37,43,48-50,51,53,54. -> 1
3,12,26! -> 1
4,7,9,15! -> 1
12.13,14! -> 1
0]2,4,6,7,9,11,13,15,19,20-21,24,25-26-28,29,31-32! -> 1
7,11-12! -> 1
5,7,11,18,23,25,29. -> 1
5,12;13,20,25. -> 1
4,7;15? -> 1
5:8,13. -> 1
4,27. -> 1
7,18;23. -> 1
1,5,8,12. -> 1
4,8:13. -> 1
6,10,23,36. -> 1
23,40. -> 1
5,13,15? -> 1
2,10,16,19. -> 1
3,17,22. -> 1
10:12,17,21. -> 1
19,25,31. -> 1
12;17,22,33. -> 1
14;15,18,30. -> 1
8;14,19. -> 1
7,11,14;23,32,33-34. -> 1
3,8,10,13,20,28,37,43. -> 1
12,15,32,36,42. -> 1
0]1,4,8,17. -> 1
6:14,15,23. -> 1
7,18,26. -> 1
15,22! -> 1
14,21! -> 1
8,12;13,14! -> 1
4,6,7,24,25,29,36,40. -> 1
7,9,16:26,32. -> 1
1,7,14,32,36. -> 1
10,14,22,28,34. -> 1
10,15,29,36,42. -> 1
2,11,20,27,36,38,42,50,67. -> 1
0]5,6,7-11,18? -> 1
1,4,9,12,17. -> 1
7.7[9. -> 1
22,28,36. -> 1
4,10;10[14.14] -> 1
8;9,11,14. -> 1
2,3,4,5,6,11? -> 1
4,10;20,25! -> 1
3,7,18;22. -> 1
3,7,9,14. -> 1
12,19,20,25,33. -> 1
4,12,16;29. -> 1
6,8,10;13. -> 1
7;9,23,27. -> 1
3;9,13,17,25. -> 1
8,15,27. -> 1
6,10,22,30,35. -> 1
6,13,14,21,28,31. -> 1
4,14,15,19. -> 1
9,13,17-18-19. -> 1
15;20. -> 1
5;10,14. -> 2
5,7,12,18-20,23. -> 1
2,5,9,18. -> 1
2,9.10. -> 1
7,9,16,24. -> 1
2,3,4,9;18. -> 1
3,5,13! -> 1
1,10,12,17. -> 1
7,15,25,31. -> 1
3,5,20? -> 1
1,3,6,20. -> 1
15,21,27-28,34,42. -> 1
11,13,21. -> 2
6,13,19-23. -> 1
15;20,25. -> 1
8;12,21,28:31,34,40. -> 1
3,10,15! -> 1
6;7;13. -> 1
5-6,14. -> 1
8,14,30. -> 1
2,4,12;17. -> 1
4,10,24.31. -> 1
9,14,20,25,31,36,43. -> 1
11,20,29,40. -> 1
5,8,22,29. -> 1
8,12,16,20,24,28,32,36,40,44,48,52,56,60,73,79,85,91,103,125,126,127,128,132. -> 1
0]2,3,7:13,17! -> 1
2-9,10. -> 1
4;9,11,23. -> 1
3-7,14,19! -> 1
1,4;10,14. -> 2
6;9-10,16,24. -> 1
2-4,9;18,22,30. -> 1
2;9,10,12,13. -> 1
1-6,13. -> 1
0]2,3;9;12. -> 1
3,10,11,14,23,33. -> 1
11;24:30. -> 1
5,6,7,10,15,16,19,26,27,28,30,35,37,41;42,44:46,50,54,55,58;65. -> 1
1,2,8,13? -> 1
1,10;14. -> 1
0]4:18! -> 1
1,6,15:25,27,29,37;44;49,55. -> 1
2,4,12;27. -> 1
1,2,3:15. -> 1
8:17,22? -> 1
1-1-2-2-8. -> 1
5:10,14:16,18. -> 1
4.6,20,29,34;35,44,51,61;67,72,80. -> 1
2,9,14! -> 1
8,15,20,23:26,31;32,36,42,44,46,50:53,59,63. -> 1
12,16;27. -> 1
5,9:19;26,31,33,35. -> 1
4,8,9,14. -> 1
5,8:15;22. -> 1
2-3,4,9. -> 1
4,5,10:18. -> 1
9,14,18,23,25. -> 1
3,12,18,23. -> 1
7;8,16,21,34,39,46,58. -> 1
4,5,7,9;23,31;33-43,48;57,64;67,72,79,85,98:107,117;119-126,137:146,148,157. -> 1
12,17;19,20,26-29;35. -> 1
4,11.12,14,21? -> 1
8,16;25;33,42. -> 1
1,2-5:16,25. -> 1
1,2,8,13.14. -> 1
5,6;12,15,23. -> 1
3,8.11,22,26. -> 1
13,15,17,21-22. -> 1
5;7,11,16,20,28:34,36-46,48,50,52,58:66-71,77,85. -> 1
3,4,7-10;24;32;38. -> 1
5,12:19,24. -> 1
3,5,10,16:18,19:24. -> 1
1;3! -> 1
4,7;13. -> 1
8;10-16,22,26,32. -> 1
14,17,20-30;33. -> 1
2,4,9,13,18? -> 1
1,4,9,10,11,12,13,15;18,22,29,32;39,46,52;56,62,64-65;67-69;72-73,76-77,82:87,95,99;104,108-109,113,117;121:122,124,127. -> 1
7,10,13,14,16,20,27. -> 1
5;21:25,31. -> 1
4;7,14. -> 2
2,12,21,27. -> 1
4,9;16;19,24-25,31:36. -> 1
0]10,12;16,17. -> 1
0[4:5,8,12,14,18,23. -> 1
1,3;4,6;7,10;11,12;15. -> 1
4,5,8;11,16,24,33;41,46,51,55-56,61. -> 1
1,9,18;23,27,32:38,39,41,48,49,52,55. -> 1
6-17. -> 1
2,9;13. -> 1
4,8,9,10,16,17,18,23,24,25,30,31,40,41,43. -> 1
4;10,13,20:25,31. -> 1
8;15,18;25. -> 1
14,26! -> 1
4,8:17;22. -> 1
0]2,3:5. -> 1
8,24,29,32,36. -> 1
0]4;5,12,15,17,25. -> 1
2,6,19:21,23.31,39:49;58. -> 1
3,8,9;13:18,19,21-24! -> 1
2,3,4,5,6,7,8. -> 1
6,7,10,13,16. -> 1
5,10:15,20.21. -> 1
4:14-15? -> 1
12;18:30;41.42. -> 1
1,6:12,16,24,28-31. -> 1
5,8,14:24;35. -> 1
1,2,4:10,19. -> 1
4,8,14;19,20. -> 1
12;20;23,26,30,34.35. -> 1
1,10,13,20. -> 1
2,5,6;14;18. -> 1
1,3,8,16,24. -> 1
1-2,7,13-14. -> 1
4,5,12! -> 1
2-10:13,18;20,26,27-28-30,33,36. -> 1
1-2,5. -> 1
3:12;16:19,22. -> 1
2,7:15. -> 1
3,12;22. -> 1
1,10,12,13,15. -> 1
4:11,18;20,26;35-36. -> 1
13-17. -> 2
11,28:37;57,63:65,67,72,79.80. -> 1
1,5;12! -> 1
10:19;26,31.32. -> 1
2,4,8:24! -> 1
1,2-3! -> 1
7;12;17,22. -> 1
4,8:15,18. -> 1
3,4:13,18. -> 1
2,3,6:12,16. -> 1
11-12? -> 1
8:14,17. -> 1
4,6,10;21. -> 1
5:12;16. -> 1
0[4]11:15. -> 1
4,5;12. -> 1
9,15,28-29. -> 1
10,13,17,19. -> 1
6,8,26. -> 1
12.15;20. -> 1
0]1,38,39,45,49,50,52. -> 1
7,11:15,18,24. -> 1
12,22. -> 5
13,17;24. -> 1
5,9-10,15,18,21,28,32;41,50,54;64,71;78,87. -> 1
10,11,12,15,20-23! -> 1
10,12,14;27. -> 1
2,4,8:13,18. -> 1
7-7-7-7-8,24-25. -> 1
4,13,17,18,27. -> 1
4,12,21,24;26,30,34,40;42,44,55,58,64. -> 1
9;13;21;26. -> 1
2,10;16;23. -> 1
6;15;23,43;51-53,57,61,71,79. -> 1
1,2:8,21,25,32,36,42,56.57. -> 1
7;12,15;22. -> 1
2,10;16. -> 1
5,12;13,14,15,20. -> 1
4,7;10,14-15. -> 1
3,7-8-9. -> 1
5,7,9:21,28. -> 1
5,13;32. -> 1
1,9,18,25;27,29,35,44. -> 1
5,7,10,19. -> 1
9,22,27-30,35. -> 1
1,3,7;8,11,13,20,27. -> 1
5,9,13;20,24. -> 1
0]1,23,27. -> 1
10,20,22,26,39,48. -> 1
1,5,9,13? -> 1
6;8,12,20,26;30,34,41:43,45,51. -> 1
2,3,5;8,12,14;22. -> 1
3;10,11,16:24. -> 1
0]1;9:10-14;20-22,25,31. -> 1
0]5;9. -> 1
2,3,7,9,11,15. -> 1
10;20,25,29. -> 1
0]12,19. -> 1
1,2,6,10,16. -> 1
4;10:13,17,21,28. -> 1
20,21,31. -> 1
0]3,5,10. -> 1
1-6:7:8-9. -> 1
5,9:13,20.26,32. -> 1
0]1-3,6;8. -> 1
4;7,10,14. -> 1
4,8,21;30,38. -> 1
1,14,25. -> 1
2,10,15! -> 1
3,7,13;20,24,32:39,47. -> 1
4,8,10! -> 1
5,6,7,8,11! -> 1
11;17,23-25:35,41;45,52,57,61. -> 1
13,17,18-26. -> 1
11,15.20,23,30,32,35,38:49. -> 1
2,9;13,16,23:32. -> 1
8;12,27-30;34:40;41,51,55:62,66,71,82,92,97. -> 1
12,17:21,22,25-29,37;41,47. -> 1
7;11,13,18,25,35. -> 1
4;10;14,18. -> 1
2,5,6,13,19-20? -> 1
7;11,13,21,28,33. -> 1
12,13,17,25,28,31,32,33,35,40:41,44,50,66. -> 1
4,9,14;19,21,24,29. -> 1
1,15,22,29. -> 1
1,4,12,21;29. -> 1
5-6! -> 1
4,19;27. -> 1
1,9,15:25. -> 1
10:16. -> 1
5,11,13,20! -> 1
9,11,14,15,17,24,30,38,44,49. -> 1
2:5:14. -> 1
2,4,9,13,19,23. -> 1
4,7,16,18. -> 1
2-16! -> 1
4:8:11. -> 1
1,2,8,15,20,24. -> 1
4:7:12. -> 1
9:17,25. -> 1
4:8,13:14,15. -> 1
1,2:4? -> 1
0]5;9,14! -> 1
9,17,32? -> 1
8,16;21,22,23,24,31,46? -> 1
5,17,19,21:31,39,47. -> 1
1,8,15,17-21. -> 1
6,13,15. -> 1
5;15;20,25,30. -> 1
1,4,6,9,12,15;16,19,26. -> 1
10;19,25,29. -> 1
3;7! -> 1
9:13;19. -> 1
7,9;18,28. -> 1
1,3;9,14:24. -> 1
7,15;20,22,25,32;37,39! -> 1
5,21;23,25,34;45,54,56,57,59,62,66;70,74,84,89,95. -> 1
2,4,6,7,11,15,20:28,33. -> 1
3,7,11-15. -> 1
2,4,8:17,24. -> 1
5,6,17? -> 1
2,3;5,6. -> 2
3,6,9,13! -> 2
0]1-3,4;5,8. -> 1
1,2:7,17. -> 1
5:18. -> 2
0[2]3,5,6! -> 1
2:8,15. -> 1
1,2,10;23. -> 1
6;14,22. -> 1
4,9,16:21,23,29. -> 1
1,3,6,21:29;30,33,37. -> 1
6:10,11,12,13,15,19,24. -> 1
7,11,17;25.34;42,53,61. -> 1
0[2]4,6;8? -> 1
1,5,10;21,29. -> 1
1,2,7,13! -> 1
2:5,14. -> 1
3:3[4.4] -> 1
1,4,11;12,15,19:27,37. -> 1
4,5,11,16;17,22,28. -> 1
12,16,22;24,31,40,47,51,55:63. -> 1
1,4:13,30:31,39,48,52,58,61,67,72;73,82,101;108,110,116. -> 1
1,2,6;12. -> 1
1,5,10,16,23. -> 1
1,5;11? -> 1
4,5,8,12-17. -> 1
3;11,19-20. -> 1
5,17;26,33. -> 1
7,11,26. -> 1
9,14-16,21,26;35,38,42,44. -> 1
0]1,9;16. -> 1
0]4;6,10. -> 1
0[1]2,9. -> 1
8,13;20,29. -> 1
1,6-8,26;28,30. -> 1
2,4,6-8! -> 1
1,3;9,19. -> 1
0[1]12. -> 1
1,5;10,12-13,15,18;29. -> 1
9,13,15,17;22,30,33,35. -> 1
1,2,10;14. -> 1
1,5:10,18. -> 1
10,18;22,31,35. -> 1
1,4,8:33:41. -> 1
7,16;33. -> 1
5,12:18. -> 1
1,9;13,18;22,27. -> 1
1,3;9? -> 1
1,7,9,15. -> 1
2,9,21,37. -> 1
5,9;14,19;23,35;42,45,49,53;54,69;70,72,77:88,96. -> 1
8,12,18,20,23,32,37. -> 1
9:10,18. -> 1
0]1,5,6,7,9. -> 1
2,3-4,5-8! -> 1
2,3;4,5! -> 1
9,15,22,28. -> 1
5:5[7. -> 1
7,14:15,17! -> 1
2;4,7,8. -> 1
5,10;20;25,30:32,34,35-36,41,47. -> 1
1,5,14,24,28;42. -> 1
4;6,8,10. -> 1
3,4,9;12. -> 1
1,2;5,6;10. -> 1
2,4;9,10;17. -> 1
4,6;10,13,15,17,19,21,23,25;29,33;48. -> 1
1,2,6,11;12,14,19. -> 1
3,9:18,31,37,46. -> 1
2,4,9;12,14,18. -> 1
1,5,7,11. -> 1
3-6,7,9-11,12,15,17;23,24. -> 1
2,4;9;14,18. -> 1
2,4:9. -> 1
1,2,8-9:13,18;20,25. -> 1
1,4,9,18,22. -> 1
2,10;21-25,32;35,48:50,55,66. -> 1
3,7,14:18,23;27,32.33. -> 1
4,5,17,21:27,35. -> 1
1,5:10;15,22. -> 1
1,4,4[5]8;9,14,19. -> 1
1,4,10:11,17. -> 1
1,2:5;9;15. -> 1
1,6,10;14,18;28. -> 1
2,12:13! -> 1
1,2;6,7. -> 1
9:21,26;31:37;49,56. -> 1
3,5,12;13,17,23,28;30,33. -> 1
8;16,20;21,25;31,35? -> 1
1,10,14;17-18. -> 1
1,6;10;20;24,30. -> 1
1,12,15,19;24,28,34. -> 1
9,15:17,25,33:38,43,53,59,62. -> 1
9:13,23. -> 1
1,4:13;22,45;55,61. -> 1
1,3,5,6. -> 1
3,4,8;17. -> 1
12,16,29,35,38;47,57. -> 1
3:8,10,16,24. -> 1
1,3:19:23,27,32,37;41,46;54,60;63,75-76. -> 1
2,4;16! -> 1
1,2,9;10,13,18,27,36;45,46,61. -> 1
1,4,6,9;11,16,20:34;37,39,43. -> 1
3,6-7. -> 2
4,9,13,17,26;34;37,40. -> 1
2,4:10;20.22. -> 1
6,8,10,18;22,23,25,29,33-35. -> 1
1,3,4:6,10. -> 1
1,2,3,4;10. -> 1
6:10,14;18,22.23. -> 1
4,9,17;22,27. -> 1
2,7;8,16,17. -> 1
3:13. -> 2
4;5,18:22;37:41,47;53,59:65,70,80:85,96,100. -> 1
1,4,9;16;21,26. -> 1
11:12! -> 1
7;17,25;33,37,41;48,51,56,64. -> 1
9,18;19,25,26,29? -> 1
1,4;8,9,16-17;24,33:41,50;54,60;70. -> 1
1,9,11,13;19. -> 1
5,7,11:20. -> 1
1,4,11,17,24. -> 1
4,4[6.6] -> 1
5:11:15,16. -> 1
2,3,8,9,16,24,26,29. -> 1
0]4,5? -> 1
3,5;6,8. -> 1
0]7;11,12,15,22. -> 1
1,3,5;10. -> 1
3,4,10;15,18,24,28. -> 1
3,5:8. -> 1
1,2,6,18,24,27,32. -> 1
1,9,12? -> 1
2,11;12,17;19,26. -> 1
2,8,19? -> 1
1,4;18:20,22,25. -> 1
1,2,6:14. -> 1
1,3.7? -> 1
2,3,23. -> 1
2,5,8,17;20;25,28,34,35,38,41;50,59. -> 1
1,6,8:11,15,23,38;43,46. -> 1
4,8;12. -> 1
6,12;20. -> 1
2,3;10:14,19,28. -> 1
3:9;16. -> 1
1,2,5:8,9? -> 1
5,6,13,21,40. -> 1
11;12,15;19,25-26. -> 1
4,5,9;18,26,32. -> 1
1,9,18.20,21,29,33;40:43,48,49,54,58,62,63,71,81. -> 1
2,10;12,23,31,39,43,54,58,61,63,68,78:86;88,92. -> 1
1,15-18? -> 1
1,2;7;8,17,19,20,23. -> 1
1,3,6,9. -> 2
2,10,21. -> 1
11,19.20. -> 1
4:11,13,16;20,21-22-23,28,32,34,35,37,44-46,50. -> 1
1,2,3:8. -> 1
1,2,10,22:26,27,31;38,39. -> 1
4:9! -> 1
3,7:8,12;19. -> 1
2:6? -> 1
1,2,4,5,9. -> 1
1,5,14,17. -> 1
2,3,4:9,16. -> 1
1,8,17;26. -> 1
1,2,9,16,26,36. -> 1
1,2;4;6;10,15. -> 1
2;10,18,28,36,42. -> 1
3;14:24. -> 1
2,3,9,21? -> 1
10,12,14,18,29,37,44. -> 1
1,8,11? -> 1
2,3,4,6,7,10,13;22,32;34,35. -> 1
2,3;4! -> 1
2,8;18. -> 1
2,3,9;19;23,36-39,43,49. -> 1
1,5,14;16,30. -> 1
1,2,6,14,29. -> 1
1,12,15,22,28,47,55,59,69. -> 1
1.2;4,8. -> 1
3,17;18,21,26:33,40,49:57. -> 1
9,10,14,21. -> 1
1,8;11,17. -> 2
4,9:23. -> 1
7,10,24,32. -> 1
4;12;13,17. -> 1
9:13? -> 1
8,14;19. -> 1
4:9:13? -> 1
3,6-9,14:28,37. -> 1
5,11-12;16,20,24-25,32? -> 1
1,8,11,15,23! -> 1
9,17,22,28:29,34,44-45. -> 1
8;15,20. -> 1
6;14-16,22. -> 1
17,26,27,34,41. -> 1
1,9,14;21,27. -> 1
5;6,7,16. -> 1
2,10,18,28. -> 1
7-7-8. -> 1
7;8,17,25. -> 1
11-17;21,25,35? -> 1
3:4,5,17! -> 1
4,9.16,25;33,42. -> 1
4:9,17. -> 2
1,7,9;17,26;28,35. -> 1
1,4,8;10,16,22-25. -> 1
7;12,20,25. -> 1
0[5,8. -> 1
6,7:10,12. -> 1
10,19,25,31,34;39,43;62,71,76,77,85:88,97. -> 1
1,2,3,4;9. -> 1
14,22,26. -> 1
24,33. -> 1
0]1,5:8,17,27. -> 1
1,3,8,10,12,17. -> 1
4,10,22. -> 1
1,7,10,12,14,19. -> 1
8,10,13,22. -> 1
7;12,15-16,19,29. -> 1
1-9. -> 1
0]9,23. -> 1
0[2]4,8. -> 1
1,7,8,11. -> 1
0]1,2,14? -> 1
7,8,9,12;19. -> 1
3,4;13,29. -> 1
0]1,8,10,13,14,16. -> 1
3,13-16. -> 1
1,4.5,9! -> 1
1,9;19-21. -> 1
8;23? -> 1
2,4,7,11,23. -> 1
3,7,16,24,24[31. -> 1
0[1]2. -> 2
7-8;21. -> 1
16,28,37. -> 1
1,2:8,11,17. -> 1
0]7,8,9. -> 1
11,23:32:35,47. -> 1
2,8,16,19,25. -> 1
12;13,21,26. -> 1
3,7,16,23,32. -> 1
0[2,4,7. -> 1
1,4,5,6,9,11,13,23. -> 1
13:18,26;33;41,49. -> 1
3,8,11,16;19,28;44-50. -> 1
4,12,13,17,26;34,42. -> 1
2,9,12? -> 1
2,3,4,6,8. -> 1
3,7,9,13. -> 1
2,4,6,9. -> 1
2,4,9,17,27. -> 1
7;8,9,13. -> 1
1,11,21. -> 1
3,6,9,12! -> 1
1,2,9.13,15,18. -> 1
1,2-3-9. -> 1
6,15,18,21;27,31:37,42,46,52. -> 1
1,2:9,17. -> 1
1,3,7,10? -> 1
1,2,3,4,5,7-8! -> 1
2-3,5-6! -> 1
1,6-10;19. -> 1
1,4,9,15,22? -> 1
1,4,9,16,23,27,30,46,49,54,59;60,63,72,73,79,82,86,95,98,100,102. -> 1
3,9,19,34. -> 1
1,5.6,8,16;32,33,37,43. -> 1
4:5,12,18. -> 1
1,9,24? -> 1
3,7,15,20,28,39. -> 1
2,8,20;24,34. -> 1
5;12-13,15-24,31. -> 1
1,16,32,42. -> 1
8,11;15,22,29,39,44. -> 1
2,7;16. -> 1
1,2,16;20,23,30,31,37,44. -> 1
9,31? -> 1
2,9,14,17,25. -> 1
4,13,18:23,27,33,42. -> 1
2,3,7,9,16. -> 1
3;19. -> 1
4;10;14,26. -> 1
4,8,14,16,17,21,32. -> 1
4,11;15,16,17,18,22,26,32,41. -> 1
1,7,9,17. -> 1
3,7,12,29,38. -> 1
4,9;21. -> 1
8,9,14;18,24,29,32. -> 1
1,3,9,10,13,16,21,29. -> 1
5;8;16,23. -> 1
1,2,7,8;16,24,28,34. -> 1
7;9,16. -> 1
1,13,17,23,27. -> 1
5;14,28,31. -> 1
7,15,30:38. -> 1
2,3;5,17. -> 1
5,9,20? -> 1
5,11,14,20. -> 1
9,11,12,16. -> 1
4-4-4-4-6! -> 1
1,10,18,21,24,27,28,29,33? -> 1
2,4,10:18,28. -> 1
2,9,10. -> 1
1,9,12,16. -> 1
9,16;23,33;35,41,48,56,63,71. -> 1
1,2,7,9,11,12,15,19,32,34,36. -> 1
10,15,19;23,24,25,27. -> 1
4,14.20,22-27! -> 1
2-2-2-2-5? -> 1
1,3,4,6,17? -> 1
4,12,15,25. -> 1
8,27? -> 1
9-10,21,25,31. -> 1
1-2-3. -> 1
6,9,13,15,18,22,26,32,41,48. -> 1
14,26;28,31,35,36,38,46,50,57-59. -> 1
6,9,14,17,20,23. -> 1
6,10,13,19,28. -> 1
7,9,10,12. -> 1
3,10,19. -> 2
3,7,9,10,11,16,22. -> 1
4-9,18,19,20,21,22,24,26. -> 1
7,16,20,26,31,34,41? -> 1
2,4,5-8,9-11! -> 1
8:13,16. -> 1
2,4;7,9. -> 1
3,6,11,14. -> 1
5;8,16. -> 1
4,10,14! -> 1
4,6;9,10. -> 1
1,2,4;5,9;27. -> 1
12:13,17,22. -> 1
4,5-7,13,19,24. -> 1
2,4-6,9. -> 1
9,18-19. -> 1
8,15,22;23,34;43. -> 1
5,13,17;31,35. -> 1
1,3,9;10,14,22,29. -> 1
0[2;4. -> 1
1,2,13,25,32. -> 1
5,7-14! -> 1
2,3,7,15,23. -> 1
2,4,6,13! -> 1
1,8,15,18,20. -> 1
1,3,6,7,8,18. -> 1
4,11;18,19,25,26-32. -> 1
4;6;13. -> 1
1,5,10;19. -> 1
6,12,15;21. -> 1
1,22.31,41. -> 1
1,6,11,17. -> 1
1,2,15;22,29. -> 1
8,16,23,32! -> 1
9,17;24;28,32. -> 1
17;21. -> 1
3:7;15. -> 1
4.7,11,15? -> 1
3,5:19;26,31. -> 1
6,10:12,16;17,19,20. -> 1
3,7;8,12! -> 1
1,4,6,11? -> 1
7,17;26,30. -> 1
13,22,27. -> 1
6,16,22:25-30,35-38. -> 1
2,12;21;25,29. -> 1
1,3,9;10;15. -> 1
6,16,19,27,30;35. -> 1
2,3,5:10,18;23,28. -> 1
1,5,7,10,13,17,18,21? -> 1
6-7;13-14. -> 1
6,11,18,22. -> 1
4,9,14,18. -> 1
2,3,9,24. -> 1
0]4,9,15;34. -> 1
2,3;6,7,11,21. -> 1
4:22. -> 2
7:13,26,31,46. -> 1
3,7;11,13? -> 1
7-13,17,23. -> 1
1,7-9,12. -> 1
2-4,9! -> 1
3,5;9? -> 1
2,6,10,14. -> 2
5,6,7,13:20,22,24;31,37. -> 1
6-7,9,10,12. -> 1
3,7,15;23,34-37-38. -> 1
2,8,11? -> 1
1,3,7,10,15,22;26,33. -> 1
4,6;8,14. -> 1
13;17,23,31. -> 1
1,10,11,12,16. -> 1
5,9.15,19.28,38. -> 1
2,6,10;21. -> 1
3;8,17,26,34,43,45-49. -> 1
8,11,15,25,34,52. -> 1
3,6,12,18. -> 1
5,13;17,20,22,26,37. -> 1
1,7,14-16,17. -> 1
6,7,13;16. -> 1
2-3-4,6-7-8-9-9-11. -> 1
12;14,18. -> 1
2,9;13,18. -> 1
9,13,17,25. -> 1
6,8,10,18. -> 1
8,15,25. -> 1
9,14;36. -> 1
6,7,11,19. -> 1
3,6,9;13,18. -> 1
8,15,16,18,29. -> 1
5,8,15;24,34:38,52;58,68. -> 1
8,16;27,32,36. -> 1
0[3,4. -> 1
0]2,3,10. -> 2
2,6;9,11;13. -> 1
1,2,4,10:12,14,19. -> 1
2,9,15;24,32. -> 1
4;5:7,10,12! -> 1
3,8,12;17,26,28-33.34. -> 1
1,2,6,10:16,23,28;33. -> 1
2,4,7,16;30? -> 1
5-6;10-11. -> 1
2,5-9. -> 1
0]2,4;9,13,19. -> 1
4-5,8-9,13. -> 1
3,5,15,23. -> 1
13,18,22. -> 1
5,8;16,25. -> 1
1,5,13,19,28,34,44,45,48,52,58-60. -> 1
5,15-19-23,38:40-46;48,53;55,61;63,69;75;77,79;81,84-86,104:110,118,125. -> 1
8,9,19,22,28,32. -> 1
4:6,9,16;25,30-34,41,45. -> 1
4,6,8;13. -> 1
1,5,9;16. -> 1
14,17,25. -> 1
5,9:27. -> 1
10,19;28,31,35. -> 1
5,8,11,15:21;33. -> 1
4,11;20,28. -> 1
1,4,8,27,31. -> 1
1,2,4;12. -> 1
4;7,9;26;29,36,38,41. -> 1
17:26,30. -> 1
1,2,8,14,17;36;39,43. -> 1
8;14;15,26;35,39,44! -> 1
4,13;16,17;21. -> 1
1,4,9,14. -> 1
17;24. -> 1
0[4]8? -> 1
8,21,25,31;39. -> 1
2,9:13,17,23-24,26. -> 1
1,2,9,18;20,26;34:42,51. -> 1
2,4,13:14,19,20,22,26,30. -> 1
4;7,9,15. -> 1
10-17:37,52. -> 1
9,16,20,25,27,29,33. -> 1
3,8;14;18. -> 1
9,17:20,22,25,34;37,49. -> 1
8,11;15,17,27. -> 1
8,10,18;32.40,59? -> 1
16,22-24:30,36,41. -> 1
8,22,27,32,41:49,56. -> 1
1,6:15,20;29,39. -> 1
10;13,19;22,29:33? -> 1
3,5,7,9! -> 1
5,11,16,21;26,27,35! -> 1
4-6! -> 2
7,11:12,13,16! -> 1
3,8,9,11,16! -> 1
1,2,5,5[10. -> 1
1,7,17,25,29,32,41. -> 1
11,17,21,25. -> 1
2,5,9-11,15? -> 1
2,10,11;16,17. -> 1
10;12,14,19,20,23,27. -> 1
7,15.16. -> 1
1,6,9;16. -> 1
1,4,8,14:24,31. -> 1
5;12:13,17,21. -> 1
2,6,9,14,21,28. -> 1
9;10,14,16. -> 1
5,8:16;23;25,26,31. -> 1
1,4,5,7,10,14. -> 1
2,4,9,10,14,19. -> 1
1,2,4-18,23. -> 1
1,5,6,7! -> 1
1,2,7,10,14:18,22. -> 1
5,8,16! -> 1
10,17,20,24,25,32,36,38,41. -> 1
3,8;11,16,21,24. -> 1
1;12. -> 2
7,11,12,14,22,26-36. -> 1
17,22? -> 1
2,19;23,37. -> 1
3:4,8,12;20,22-24,28. -> 1
5.6,11. -> 1
1,2,6;7,9,13;16,21,25,28,29! -> 1
7,15,23. -> 1
0]0[8. -> 2
0]4,5,7? -> 1
0]6,8. -> 1
0]1,2,5,9;18. -> 1
0]3,4,5. -> 1
0]3,5,13. -> 1
5;6,8. -> 1
0]2,3,14. -> 2
1;20,22-23-28. -> 1
1,7;16,22. -> 1
5;9.9] -> 1
7,11,19,23. -> 1
5-20,22. -> 1
2,7;10;13. -> 1
0[1,3,9. -> 1
3,5,9;17. -> 1
4,5,8,10,13,16. -> 1
4,6,8,23. -> 1
5,6,7,8,10,14. -> 1
3-25.43.52:54,56,62,67. -> 1
1,3-16. -> 1
1,3-10. -> 1
4,9;10,12,17. -> 1
3-5,6,9? -> 1
0]3,11. -> 1
12.20;26. -> 1
1,3;9;16. -> 1
9,17,24,30,34. -> 1
6,12-14. -> 1
2,4,9,18,23. -> 1
7,13,25. -> 1
4,5,11,20;30,34;43,49. -> 1
2,4,10;19. -> 1
4;8,9,13. -> 1
0]1,3,8,15? -> 1
5[7. -> 1
3,11;18-20,21,27. -> 1
9,10,15,21,24. -> 1
16,18,20,27. -> 1
0]1-3:5,10,13,19,24:33,37;40,41. -> 1
1,6,7,8,10! -> 1
7;12-16. -> 1
2,13,15,18. -> 1
5,7-12. -> 1
2,3,9,15.16. -> 1
10:29. -> 1
11,18,19,22,32,40. -> 1
4,6,8,16? -> 1
1,9,13,14,17. -> 1
9,12,17? -> 1
1,13,31! -> 1
10,29,31,39,48,56. -> 1
1,2,9,10,11,12,13. -> 1
1,4,10,13,21,28. -> 1
8,26.33;54. -> 1
1,5,12,16. -> 1
1,17,25,38,46. -> 1
8;14;16-18,20,21,23;28,29,31;34,35,36,37,39,41,45,48. -> 1
1.1]8,21. -> 1
1,7,14,18,19,23. -> 1
5;12,16:17,22,32. -> 1
4.10,12,13. -> 1
6,11,16,20,28,34. -> 1
5,9;15;24,33. -> 1
17,31,35. -> 1
8,10,12,14,25? -> 1
2,4,6,10? -> 2
1,21,24-26! -> 1
5,7,9,19. -> 2
1,3;4,5,6. -> 1
2,4,6,8,15. -> 1
5,9;13,17;19,23,34. -> 1
2,3,5-7,25,29-33! -> 1
5,10;15;21. -> 1
5,5[9. -> 1
0]6,12,21. -> 1
1,4,7,8-10! -> 1
7,11,18,19,21. -> 1
1,13;18-20;26,29,34! -> 1
1,2,8;13:31. -> 1
1,2,4,8;9,10,12,20.29,37. -> 1
4,14,21. -> 1
2,6,10,19:23,33. -> 1
1,4.9. -> 1
0]9,17. -> 1
1,4,7,10,14,20. -> 1
8,9,15? -> 1
5-10;21. -> 1
1,2,6;9. -> 1
9,13,18? -> 1
4,5,6,7,8,12. -> 1
16,33,42;43,44,46,52,56:58,60,64,66,70;75,80;84,89,107. -> 1
1,3,8-9,17,27,29,30,35. -> 1
2,6;9. -> 1
2,4,7,17? -> 1
8:12,16! -> 1
3,7;10,14;17,21;23,27;29,33;40,44. -> 1
5.8,12,20,24,30,38. -> 1
4,8;10,14,17. -> 1
5,7,12,20. -> 1
4,7,9-15,17-21,29,37,51. -> 1
2,8;16,20. -> 1
10,18,27. -> 1
8,9,16,23,25,27,32. -> 1
5,6,12;15,22,29,33,36;39,42. -> 1
1,3,8,10,12,17,22:27,35.36,42,59,67,74,83,91,99,107. -> 1
2,12,15,21,25,30,37,44;52,61,69;76,83,96;99,118,121,122,123,130,133,137,141,143,145. -> 1
8-9,15;22,28;30,35,37,42. -> 1
2,19,28. -> 2
5:8,11. -> 1
4,5,8,10. -> 1
6-10,15,18,28. -> 1
2;10? -> 1
4,9,15,19,24,28! -> 1
4,10:19:27,35! -> 1
1,5,10,11,17,21,25. -> 1
1,6,13,21;28,32,35,37,38,40;41,53. -> 1
1,8,12,16. -> 1
9,17,28. -> 1
0]18,33. -> 1
2;17. -> 2
1,4,10:12,23,33,34,40,48;54,60,62. -> 1
1,12,17,18,19,27,29,34. -> 1
10,16,28,31;39,46,55,71? -> 1
9.10,18,25;50,51,55,58. -> 1
1,2,3,5. -> 2
4,9,17,25,29,33,38? -> 1
3,6,18,26,29-30,39? -> 1
6,9,16,22.24,27? -> 1
9;12,14,21,30. -> 1
8,12,16! -> 1
1,7;8,11,16,24,27. -> 1
8,15,32,34,38. -> 1
1,2,9,17,21,24,33? -> 1
6,9,13,15,23. -> 1
0]7,27,32,40. -> 1
2,4,8,11,26. -> 1
4,18;22,27. -> 1
2,5,9,20,29. -> 1
7,11,12,16,17,18,21,24. -> 1
10,15,16,18,26. -> 1
15;16,23,32. -> 1
0]3.4.6,8;15. -> 1
3,4,20. -> 1
2,3,6,8,10,16! -> 1
2,4;6,7. -> 1
4-5,6? -> 2
8[9.9] -> 1
7,8,9;26,27,31,39. -> 1
20,27,30. -> 1
1,9,17,27. -> 1
8,17,30. -> 1
6,13,17-24. -> 1
1,8,27. -> 1
2,6,13,16-19-26. -> 1
2,6:7,9,10,15,27,39. -> 1
1,5,6,7,8,9,10. -> 1
1,6,8? -> 2
4,9,14,20. -> 1
2,4,8,17,23,28-30. -> 1
4,12,15? -> 1
2,5,8,9,10,14-15. -> 1
0]1,3,7,14? -> 1
2:12,19,29;39,46,55. -> 1
7,8,9,10,16,17,18,19,20,28,31,36,45. -> 1
12,18,27. -> 1
6,8,19. -> 1
3,13;27. -> 1
1,5,9,13,19. -> 1
9,10,15,16. -> 1
3:7,12. -> 1
10,13-17,23,27. -> 1
1,2,6;10. -> 1
9,19,21,25:26,28,33,41,55,59;62,67,78. -> 1
8,9,12,15,16,22,23,27,30,32. -> 1
1,3,5,15? -> 1
1,3,9-16,34. -> 1
6-9,12,13,16,20,21,23. -> 1
5-15,24. -> 1
7;12:13,17,24;41,46-47,58;59,66. -> 1
3,8;14. -> 1
1,3,5,7,11. -> 1
5,9;14,18;23,27;32,36. -> 1
2,9,17,27,36,41. -> 1
8,10,16,25. -> 1
5,13,19:20,22,25. -> 1
2-6! -> 2
6,10,14,15,16,23? -> 1
6,10,14,17? -> 1
8,15,31;39,43,59. -> 1
9,11,12,17,19. -> 1
1,3;5,8. -> 1
4,9,13,17,24,30! -> 1
7,13;20,28. -> 1
1,2,8,16;18,22,30;34,39,47;49,54;56,57,58,59,60;61,63. -> 1
12,18;22,27;31,36;40,45,53,60:69,78;85-88,97,103:112,120,122,123,125,130;137,143;144,147,152,155. -> 1
1,7,11,15,19-21. -> 1
1,3;4,7. -> 1
12-12-22. -> 1
1,4,9,13,16. -> 1
1,7;9,11;12,14. -> 1
9,17,24? -> 1
9,13;33. -> 1
8,9,11,12,13,14,15,18. -> 1
18-22. -> 1
0]6,13-15. -> 1
3-4-5,10,13,15-19. -> 1
1,8,13,17;24? -> 1
9-10,12,15,20? -> 1
3,9,19,22,28. -> 1
8;16;29. -> 1
8,15;16,19,27,35,43. -> 1
2,9,17,24;25,33! -> 1
1,2,3,8,15,19,25. -> 1
1;4,11. -> 2
2,3,6,14,20. -> 1
11,15,18,20,25,33. -> 1
5,12,19,24. -> 1
2,4,5,7;15? -> 1
4,5,10,20;37,47. -> 1
4(7)10;15,19. -> 1
5-7,17. -> 1
1,3-4,7? -> 1
9,13,20! -> 1
6;9;10,11,19,26. -> 1
4,6;10,18. -> 1
8.10,13,17! -> 1
4;19,21,25. -> 1
3,9,12-23. -> 1
6,7,8! -> 1
1-3,7,15. -> 1
2-3,4,6,22;30,38,42,45. -> 1
14,19,23,26,34? -> 1
0]2,5,17! -> 1
0]6,10,12! -> 1
8,11,17,19. -> 1
6,9,15,19;20,24,28. -> 1
6:15,17,20,22. -> 1
0]5,6,9! -> 1
7-15,19,20,23. -> 1
7,9,15,34. -> 1
1,5,8,17. -> 1
8-9,24. -> 1
6,12,13,14,15,16,18,20,26. -> 1
19,25;26,37,45,53. -> 1
7;15;19,25. -> 1
3,8,10,18,27. -> 1
6,7,13-15,33,41,49,49[56;63. -> 1
7,9,10-11. -> 1
1,3,5,31.33,37;38,39;41,43,48;52,53,64,71,75,84,88,93. -> 1
7;15;23,27,33. -> 1
5-15;17,22,32,40,49,56. -> 1
12;20,23,29. -> 1
2,7,8,25-32;37,40,49,58,62-72. -> 1
9,13;17,19. -> 1
4,7,8,17. -> 1
8:10,25,35. -> 1
1,6,14,16,20. -> 1
1,7,12,15. -> 1
2,7,10! -> 2
1,2,3,15! -> 1
2,6,7,11;20,28.36,42. -> 1
5,8,9,14,27,34. -> 1
22,23,24,31. -> 1
1,9;19;28. -> 1
7,22,26,30,39. -> 1
16;20,32,40. -> 1
0]3,5,15-19. -> 1
3,4,18? -> 1
2;6,7,14. -> 1
4-8,15,21. -> 1
5:11,20,28. -> 1
10;15,16,24. -> 1
1,12-16. -> 1
4-9,10,11,17. -> 1
4;8;13. -> 1
4,6,9,10,12,28;41,42,44,67. -> 1
2,9,16-17;18,22,34;35,42,48,49,50,62,79,80,87,95,103,109. -> 1
1,4:8,12. -> 1
8,15,22,28. -> 1
14,18,23,28,34,51,54;56,58,59,60,61,62,63,64,65. -> 1
1,5,8,14,18,24,29. -> 1
10,14,17. -> 1
1,7;10:11,12! -> 1
4:5,8,12. -> 1
3,6,13,21. -> 1
2,17,30. -> 1
3,5,8,17. -> 1
4:13,14,15,17. -> 1
6,12,15. -> 1
0]6-13. -> 1
6,8,14,18? -> 1
8,9,13;14,17,34. -> 1
5;14,24. -> 1
6,10,17;23,29. -> 1
13:14,20,28. -> 1
1,2,18,22. -> 1
4,15,18,21,26,29,34. -> 1
16;35. -> 1
6,13,19,25,26-27,29,35,46,49-52,59. -> 1
5,26. -> 2
11;16,27,31. -> 1
16,22,41;51,66. -> 1
3,8,12,21,23:24,26;29:48. -> 1
5,15,21. -> 1
6,10:21? -> 1
2,9,15;22,24,29,34. -> 1
5-6-10,18,26. -> 1
4,10;19. -> 2
6,11;17,21.29;38:44,46;56. -> 1
3,7,11,24,27,31,43,52. -> 1
16,20,28,31. -> 1
2,5,7,9. -> 1
9,18,25. -> 1
9,18,26. -> 3
5,6,10,21,26. -> 1
6:23,26. -> 1
1,4,7,9,14. -> 1
3;12,13,14,20. -> 1
2;3,4. -> 1
8,16,24,32,39,47,52,57,63. -> 1
2,10,11,18,21,24,25. -> 1
1,4,6,8,15,22,31,38,39! -> 1
10,12,14-24? -> 1
2,10,25. -> 1
1,2,9,10,12,18. -> 1
2,3:7,15;19,25,32,41. -> 1
2,7,12,20. -> 2
8,15:21,25,27,31;35,38,40,50. -> 1
1,2,9:18. -> 1
1,2,7,15:24,27,29,37,45;50,58,65:72,87. -> 1
2,14,21;27,29-30,37. -> 1
4,11,15-16,20. -> 1
4,6,9,15. -> 1
3,16,20. -> 1
4,7-13,20? -> 1
2,4,13;16,17,32-34. -> 1
1,13,14,15,16,17,18,20,24;26! -> 1
9-11,25. -> 1
2,9,20,30. -> 1
0[7,13. -> 1
4,10,14. -> 2
3,5,17.17[21. -> 1
2,4,9,18,25,35,42. -> 1
17-19. -> 1
1,9,15,21-22! -> 1
4,6,7,16,19. -> 1
1,8,16;33,40,44,47. -> 1
5,6;16. -> 1
1,17,21,23,26,30,41,48. -> 1
2,8,24? -> 1
7-9? -> 1
9;14,25. -> 1
2,8,27;28,31,42. -> 1
4,7,15! -> 1
4,6,7,16? -> 1
2,5,8,17. -> 1
7;9,10,11,13;15,16,18,20. -> 1
8:17,24,33;42,51,59,67. -> 1
1,2;3,4;9. -> 1
6,10;16,20. -> 1
8,15,25,28,31;40,44,48. -> 1
4,11;22.22[23. -> 1
4,9,11,12,18. -> 1
1,2,3,8,22. -> 1
4,8,12,17. -> 2
1,8,16;25,28,33,38. -> 1
1,3,4,15,16,19! -> 1
3,7,11,16! -> 1
1,9,10,23. -> 1
4,6,8,10,21,26,28,30. -> 1
20-35. -> 1
1,3.16;21,26,38. -> 1
11,15,21,30. -> 1
7,11,12,16. -> 1
10,20,31,36? -> 1
1,2,6,15,21,31. -> 1
10;16;19. -> 1
1,3,6;12,25. -> 1
1,6,17? -> 1
1,17.18,19,29. -> 1
9;16,25,30. -> 1
9,17;24,26,31,40. -> 1
1,2,3,5,12? -> 1
4,7,15;19,22,31. -> 1
4,7,10;20. -> 1
4,6,10,15. -> 2
4.16,21. -> 1
2,6,11,15. -> 1
19,24. -> 1
10,16,24,32,39-40,48,56,58,60,63;73,78,89;99,100,102,107? -> 1
5,8,14;24-31;35,40,50. -> 1
2,4,31! -> 1
11;17,21;23,31,39;45,47,49,53,58. -> 1
3,10;19. -> 1
2-4,6,11;26,34,42,50,58,66,78,86;93,101,106,115. -> 1
2,11,17. -> 1
11;21,37,43-48,57. -> 1
6,10,19,27,29:31,33,44,54,70. -> 1
1,2,4,9,10,12,22. -> 1
7,13-15! -> 1
4,17;35,39,40,42. -> 1
1,3,10,14. -> 1
4,10;14,25,29. -> 1
11,18,20,23,30,33. -> 1
4,12,23,28,33. -> 1
11,19,30.31. -> 1
1,5,8;11. -> 1
17:24,31,41. -> 1
15;24. -> 1
6,8,10,12. -> 1
17;22,30,34,37,39,41,45,52,64;65,67,71,81,83,84! -> 1
2,4,9,35. -> 1
6,13,23. -> 1
15,26. -> 1
18;31. -> 1
2,23,37;61,63,64,67,77,81,84? -> 1
6,12,23.24. -> 1
6;15,17,20,39. -> 1
6,9,17,21,26,28-34,47. -> 1
1:4. -> 1
2,3,4,6,7,8;10,14,15. -> 1
3,7,9,11,19,21,23,36,38,43,55. -> 1
11;15,19. -> 1
8,12,13,15.19,24,32. -> 1
9,17;19-26,28-33;37,42,51,59. -> 1
4,15,24. -> 1
2,3,7;20,27,28,31,36,45. -> 1
12;27;37! -> 1
4,9:27. -> 1
4:17,20-29? -> 1
2,4,6,10,18,22,35,42-44.46,47. -> 1
2,7,17;34. -> 1
2,7;8,15,19. -> 1
8,11,12-15. -> 1
3,5;25;33,42. -> 1
2,4,16,33,40. -> 1
21,24. -> 1
3,5,7,9. -> 2
2,9:10,14,26.27. -> 1
8,10,13-15,19,23. -> 1
7,11,17,20. -> 1
8,12:15,17,26. -> 1
4,14,16,21,29. -> 1
13-14,19. -> 1
3,8;9,12,17:26,33,38,42,49. -> 1
4,8,14,21. -> 1
3,8,17,23. -> 1
1,2-4,12. -> 2
4,11,20,21,26,35. -> 1
2,3,8:10,11,16. -> 1
8,13,17;21,25,32,35,38,42;44,46. -> 1
2,8,12-19. -> 1
4,9,13,17. -> 1
9,17,24,34,41,48. -> 1
2:8,12,19,22,30,32,36,39,42,45,48,51,64,69,76,84. -> 1
1,3;18. -> 1
2,6,10? -> 1
6,8,9,14. -> 1
9,13;15,19;33,40,50. -> 1
1,4,20! -> 1
4;6,13. -> 1
4,11,13,15,18. -> 1
0]5,12. -> 1
4,9,16;20,30. -> 1
9,13,16,18.26,34,41. -> 1
10,14,27,32? -> 1
5:11-13,28. -> 1
3,5-7,15! -> 2
1,8,17,34. -> 1
4,9,15,20,25,30,42:53;61. -> 1
3-5,11,20,30. -> 1
2,5;7,8,13,16. -> 1
1,19,29,35,42. -> 1
3,5;16. -> 1
1,10,15,20. -> 1
6,10,17. -> 1
1,4,7,12,22,28-32,37,43,47;54,64,69,73,87? -> 1
17,20,25. -> 1
5,8,12,16,19,20-21,35,40,43,51,68,75;78,80,82,84,86,92,96,101,109,115,127,131,137,141,148,163. -> 1
9,14,16,30. -> 1
3,7,14,28,36,50,58. -> 1
1,13,32. -> 1
1,4,5;7,8,17! -> 1
5,9,18,26:29,36,45? -> 1
6,14,19.24,33,37,49;67. -> 1
10,14,17,29? -> 1
1,2,3,4,7. -> 2
1,18;34. -> 1
1,6,9,19. -> 1
9,16;25,27,33. -> 1
11:17. -> 1
4,5,6,10;14,16,20. -> 1
1,7:10,15,24,31,40. -> 1
8,12;23,30. -> 1
23:26,32,39;47;50,51,59-61;69,70,76,78,80,83. -> 1
4,5,8,16? -> 1
0]1,6! -> 1
8,11,15;33,41,43,55. -> 1
3,17,24. -> 1
5:15,32. -> 1
3,4,6,10,12,14,22,28,30,35,37,39,48. -> 1
7,11,17,19,20,23. -> 1
2,5,7;9,16,18,19,23. -> 1
1,3,8,11,16. -> 1
15;29. -> 1
3,4,6,8,26,28,31,34,42,46,48,51. -> 1
7,12,20. -> 1
1,21,23,27,35. -> 1
5,8,22! -> 1
4;10,17,28. -> 1
2,3,7,10. -> 1
8,12,21,27,31. -> 1
1,13.17,29. -> 1
6;12-16,26. -> 1
3,10;11,12,13,16,20. -> 1
1,15,17,19? -> 1
16;17,23,31. -> 1
4,9;13. -> 2
5;9,15,19,23,26,37. -> 1
2,4,6,9,16;22,28. -> 1
8:9,10,15,17,21,29,32-33,36-37. -> 1
10,18;20,23,25,27,35,43,45,51,54,60,69. -> 1
4,8,16,24. -> 1
6,12;16,20,29. -> 1
15,24,25,33,40. -> 1
4-12? -> 1
1,2,12;17,24,30,38;45,52,58,65. -> 1
4-10? -> 1
5-6-7-17.22;26. -> 1
7,12,23,28,34,38-39. -> 1
3,4,7,16,25-30. -> 1
1,3,7;10,14,17,22,29,38. -> 1
5;9,17,26. -> 1
2,7,13,22,30;48,54. -> 1
1,2,8,15,17.33;40,65. -> 1
16,35. -> 1
1,8,13,18. -> 1
3,16,26,29-31,33,37,46,48,52,68. -> 1
15,23:28,35,42,50.60,61,67,76,82. -> 1
1,3,5,7,9,15. -> 1
4,10:25,33,40. -> 1
7,16,20,25,33;36,44,58,69. -> 1
1,18,34. -> 1
2,8,18,20,24,27,31,33-37. -> 1
4-7,12,16,17,18,26,42! -> 1
8,16,22,29. -> 2
3,12,14? -> 1
5,13,14,21. -> 1
1-9,11,15,18. -> 1
2,3,15,17,22,30? -> 1
9,12,14. -> 2
2,4;6,14;22. -> 1
10:13;17,20,24. -> 1
2:4,6;9. -> 1
4,5;10,19. -> 1
1,2,10.11. -> 1
1,2:4,6! -> 1
6,16,19,22. -> 1
2,3;11.12. -> 1
7;15:23;27,34,41,47. -> 1
5,13;14,18,25. -> 1
5;6,7,11. -> 1
1,4,6,12,19,21,23,25,28,37. -> 1
6;9,12. -> 3
5,11;18:24;30. -> 1
2,4,15,30? -> 1
1,6,7,12,17. -> 1
5:15,26,37. -> 1
10,18:27:35,40. -> 1
0[2]3,5,14;20,23,28! -> 1
1,5:6,9,12,19;23-24,28;31,37;39,47;49,58;60,65;67,72;75,80. -> 1
2,4,7;11,16;32,38. -> 1
7,11:13,16,20,26,32. -> 1
3,8:9,11;18,23. -> 1
6;7,15,19. -> 1
1,5:6,9. -> 1
14,24,29. -> 2
6,12,21,29? -> 1
1,2:7;14,28:32,44;53. -> 1
4,6,12,20:22,24,25,27,34,40. -> 1
5,6,18,24,29. -> 1
1-5,12. -> 1
5,9:17,26. -> 1
1,2,8:9,10,13. -> 1
6,14:20;29. -> 1
1,10,22,29,34. -> 1
0]1,3,6;13. -> 1
1,9;12,15. -> 1
3,9,14;17. -> 1
10:17,20,25;34. -> 1
4;5,9,17;26. -> 1
4;12,16,19. -> 1
5,10-15;19;29,31,32,33,35,43;45,46,51:59,65;73. -> 1
1,10:15,17. -> 1
5,18:32. -> 1
1,3,11! -> 2
1,4;9:15,20. -> 1
4,9,15! -> 1
6,9;13,23. -> 1
5,7,13,19. -> 1
1,3-4;14. -> 1
2,7:18. -> 1
5,11;18,21. -> 1
4,5,8,13;19,24. -> 1
1,8:15? -> 1
8,16;21;25,26,28,35:38,44,47-53:56,62,69. -> 1
4;18,25,31. -> 1
0]2,4,8,16. -> 1
8,16,21. -> 1
5,6,8,9,14,20. -> 1
3,4:8,10,14,18,21. -> 1
7,10,14,17,21,24;29,33,37,42,46,55. -> 1
2,8,24! -> 1
1,7:13;19. -> 1
1,2,5,10:16. -> 1
10,15,19,23. -> 1
6,11,12-16,24. -> 1
4;9;12;29. -> 1
1,4,10:14;22. -> 1
4,6;10,13,24! -> 1
2,5,19? -> 1
1,7,12,13,14,16,21;32.39,46. -> 1
1,2,4,9,17,25,34. -> 1
1,4;11,20. -> 1
7,15,16-22,29,34,49,52. -> 1
3:11,12,14,21. -> 1
5,15;26. -> 1
5:13,17. -> 1
3,7,9;14,22. -> 1
4,10,14,16,18,20! -> 1
2,5,8,12! -> 1
1-2.3. -> 1
6:19,28;34,44. -> 1
7;13? -> 1
2,6,10,19,24. -> 1
3,7,12,15;18,24,26,33. -> 1
3;9:13,18. -> 1
8,12,15,23,32. -> 1
11,12,15;23,25,33;40,44-51;65;74:86. -> 1
1,2,5,11,22,31,40-41;45:54,60. -> 1
6,9-15,24;33,44. -> 1
2,3,6,9,19,24. -> 1
4,7;13,17. -> 1
4,7,13,21,26. -> 1
7,10,15;20,24,28. -> 1
1,3,7,13,18. -> 1
4,5,8,11,19,25. -> 1
3;12,15. -> 1
7,10,13,19:28,36,41! -> 1
2,4,8,15,25,32. -> 1
1,2,5;14. -> 1
4,9;14,21. -> 1
1,2;6! -> 1
2:10,15. -> 1
3;4,6,15,23;32,38. -> 1
1,3;9! -> 1
5;14! -> 1
7,9:18. -> 1
10,16,22:26,29,33,35,54.56. -> 1
2,7,11,16,18,22,37,39,40;50,54;73,81,87. -> 1
4,9;13,19;20,24,28,31. -> 1
7,12,24. -> 1
5;11,13,17. -> 1
3,5:11. -> 3
5,8,13;21:27:29,37:38,39. -> 1
1,3,7;13,17,20,33. -> 1
2,3,5,14:24,32. -> 1
6,8;10,12:18;30,35,38,41;42,48,51-53,64,68. -> 1
5:7,11. -> 1
2,3;12;18. -> 1
1,5:9,25. -> 1
2:8;15.16,23,27-28,34. -> 1
13,19,20,29! -> 1
8,9,10,11,15,21. -> 1
10,13:18,20,23. -> 1
4;8;12;13,15,19. -> 1
0-1,2! -> 1
3;8? -> 1
1,4,6;10,12! -> 1
6,9,15;23,27,34! -> 1
1,4;10,17? -> 1
3,9;17. -> 2
7;14:20;28,29,36,44:47,49-50-58:70. -> 1
6.18,28,45.49,55,64,67:72;88,92:99;102,112,113,117,121. -> 1
2,15:25. -> 1
6;13,26.28,33,40;48,54. -> 1
7,17,25,33. -> 1
1,2,4,10:14,20;24,28! -> 1
0]1,7,13,20. -> 1
1,8;9,11,17,23:27. -> 1
10;20,29. -> 1
1,4;13,16. -> 1
4,7:13,14. -> 1
9:17,28,31,41,45,47. -> 1
3,4,6;12,16. -> 1
4;10;20,25. -> 1
1,3,7,15.23,36.45;46,47! -> 1
1,2,6,12:36,46,57,62,73,76,80,97. -> 1
5,8,26. -> 1
1,7,10,16? -> 1
4;6,7;14;15,21,31,38. -> 1
3,10,15;20. -> 1
7,8,13-18. -> 1
1,10,14,19,25. -> 1
11,20;23,25,28,32,36;40,41,44,51:59-63,69,72:82,87,92,98,102. -> 1
2,3;10,10[13. -> 1
6,10;12,14,19. -> 1
2,6;14,23. -> 1
11,17.18. -> 1
17;33. -> 2
4,9,12;18,31-32. -> 1
1,6-12. -> 1
3;10,19. -> 1
3,4,11:17. -> 1
2,7,16;19,22. -> 1
8;10,15. -> 1
5,7,9,14. -> 1
4;7,11;13,17. -> 1
4:15;24. -> 1
10.12. -> 1
4,14;24,32;41,46;51. -> 1
5,10;14,19,23,30:35:41,51. -> 1
1,2,3,4,8,15,21,25,33,37,43. -> 1
2,7:12,17,22-23;43. -> 1
1,5,12,15-16,22-23,28. -> 1
5,13;14,17. -> 1
1,3:9? -> 1
4,10;11,14;17. -> 1
9,13-14,23,27;31,36. -> 1
0]15;29! -> 1
2,13,17,32. -> 1
9,19,20,21,24. -> 1
1,5-6;14:28;32,38,47. -> 1
1,3,19,20,21-22-23,28. -> 1
1,2,4,16;18,22,25:26,34,41,52:69;77,88. -> 1
11;17;22,25. -> 1
4,10,14,24;30,37:46;50? -> 1
2,11,20. -> 1
7,14,18,20,22,31! -> 1
10:18. -> 2
5;6,15,19,25,28. -> 1
8;17,25. -> 1
6,19:23,28;31,45. -> 1
9,17:18-26,34. -> 1
1;8,22,27:35. -> 1
2,9,17,26;37,46;55,64:73,82;87,91,99. -> 1
12;16,25;26,33,41. -> 1
2,7,14,23? -> 1
7,11,14:15,19,22,26,31. -> 1
0]1,10,13;18,28,33. -> 1
4,9,18:22,27,35. -> 1
6;12,20:22. -> 1
4,8;11,13,17. -> 1
1,4;13,19. -> 1
7,11:21:32,42,49,53. -> 1
3,6,8,12,25. -> 1
1,3,11,15. -> 2
3,25? -> 1
4;9,15:19,24,39,47,51,58,68;70,72,77,82,86:90,95,101,102. -> 1
7,16,22? -> 1
7,14;21;26,36:45;47,48,53. -> 1
4,19,24. -> 1
8:16;23,26,35:37,41,43,47,51. -> 1
4:7,15,26,30,35;44. -> 1
6,9,10-12,31,37,41? -> 1
4,6:14-24,36. -> 1
1,2,5,9;15,20:29,33. -> 1
1,6,16;24. -> 1
8-9,15,31,40,41,47. -> 1
9;13,15,19. -> 1
9,21;28;37. -> 1
4,10,18,28. -> 1
1,2,7;11. -> 2
2,4,7;17:25,26,29,34:35,45,55. -> 1
8,25;35,42,47,50;59,67;72,79,83. -> 1
8,11,19;21,31,35:42;50,60:75. -> 1
0[1]2,7! -> 1
5;9,15,18. -> 1
5;12;16,22? -> 1
9,19:27,32,35;45,49,55. -> 1
2,4,7,15,20.24:27,31. -> 1
10,29? -> 1
0]8:13,17;27,30,34,39,44;45,53,57,63;71,79. -> 1
5:6,19,26,30,37? -> 1
4,14:17,18,21;23,24,28. -> 1
9;10,11,15;16,17,18,23,26! -> 1
1,2,3,8,12. -> 1
6,7,15,17,18,20,29;41,46;55;55[60. -> 1
4,6,9,12,14,20,23,28,32,37;51,54.55. -> 1
6,9,15;17-23:25,27,34,38;40,42,48,54. -> 1
6,10,25,30,33,42,48! -> 1
6,13,20,29. -> 1
11,17,21:28,32,36,44,48,51:59,65. -> 1
11:25. -> 1
7:14,21,23,24,28,36;42,48. -> 1
2,3,8,10,14;19. -> 1
4;9,13. -> 1
2,7,12,15,29,33,41,43-44. -> 1
10,13;18,21,26;30,34,43;49,55,66. -> 1
7,11,20,27.33,37,40,44. -> 1
3,9,18,20,23,25-29. -> 1
6,11;13,15,23,25,26,35. -> 1
2-5,9,15,25,31. -> 1
5,9,10,14,18. -> 1
0]4,9;13,17. -> 1
7,13,15-18. -> 1
4,6,12,16;21,23,25. -> 1
6,16,26,33:50. -> 1
10,26? -> 1
1,5,9,13. -> 1
4,19;25,34,42. -> 1
17;21,40;46. -> 1
6,15:19,28,29,36,40. -> 1
1,4,12,17. -> 2
5,6,10,19. -> 1
2,6,16:19. -> 1
4,9;11! -> 1
5,12,19! -> 1
5(11)16,21. -> 1
6-8,16. -> 2
1,5,19,27. -> 1
1,10,21. -> 1
5,11:12,16! -> 1
5,7,10,13,18,20,22,28,35. -> 1
4:5,7,8. -> 1
0]1,4,11! -> 1
5,15,25,36,50. -> 1
1,2:9. -> 1
2,4,8,13-14. -> 1
1,6.7. -> 3
0]4,6,8,9. -> 1
5,15:22,27,33. -> 1
7,8,10! -> 1
2,6.13. -> 1
6,13,26. -> 1
7,16,21. -> 2
0]1,4? -> 2
7,8,15.16. -> 1
3,4,8,14. -> 1
3,8,12;28. -> 1
0[5,11,13. -> 1
2,19,23. -> 1
3,7,10,16. -> 1
6:10,14,19. -> 1
9:11,22,25. -> 1
1,4;10,15. -> 1
9,11;23. -> 1
13:19,26;33,37. -> 1
0]3,8;14. -> 1
1,10;17,24,31. -> 1
1,11-12,17,20,21,23,27;28,33,46? -> 1
6,11,13,14,15;21,26;29:29[30. -> 1
5,10,12,13,14. -> 1
7,18,25:33,39. -> 1
2,7,8,11,13,18,20,26,28,34-35,36,40,41,44,46,53. -> 1
1,2,9,19,22,23,25,29. -> 1
1,2-3,7:15. -> 1
17:25,36,40. -> 1
8,9,11,17,31. -> 1
4;11,16. -> 1
1,9,14,22,23,24,26,30. -> 1
10,18,22,24,27,33,39,42,45,45(54)57,60! -> 1
5,9,14,16,18,22,28. -> 1
7,9,12,15,20? -> 1
5,6,9,20. -> 1
0]1,12;19,22-27,31. -> 1
1,6:26,29. -> 1
1,17;25,34. -> 1
3,8,13,19,26! -> 1
6,7,9:11,19,28,36,40,44,58! -> 1
5,20? -> 1
10,24,33,41,55. -> 1
1,3,5,6,11,19. -> 1
9,18,24,25,27,32. -> 1
2,4,9,15:19,22,27. -> 1
1,4,6,10,13. -> 1
2,10,17:20. -> 1
4,11:15. -> 1
8,13,19,23. -> 1
1,7;10,15. -> 2
0]5,6? -> 1
4,10;16-18;22,27. -> 1
1,5-6. -> 1
5,20! -> 1
2,4,8;13. -> 1
9-13,18,24. -> 1
7,14,19. -> 2
9;10,13? -> 1
2,11-12,25. -> 1
12,17;26;29,34! -> 1
1,2,13,18. -> 1
4,8,10,13,21;30,31,32,34,37,41,48:50,54. -> 1
1,4,9,15. -> 3
1,6,10-11,19,24! -> 1
17:21. -> 1
0]3,4? -> 1
5,13,15,17. -> 1
4(9,11,16,22,26,32.32) -> 1
9;18:23. -> 1
2,4,6,9,11,13,18. -> 1
6:14,19,23. -> 1
9;17,23:29,32. -> 1
0]4,7,19,24,35,41. -> 1
3,8;11,13,16. -> 1
5,15,18,27,32? -> 1
13,16,22,29,37;47,59.60. -> 1
1,4:17,24,26,33,35. -> 1
10:20;24,29,32. -> 1
5,11;15,19. -> 1
2,16,24;34,40,49. -> 1
1,14,23,32. -> 1
3,7,19. -> 1
6;13,18,22,29. -> 1
4,8,12,21. -> 1
3,11,15. -> 4
0]1,3-6,13,25,26,27,33! -> 1
6,17,26,30. -> 1
4,9,17,21,25. -> 1
5,10;15,23. -> 1
2,4,7,11? -> 1
2,4,6,14. -> 1
1,5,15,16! -> 1
5,11,16,24. -> 1
2,4,12,25. -> 1
7:14,23,37. -> 1
5;5[11,15. -> 1
4,7,13:18,26. -> 1
1,5,8;14,21. -> 1
6,14,26. -> 1
1,7,12;14,16,22,33.34,39,52. -> 1
3,12(21)25,30. -> 1
9,13,16,24;28,32,40. -> 1
4:13,22,31,40. -> 1
2,6,8;14,20. -> 1
0]2,15. -> 1
4,9;14,23;34;39-45;46,50,57,65,74,85. -> 1
10,20,24. -> 1
5,7;18,22.23. -> 1
5,24:25,29,33. -> 1
6,10,14;16,25,27,28,31! -> 1
1,2,4,6;10-21. -> 1
2,3;5,7,13. -> 1
4,10,17,23,26,33. -> 1
9,13,14,16,22. -> 1
14-15,22? -> 1
1,7:9,16,20,30. -> 1
4;26,35:47;54,58,62,66. -> 1
3,9,13? -> 1
1,6;15,20,24,37:38,51,60,65. -> 1
1,3,5-6,20. -> 1
4,7,10,12;15. -> 1
3,13,17;27,35,43. -> 1
1,2,6,13-14,17. -> 1
2,9,13. -> 4
2,4;10,16. -> 2
3,4,5,11,19. -> 1
7,21,30. -> 1
3,4;9,16. -> 1
1,2,7:14,18,22,29. -> 1
2,5,7? -> 1
1,2,8,15? -> 1
5;13,25. -> 1
0]6,15. -> 1
1,2,7,24. -> 1
4,6,10,14;22,31. -> 1
8,14,21,34,35,39,51. -> 1
5,7,9,13,29. -> 1
8;15,27,28,35. -> 1
8;16! -> 1
3,5,12,20;27,33. -> 1
17,19,24. -> 1
4;8;16,26,29,31,40,45. -> 1
4,4(8)13,17,28. -> 1
11,21:25,31,42-43? -> 1
9;27! -> 1
11,20;27,36. -> 1
2,7,8,11? -> 1
5;6,7,9! -> 1
0]1,3,6,7. -> 1
1,3;6,7,10. -> 1
23:34. -> 1
3,6;7. -> 1
0]2,3? -> 2
5,16,22:26? -> 1
3,6,9,12,15? -> 1
7:21. -> 1
13,22,30,31,33,35,39. -> 1
2,3,20! -> 1
8,21:27,34,41. -> 1
1,2,5,8;17. -> 1
4,9,14,19. -> 2
7,14:21,28. -> 1
1,3,15:23,31. -> 1
0]6,13;20,28. -> 1
1,4,6,10;17;30. -> 1
5,13:15,17,20-22,23,24! -> 1
0]6,7,13,14:19,20,27,33. -> 1
2,5;9,14. -> 1
1,6,20. -> 1
7,13,15,20:26,35. -> 1
1,2,8;29. -> 1
4.5,7. -> 1
4,5-7,9,15,19,22,31,40,45,47? -> 1
4,10,17,21,30,39(46-48)53,55,74. -> 1
4,8,11,26,29,30,32,49. -> 1
1,6,11(21)28,42. -> 1
1,4,12,19:30,33,38? -> 1
4,9;13,15,19:21,27,31,32,34;35,38,47. -> 1
7-8,11. -> 1
20,26,36. -> 1
1,4,9,18:23,36,51. -> 1
5,10;19,25:28! -> 1
2,4(13)26? -> 1
11,14,25,28,31,32,34;41:42,48,55,60,65,72,79. -> 1
1,2,3,4,13? -> 1
6,8,28. -> 1
1,2,4,6,16. -> 1
0]10,15,17,20,31. -> 1
10-11,21! -> 1
2;4,7! -> 1
11,24,36. -> 1
4;5! -> 1
5.16,34? -> 1
9,20,21,24,27,36! -> 1
1,4,6,15,19. -> 1
0]2,4! -> 4
3,13,21. -> 1
5,6,8,12,15! -> 1
2,4,13,23,32,40,45! -> 1
5,10,18;29. -> 1
5-6-11,12-14-16,20;29,34,40. -> 1
8:10,12,15,19,22,30,35,40,47. -> 1
0]2,4,6! -> 2
6,16;19,23,27. -> 1
5-6,7! -> 1
6,8;10,16,20;25,33. -> 1
3,7-9. -> 1
8;9,10;16. -> 1
7,9,15,21. -> 1
7:25. -> 1
6.33,37;40. -> 1
4,6.12. -> 1
1,3;9,12,18,23. -> 1
13,18,23. -> 2
5;9;16;18,23. -> 1
6,19;27. -> 1
1,4,9,13;19;26,31. -> 1
9,12,15;19,23,27,29. -> 1
10,16,28,39,40,51. -> 1
7-9,19;21,25,29,38,48. -> 1
6,9,24,28. -> 1
14-15,23. -> 1
11,22,32. -> 1
1,10,11,14,18. -> 1
3,4,10:16,19. -> 1
0]1,3,9,11-12-19. -> 1
1,9,11,20. -> 1
4,6,14,21,35. -> 1
3,6,17-21:33,42. -> 1
4;8;15;17,18,20,23,26,29,30! -> 1
7,12,14:18;33. -> 1
5,9,22. -> 1
3,4,14,21,26. -> 1
2,3:14,18,27. -> 1
11,16,30. -> 1
4,5:7;14;16,21,32,38,55. -> 1
0(11)15? -> 1
2,4,9,12,14,17.23,31? -> 1
6,11:16. -> 1
2,4:17? -> 1
8,20:24,27,36,46,51. -> 1
3,11,24. -> 1
10,18,37. -> 1
7,10;15,19:34. -> 1
1,2,3:18? -> 1
20,31,35. -> 1
2,3,6,14:25,29;30,34. -> 1
0]1,5,10? -> 1
3,16,25;33-45,50. -> 1
9,13,18,21,25,30. -> 1
5;6-7-9. -> 1
8,9-16. -> 2
4;11,17,34. -> 1
3,11,20. -> 1
2,5,10,14,20. -> 1
6;8,12. -> 1
4,10,20,32. -> 1
5,9,19,19(28)33,34,36,40,51,54,59,75,78. -> 1
1,8:13,17. -> 1
7,8,16,28. -> 1
0]11;15. -> 1
5,6,11-12-18. -> 1
2,3,10,27. -> 1
4,5,13,16,27. -> 1
5,26;30,40(48)52. -> 1
1,4,14,21,27. -> 1
10,26;34:50. -> 1
6,11.13,14! -> 1
0(5!5) -> 1
0(3!3) -> 1
6,14,19,32,38,39,42,53. -> 1
1;6:19,25,28. -> 1
2(9)12,17,20,21,22,34. -> 1
4,9,13,13(19)23,26-33,40,47,49,57:63,66,75. -> 1
3,4,22. -> 1
7,13,24;32;42. -> 1
1,2,6,12,16,22;24,25,27,36. -> 1
2,3,6,8,18,20,24,27,38,40-41,42,45,49,51,55,59. -> 1
1,4,7,9,18,26,37,41,51:59. -> 1
1,5;15;22. -> 1
2,9,11,15,22:25,28:30,32,38. -> 1
5,6,9,14,21;31. -> 1
6,14,15-19;25,29,36. -> 1
1,4,11,12,17,23,27. -> 1
11,22,26,30,39,42,45,54,58,62,70,74,78,79,80,81,82,83,84,85. -> 1
1.1] -> 1
2,8,22;35,41,46. -> 1
1,5;6,9,14. -> 1
11;20,28,32. -> 1
1,2,12;17. -> 1
2,3,7:18,27,31,37. -> 1
1,5,12,16,20? -> 1
2,3,5:6,9,19,31:33,35,40. -> 1
4,5;14,20. -> 1
1,4,9;17. -> 1
4,13,19.20,26. -> 1
4,7:10. -> 1
5;7,10,15,25. -> 1
2,3:7. -> 2
12:13,18,24. -> 1
3,5,10,14. -> 1
6:9,16,22;30,35. -> 1
5,6,11,13. -> 1
1:2,11:19,22,24,30,38,43. -> 1
6:18. -> 1
7,8;12,14? -> 1
7,13;23. -> 1
1,5,7,21? -> 1
6,10,18,25. -> 1
1,7;10:20,23;25,26,29;31,32,35;38:39,47,54.56. -> 1
4,5;11:13,16,18. -> 1
2,4,8,11,14,20,27,35,35[36.36] -> 1
9,11,14. -> 1
10;12. -> 1
7,15,18! -> 1
1,2,3,4,10,13,15,19:22,29. -> 1
1,7;18;33. -> 1
2,6,16,20,35. -> 1
5,14,23:33,38. -> 1
1,3,7,10,18. -> 1
8;11;12,16,26;36,43,49:52. -> 1
3,4,9:17. -> 1
2,7,13,18. -> 1
7:13,20;21,42;58;62,67. -> 1
2,7;8,11,17. -> 1
2,3:8,18. -> 1
2,12;21,25,30,37. -> 1
1,3;6:8,10,13! -> 1
4-14,23;28;31;41,44,53,60,66,73. -> 1
4-6,11;14,18. -> 1
6,13,18;23. -> 1
8:10,12,18. -> 1
4,6,7,12,20. -> 1
8-10;18,19,22,24. -> 1
3,4:8. -> 1
8,11,16,22,23,30. -> 1
6,14,17;29. -> 1
1,2;4,14. -> 1
2,5;13-17,26,31. -> 1
9:17,23,36,37,44,49-56. -> 1
4,7:15,19,23. -> 1
15,24,32;40,47. -> 1
1,4;5,8,9:16-21,26. -> 1
3,4,8,13,14,15-16,17-19,25,28,30,33,41,47,50;54! -> 1
3,27,35. -> 1
5,6,13,17. -> 1
2,10;11,16,18. -> 1
1,2;3,5. -> 1
2,5;12;26. -> 1
7,11,16! -> 1
8:17,24;25! -> 1
6:15,16,20,28,32,36. -> 1
15,24,27,31. -> 1
1,5;7,8. -> 1
1,4,6:11? -> 1
8;13;17,25. -> 1
1-7:10;22. -> 1
5:6,10. -> 2
1;7:8;9,11. -> 1
6;7,8,22;23,25,30,38,45,53. -> 1
5;6,9,11;12,15,17;18,21,31;37,39;44,46;53;59,64. -> 1
2,7,12:21. -> 1
8:14,18,19,24,26. -> 1
9:18. -> 2
2,3,4:10,13. -> 1
3,4,7,11,14. -> 1
1,4,9,12. -> 2
13,16,23,26,27,31. -> 1
8:12;22! -> 1
8,21! -> 1
7,12,19;27,30,32,34.39-44,52,61,68? -> 1
3,4,13! -> 1
9,12,13,16? -> 1
3,7:13:14,17,20. -> 1
15;19,24;27,31. -> 1
0[2,5.5] -> 3
1,2,5:13:17. -> 1
12,25,27,29,33. -> 1
4;12,20,25:38;49;59,71. -> 1
0]5;11;16,28;31,35,37;42,45. -> 1
3,8,9,13,18? -> 1
2,7,12,19,30,33;34,36! -> 1
16,19,24,28,34;41? -> 1
12;29. -> 1
7,9,14;26. -> 1
1,7:10,11,13,17,20,22,27,35;38,43,56. -> 1
6-8,18. -> 1
4;8,10? -> 1
5:14,24;34,44. -> 1
4:12;16,18. -> 1
4,9,14,18? -> 1
2,7,15,26. -> 1
1,4:15,17? -> 1
8,14,17,20,23. -> 1
2,4;12,18:27;36,39,47. -> 1
6,9;20-21:31,37. -> 1
3,7,15:18,31:37,39,40,48,51. -> 1
1,3,9;19:26. -> 1
6:9. -> 3
4,5;9;12,17,21. -> 1
8,16,24,32:37,43,46,52. -> 1
1,2,5,10,23. -> 1
1,9;18,25,33,39. -> 1
7,15;17,21,29,42. -> 1
1,2:4,6,8,10,24. -> 1
5,12:18;21,26,32:38,41;52. -> 1
1,4,9;11,14. -> 1
8,14:22. -> 1
6;11:15,20. -> 1
1,3,13;16,19:24;27. -> 1
1,2,5,12? -> 1
7-12:15,17,21,24,26,28,31,36;40,41,42,45,51. -> 1
7,14;22,24. -> 1
5,9:15. -> 1
8,9! -> 1
4,8;13,17;22,26,31,35,40,50,54;59,63,68,70,74,83,91. -> 1
10,24? -> 1
3,5,12? -> 1
5,7,8! -> 1
0[1]5;14;22:26. -> 1
1,3,25-27. -> 1
8,11,14,19. -> 1
7,15-16-17,21. -> 1
14;23,31. -> 1
0[1]3,4;7. -> 1
3,9;15,21. -> 1
9,18;36. -> 1
1,2,6:17,22. -> 1
1,2,4:12,15:22,25. -> 1
2,5,13;25,33. -> 1
6,12,27. -> 1
5,9,14,19;20,25,33,34,40. -> 1
2,14-17? -> 1
9:10,26. -> 1
4,7,12,13. -> 1
1,2,7,11;20,29. -> 1
10,19,23,36,43. -> 1
4:10;17,22. -> 1
18;23. -> 1
1,4,5,6,9,15;21,32. -> 1
9;19,27,34. -> 1
2:9. -> 1
8:12-19;27. -> 1
1,9,17,24. -> 1
1,11,14. -> 2
5,10;19,21. -> 1
10;13,16:22,29. -> 1
10;20,23:30,38. -> 1
2,6:18,21-25. -> 1
1,5;10,13. -> 1
1,5;12-13,18. -> 1
1,6:13? -> 1
9,15:21;25? -> 1
10;11,23,27;36,45. -> 1
1,2,4;8,16:20,34;40,47. -> 1
4,9:14,17. -> 1
1,2-5! -> 1
4,7,11,12. -> 1
8,22,32. -> 1
1;6,10,13,16. -> 1
4;15,21. -> 1
11;16. -> 2
9;13,18,24,32. -> 1
3:8,18. -> 1
1,2,3,7;21. -> 1
2;6,9,14,18. -> 1
14:24,29. -> 1
2,7;20:23,26,33,41;47,55,57-58,63,68;70,74,84. -> 1
8,12;18,22. -> 1
3;5,11,16,21:30,37,42:50,51,54,64,73. -> 1
15,22,34. -> 1
4,10,14,23? -> 1
2,5,8:14. -> 1
15:20,25. -> 1
3,8,9,13! -> 1
14,22;28? -> 1
6:9,14;16:18,22;24,28:31,38,45,54. -> 1
6:11:18,24. -> 1
3:4,5! -> 1
0[3,6.6] -> 1
1,4,5,10;14,23. -> 1
4,14,18:26,33. -> 1
1,10:15. -> 1
5;11,24. -> 1
3:11,18;21,25,29. -> 1
9;21. -> 2
6,7,11,14. -> 1
3;7;15,29. -> 1
7,8,9,12,15,16,17;20! -> 1
6,8;11. -> 1
2,3:11,21? -> 1
1,2;5,6? -> 1
5;9,15? -> 1
4,8,14,23,24. -> 2
8,21-24. -> 1
8;9,10,11,13! -> 1
11,16,27,32;37,45;50;55,60;64,75. -> 1
5,8;22;25;31. -> 1
4,7;8,12;13,19;20,27;28,33;34,40;43,46,57. -> 1
12,16! -> 1
3;6:19;27,35,43. -> 1
7;20:21,28,37. -> 1
10,17;23;30,35. -> 1
1-2-3-4-5! -> 1
7,22,23,33,44:50. -> 1
0[1,7. -> 1
3;9,12. -> 1
7:10,24,29,34;47:62;73,79,84. -> 1
6,9,18,23. -> 1
2,4,11:18,28. -> 1
5,10:15,26. -> 1
5,11:16,22-23. -> 1
3,6,12-13;19,26. -> 1
1,2,4,7;14,20. -> 1
2,4;13. -> 1
1,5,7;17. -> 1
11,16,21,27. -> 1
9,16,23,26,34,39. -> 1
1,3,11:20. -> 1
8-17. -> 2
9-13! -> 1
1,3;6,8,16. -> 1
1,2;3,6,12,18. -> 1
7:12,18. -> 1
1,2,8,13;19,20,24;29,34! -> 1
0]7,16,30. -> 1
1,3,8;15,22:23,33,43. -> 1
7,27,35,44. -> 1
1,2,3;11. -> 2
19;32;41;51;58,67. -> 1
1-3,4,7. -> 2
9,11,15,27;37;39,41,46. -> 1
3,6,16. -> 1
5,19:27,28,38. -> 1
3,7:16,22;29. -> 1
3,9,16,24;34,43,50. -> 1
9:22:33. -> 1
5,9,10. -> 1
15:24;34;46. -> 1
1,2:12;13,20,24;32,41. -> 1
7;15,25,31,35,36,41. -> 1
8:14! -> 1
4,19,26,29! -> 1
1,7:11;19:25;33,37;45,54. -> 1
10,14,19,24. -> 1
2,3,6:9,14. -> 1
1,2;14? -> 1
8:11,14. -> 1
5;15! -> 1
3,4,5,6,8,9,10,13,14. -> 1
5,6:13. -> 1
4-5,15;19,25. -> 1
7,10,13(20)26. -> 1
4,8,11,36,42,47;59,62,70. -> 1
1,3,4:5,6,13,15,18:25,29,33;35,37,40,45;49,54,61,67. -> 1
6-7,10-11,13. -> 1
7,8,16:22,29,35. -> 1
1,6:15,19. -> 1
10,21;33;41,46:57-58,64. -> 1
1,7;22. -> 1
6:14;18,25;34. -> 1
1,2;5:12. -> 1
4-5! -> 2
7:16;26. -> 1
1,2,13;25,27. -> 1
5,8;13,18:21,27,33. -> 1
4(11,14)25. -> 1
3-4,6! -> 1
3,4,10,14,17,23. -> 1
4,5;9,15. -> 1
5,9-14,23:45;51,68. -> 1
5:11;15. -> 1
2,22. -> 2
2,10,19,22,38;44,47-53,62,70,71,80. -> 1
6:10,28. -> 1
10,19:26,29:34. -> 1
5:8,12,14. -> 1
4;12,24;30,38,44,58. -> 1
3,15;20,30. -> 1
8:24,28-33-35,44. -> 1
2,4,7,9;12:28,35-48-55. -> 1
11,20;24,32,37. -> 1
5,8;13,20;31,39,44. -> 1
10,12? -> 3
1,2,4,15? -> 1
8,15,23-24,29? -> 1
4,10,15;24,32? -> 1
3:9,13. -> 1
0[3]8,10:17,22. -> 1
4,8;11. -> 1
10,13;29;30,31,34. -> 1
8,10:13. -> 1
12,16,19;25,32. -> 1
3,5,6,7,10. -> 1
2,10:17,23. -> 1
3:14;21. -> 1
11,23;39. -> 1
12,21! -> 1
4,11;17-18;23. -> 1
4,5,7,15:17,23,26,27,28,29,30,49. -> 1
14;19,22,25,31-32. -> 1
6,7:17. -> 1
5,12,17,18,26,31,35,39,44. -> 1
10,22:38. -> 1
1,7,20,26;32. -> 1
4-7,14;23. -> 1
12,17,22. -> 1
3,18,23,26;35. -> 1
10,13,19,22-26. -> 1
5,11;16,21. -> 1
1,4:5,7,8,9,12;14,15. -> 1
3,6,10,12,14! -> 1
6,8,10,13:17,20;24,27! -> 1
4,5;9,12. -> 1
2,5,7;12. -> 1
2,3,4,5,6. -> 3
3,12,15,18,23. -> 1
1,3:10,14. -> 1
2,3,7,16? -> 2
13,18,27,37? -> 1
2,3,4;8;9,10,11,13! -> 1
14;16,18,21,26. -> 1
8,12,19,25,29. -> 1
2,5,9;16. -> 1
2,4,11,17. -> 1
4,8,12,18;30,35. -> 1
3,4,8;9,11,16. -> 1
6:11,20. -> 1
0]1,3:9! -> 1
2,4,6,9,19;21,23,28,32,38. -> 1
2,4,5,6,7,15! -> 1
4;12,17. -> 1
0]1,5,7. -> 1
5;6. -> 3
2,4-5,8,16;20:25,28,36. -> 1
9,13,16:35,39,42,47. -> 1
4,6,7,8,11,19. -> 1
1,2,6;15! -> 1
15;21;25,27,30,37. -> 1
3,5,7,15;18,22,30;32,36,39,41. -> 1
2,4,5,9,11,12,16,29,30,33. -> 1
2,6-7,10,18;23,25,30,37. -> 1
2,8;11,17. -> 1
3,5:11,15. -> 1
6,11,12,15,25. -> 1
2,3,13;34. -> 1
9:15,21,23. -> 1
1,4,9:14,18,22;30,43. -> 1
4,6,10,20;24,26,30,34. -> 1
0[1]6,16. -> 1
9.9[12. -> 1
2;4,9,21-24-25? -> 1
9,11,13! -> 1
1,3,12! -> 1
9,17,23,30;31,32,35. -> 1
2,4,12:21;25:27,30,39:43,48,54,58;68,76,87. -> 1
9,10,11,14. -> 1
4,9,16;31. -> 1
3,8;19,29. -> 1
5;8,12,18,27. -> 1
4,9,14;19;26. -> 1
1,6:11;16,21. -> 1
5:10,12. -> 1
4,9,19,22. -> 1
1,6;10,15,21. -> 1
6,10,14,16,20,29. -> 1
2,9,17;25,31. -> 1
1,4(9)15,18:23. -> 1
11,15,24,29;33. -> 1
4.7-12? -> 1
2,12,17,20,29. -> 1
2,8,11;14;16,20:27. -> 1
9,12,14;27;28-36;39,46,49. -> 1
2;3,4,9. -> 1
8,19,26:35,37,40. -> 1
1,3;10,16. -> 1
2,3,4,6,7,8,9,10,13. -> 1
0]7;14. -> 1
1,3,16,23,30,47. -> 1
2,10.11,13,18. -> 1
1,8,15,18-24,30,33. -> 1
4;5,6,7,12;14,15. -> 1
5,12,18:22;26;33,38. -> 1
0]4,18. -> 1
3,7,11,15,20,23;32. -> 1
13:17. -> 1
0]10,14,18. -> 1
5-9:13,18,26,31. -> 1
4,9;15,19. -> 3
1,4;15,26. -> 1
7:17;18,21,30,32-33,41,47-49.50,51,52,55. -> 1
4,7-12,19;28,34,41-44. -> 1
1,4,21,24,30,34. -> 1
3,9,19;25,28,37. -> 1
4,7,9,17. -> 1
8,13,18;31,37. -> 1
9,15,30,37;43,48,52. -> 1
4,14;22,31. -> 1
2,3,6;15,19,34. -> 1
3,8,26,31. -> 1
15:25,33. -> 1
2,6,10,14,18. -> 1
3;8,9. -> 1
4;10;16,23,25,26,30:32,39,47,52. -> 1
3,7,8,13. -> 1
5,9,23;33. -> 1
11;17;21,24,26,27,33. -> 1
1,2,4,6,7! -> 1
4,7,11? -> 1
5,7,9;11,13;24. -> 1
1,5,7,10? -> 1
1,3,15,24,26,28,32. -> 1
6;14;20. -> 1
2,4,6,14,17. -> 1
5,6,8,16. -> 1
1,4,13,17;22. -> 1
10,15,17,20,24? -> 1
2,5:17;25,32-34. -> 1
5,6,16,20,21,24,25,26? -> 1
5,8,11,17? -> 1
4,9,11,17,24;25,29,32;36,40,44,50.58,67? -> 1
10,13,19,25-31,34? -> 1
6,7,8;10,13,18. -> 1
3,4;7,11;16. -> 1
6,9,14;22. -> 1
3,6,19! -> 1
5,9;17,24;39. -> 1
1,6,12,16,17,19,27;28! -> 1
1,13,23. -> 1
7,10,12! -> 1
8,12-13,17,22,27,34. -> 1
0]2,3,4,5,6! -> 1
19,27! -> 1
5:11? -> 1
4,6-8! -> 1
4,7,14,22. -> 1
5,10,16,22. -> 1
2,4;8,16. -> 2
4,8-12-15. -> 1
15;24,33. -> 1
8:12,18. -> 1
9:17;21,27. -> 1
8;14,18! -> 1
0[2,3,4,5. -> 1
4;6,10! -> 1
1,2,4,5,15,23. -> 1
2,4,7,9,16. -> 1
4,10,12,14,20. -> 1
1,4,9;13,21! -> 1
0]4,10? -> 1
1,3,8,13;25,33. -> 1
16,17,21,28. -> 1
4,9,12,18. -> 1
4,8,10,18;26;28,30,35. -> 1
8;13:14,17. -> 1
1-8,17;36. -> 1
2,3;15,23. -> 1
0]2,4,7,9-12,20,25. -> 1
4,5,9;15;20,25. -> 1
0]3,7,9-11,18,23. -> 1
11-19:21,28,36;43,51;68. -> 1
4-8,10? -> 1
7,9,11,13,15;21,24,26,29,32;34,36,38,40,42,44,45,46,47,48,51. -> 1
1,2,4,18,23. -> 1
2-13. -> 1
1,12,15,16;25. -> 1
1,6,18;24,26,31:32,33,35,39,40,44,45,49,52,55:59. -> 1
3,5,7-13. -> 1
8-13;20. -> 1
7,12-13;20,28. -> 1
4,7,10,10[18. -> 1
4;16:24. -> 1
1,5;6,9! -> 1
5,10;13,16;21,26;29,33. -> 1
1,4,12,17! -> 1
3,8,12,17,27. -> 1
1,15;31;33,38,42,47! -> 1
1,3.11,23. -> 1
1,4,11! -> 1
8;10,12,18;26,33,39,46,52. -> 1
1,4,6,7. -> 1
1,13;26. -> 1
9,11,15,23,24,33,36,40,45,47,49;54,57. -> 1
6:9,12,17;21,23,29. -> 1
1,2,8;16! -> 1
6-9;12,13,17. -> 1
11,31! -> 1
3,6:7,8,11. -> 1
4,5,8! -> 1
4-5,10,27,35. -> 1
1,3;6,8,12,17. -> 1
7,7[14. -> 1
2,6-8. -> 2
8,15,18,28. -> 1
2,5;6,8-11,12. -> 1
1,4,20,27,42. -> 1
4;8,12.14. -> 1
1,8;16,17;24-26;34,40;47,56. -> 1
5;9:13,18,24,27,37;41,46,55. -> 1
1,4,7,9,13. -> 1
2,8,21,34;39,43,46:51,67,71,76,79,80,84. -> 1
4,10;12,17;22,31. -> 1
5:17,26;34,36,39,43. -> 1
23,37,44. -> 1
9,9(18)28? -> 1
4;5,6,11,16. -> 1
3,5-7,13,20. -> 1
11,15,26. -> 1
10(18)28. -> 1
4,12,21:29(33,34,36,38,41,45)54. -> 1
2(8)13:21,23,31. -> 1
10,46-49. -> 1
5,9;14,16,19,20,22,27. -> 1
2,4,9;19,29. -> 1
10,13;19. -> 1
2,4,7,9,13;17,20,26. -> 1
9:10-21;37,40,41. -> 1
9.12,16,20,24,29. -> 1
3,8,11,20;21,25,38. -> 1
4,11,13,14,17,25,30;40? -> 1
6;17,31,37. -> 1
1,3;8? -> 1
5,8,12,14. -> 1
8;17,24,27,30,34,40;47. -> 1
6,13;16,18,24. -> 1
4,17,21. -> 1
3,5,7,9,11,13,15,17,21,27;33,40. -> 1
8-10,12-14,16-17-19,22-23-25,28. -> 1
1,3;4,7;8,10,11,15. -> 1
6;12,15,18. -> 1
1,2,6;7,8,10. -> 1
8;9,10! -> 1
7,8,9,10,13. -> 1
17,24,31,39,46. -> 1
4,8,10,13. -> 1
8-12:15,18,21,24,29,37,42-47. -> 1
9,17,23,31,49,58(65)65,73,80. -> 1
1,3,7,18. -> 1
7,13,23,26,30. -> 1
1,8,9,10,17,23,27,31,40,43,48,49,56,57! -> 1
3,5;15,25. -> 1
11;26-28? -> 1
1,5;8:13. -> 1
1,2,3,5,6;11. -> 1
2,4,10,14;20;28,32,34;35,44,51. -> 1
2,3,7;16;20,31. -> 1
4;12-23,37,42,45,58. -> 1
4,6,8,10,21,32. -> 1
2;6? -> 3
1-14,25,30,31,32,34,37. -> 1
10,26:44,50. -> 1
9;15,16,31,39,42. -> 1
3,5;7,11-13;15,17. -> 1
1,4,19,26:35;46,55. -> 1
8,11,15;28,29,30,31,32,33,34,35(43)53,57(62)65. -> 1
5,10,13. -> 1
7,14:22,29;33,38;46;54. -> 1
0]1,8,15;23,25,27,30. -> 1
1,2,9;17;22;30. -> 1
4,8-12,20. -> 1
1,3,9;16;18,19,25! -> 1
10,14,18,22,26,29,34,39,44,49,56,59,62,65,67-69,72,75,80,85,88,91,93,95,97,99,100,101,102,103;124:125,136. -> 1
2-4,10. -> 1
5,10,21,24. -> 1
1,6,11,19. -> 1
9,13,19,25,30. -> 1
7,15,21. -> 2
1,2,12,18,26. -> 1
11,14-20. -> 1
4,7,9,11,13,20,23? -> 1
1,3,6,21,29,39? -> 1
8,11,23? -> 1
1,3,13-14,16,21,28. -> 1
0]12? -> 1
0[6,19;28;36. -> 1
2,6,10;13-18,26. -> 1
2,3-4,7,13,16. -> 1
3,4,7,10,13! -> 1
3,4,8,25,32. -> 1
10,12,13,14,15,16,17,19. -> 1
1,7,16,24. -> 1
1,2,3,4,6,13,19,25. -> 1
8,14,17,23,25. -> 1
9,21;28. -> 1
1,8;11. -> 1
5,13,15-19;26,31. -> 1
10;12,15! -> 1
1,9,14,16. -> 1
1,2,9;14. -> 1
3,5,10;16;21;34! -> 1
2,5,10,16-17,22. -> 1
3,10;22. -> 1
5,11,19,27:28,29,32,35,42,46. -> 1
12,15,16,26,34. -> 1
9,11,13,19;20,24,28,32,37. -> 1
4,9,14? -> 2
5,10-16. -> 1
2,12,19,28. -> 1
8-9,11,23. -> 1
4,6,9,19. -> 1
5,6,18:24,29;40. -> 1
4;9,11. -> 1
8,14;20,22,31,39. -> 1
16,22,25! -> 1
1,4:11.13. -> 1
4,6,15,17,21. -> 1
4,6,9,14,19,21,26. -> 1
5,11,22. -> 1
6,7,14? -> 2
1,4,9,16,25. -> 1
6,8,14,18,23. -> 1
1,3;5. -> 3
8,11,12,14. -> 1
1.2,5;10. -> 1
1.6,9? -> 1
4:17,32,37. -> 1
14,33,40;52. -> 1
18,24,33,37. -> 1
1.5,7,10,13,16. -> 1
10.11.13,17. -> 1
7,15,17,26,30,33. -> 1
0]4,5,6! -> 1
1,3,8:9,10,11;12,13,14. -> 1
6,10-22. -> 1
1.2,4,9. -> 1
1.5? -> 1
2,3,4,5,7! -> 1
0]1,3,7,15. -> 1
0]4,7,9. -> 1
2,3,6,9,15,17,18,21,22,28,33. -> 1
1.5-14. -> 1
1.5,7,9,11-14-15. -> 1
2,5,8,16. -> 1
5;8.9. -> 1
4,9,10-13,19. -> 1
3,5,6,11,24;34. -> 1
6,8:12,16,24,29,32,35,48. -> 1
1,10,14;20,26? -> 1
1,5,14,17,23. -> 1
8,9,11,17. -> 1
1.6,12,16. -> 1
8-9,13,16,18,23,26. -> 1
1,4,8;13,14. -> 1
4,6,8,10,12,14! -> 1
4,6,9,15,18. -> 1
7,13,20-21. -> 1
3,7,9,12. -> 1
2,3-4,7. -> 1
2,6,9,12,15,23! -> 1
3:9,13;16. -> 1
2,7,9,18? -> 1
9;13:19. -> 1
4;15,28. -> 1
10;17,19,22,25. -> 1
4:10;15,22. -> 1
6.9,12,14;21:30;34,36,39,45. -> 1
2,3,4,5,6,7,18,25. -> 1
4,10,17,20;28;41,48. -> 1
10,11,13,21. -> 2
8,14,20,24,31,34,36! -> 1
3-4,7. -> 1
8,16;21! -> 1
3,6,7. -> 2
1,2,3,4,6,7:8,9. -> 1
6,10:11,12,13,14,15. -> 1
6;9,10. -> 1
10,21,24. -> 1
6-8,12. -> 1
5,6,10,15.19,23. -> 1
2,3;4,6! -> 1
7,16,20,28,30,33,36! -> 1
6,12,14,32. -> 1
2,8,10,17,25,29,30,31,32,35,41;50,57,58,59,68. -> 1
6,12;13,15,22,29,31,40:42,44,46,51,55. -> 1
1,11,29. -> 1
1,22,26;42;50,53. -> 1
1,8,18,30. -> 1
9,16;17,19,25. -> 1
5,7,9,11,13,20,25,28. -> 1
4;9;13:19. -> 1
3;7,15. -> 2
1,3,12,15? -> 1
3,17,18,21,22,24,35. -> 1
5,9:10,16. -> 1
1,3;4,6,7. -> 1
1,4,8-9,15. -> 1
4,6;15. -> 1
3,9,12,13. -> 1
16,17,18,20,35. -> 1
2,8:11,29. -> 1
11;12,15-17;25. -> 1
1,2,3,5,10. -> 1
2,4,22? -> 1
10,17,22,28? -> 1
13,25. -> 3
7,12,15. -> 2
1,3,4;10. -> 1
3,5:10. -> 1
3,4,7,14,19. -> 1
6-7! -> 1
6,22? -> 1
8;9,10. -> 1
4-14. -> 2
8,13-14(17)23,27,34,44. -> 1
1,10,18;28. -> 1
5,6,11;18,19,22. -> 1
5,6,12,26,29,37. -> 1
11,23,34. -> 1
1,5,8;17. -> 1
9,14,26,28,34. -> 1
6,24-26. -> 1
13-14,16-17,23. -> 1
15,24,25,26-28,32,38,46,56;74. -> 1
7:13. -> 2
5,15,24. -> 2
2,4,11,13,17. -> 1
2,4-5,9? -> 2
0]0[3.3] -> 1
2,8,17,30. -> 1
1,6,9,17-18;24,26,27,32,38. -> 1
0[2.2]3[4.4] -> 1
0]3,5;8. -> 1
3,7:13. -> 1
2,4,9,12,15,20. -> 1
2,3,4,5,8,11. -> 1
1,5,9,18-21,30,41. -> 1
8,22,23,25,30. -> 1
1,3:9,13;20. -> 1
2,5,6,7,8. -> 1
1,6;15. -> 1
4,5;6. -> 2
8,10,12,15;24. -> 1
1.2,4! -> 1
1.2,4,7,10,11-14-15! -> 1
5-7? -> 3
3,4-12. -> 1
3,15-17;23,26,27,28. -> 1
1.3,7. -> 1
5:8,12. -> 1
7;15,16,18,24. -> 1
7,14,28. -> 1
1,2-3. -> 1
2,13.15,18. -> 1
0]3,10. -> 2
14,21,31. -> 1
0]4,10,14! -> 1
2,5;9-14:16,18,20,22,24. -> 1
9,12-14-15,20. -> 1
8;13,17. -> 1
1[4.4] -> 1
1.2,3,6,8,11,15,22. -> 1
2,8-9-11,12,14,18. -> 1
6;11,16. -> 1
1-2-3? -> 1
1.4-7,8. -> 1
1.2,6,8,9. -> 1
8,11,16,21. -> 1
1,3,8,12,18,24. -> 1
10,34. -> 1
4,6,10,11? -> 1
1.5,9,13;17,21;27,29,31,33,35. -> 1
4,5,6,7,8,10? -> 1
2,3,6.10,12! -> 1
2,4,8,12. -> 1
3;4,5;6,7;12,16. -> 1
2,11,18. -> 2
8,15;27. -> 1
13,18-19. -> 1
11,13,16,22,31. -> 1
20;28.29,40,49. -> 1
2,4;6;10;36. -> 1
1,3,6,10,14,15,24,32,41,49,57. -> 1
1,3,10:17,19,22,28,34,35,38. -> 1
5,6,10,14,20,25,39,47,60. -> 1
1,4,12,17,25,34,47. -> 1
1,23,38. -> 1
14;16,21;23,29,36,41,46;50,54. -> 1
3,7;11,29,39;42,46,51. -> 1
1,2,7,11? -> 1
6;11,13. -> 1
4:5! -> 2
7,9:12! -> 1
8;12,13;17;19! -> 1
4,8,10,12,18,22,27,32,41,44. -> 1
10;11,12,18. -> 1
9;17,25,27,30,39,44,49;63,71. -> 1
5,7,9,12,15,18,21,24,27,29,32,35,39,44,56,64;68,74-77. -> 1
1,4,8,10! -> 1
1,2;4,8. -> 2
1,2,5,14,21,25,27,30;33,34,38,40-41-43,45-47,52,58! -> 1
3,5;7,9. -> 1
0]1[3.3] -> 1
1,17,23. -> 1
1.5,8? -> 1
1.3,5? -> 1
4,9,11,14-16. -> 1
0]1[2.2] -> 2
6,10,14,17,18. -> 1
0]4,8. -> 3
6,15,22-24,36. -> 1
4,7;17,23. -> 1
9,17,18,25. -> 1
4-10,16! -> 1
4,6,9,16,20. -> 1
0]1,9,20. -> 1
1,2,5,6,9,15. -> 1
2,3,7,9,11;17,25,30. -> 1
14,23,26. -> 1
2,8;21. -> 1
3,4-10. -> 1
7,15;23,40;43,48. -> 1
5,7,24. -> 1
1,2-5,13. -> 1
1,2-6. -> 1
2-4,7? -> 1
3,5,11,26. -> 1
8,14,21. -> 1
4,5,13-14,18? -> 1
9,11,15,19,24. -> 1
7,14;22,29. -> 1
9;16,24,31. -> 1
9;16,20,27. -> 1
4,7-8,11. -> 1
2,3,5-7! -> 1
3;4,5. -> 1
13;32. -> 1
1,5,9;17. -> 1
4,5,6! -> 3
1,6;7,8! -> 1
2,3,6;10-13. -> 1
27,30,39. -> 1
4-5,8,9. -> 1
4,5,8.18,26,38. -> 1
3.5,8,10? -> 1
1-2,11. -> 1
1,12,19,30,37(42)52;59. -> 1
10,16,20,25,37. -> 1
10,17,25,35,39,45,53,60,66. -> 1
9,13;25. -> 1
1,2,3:5,7,9,13,20. -> 1
0]3,8. -> 1
10,13,14,16,19. -> 1
1,4,9-10. -> 1
5-6,10-20-24,27. -> 1
5,8,11,16,23,29. -> 1
9,15,21,23,25,32-39! -> 1
1-8. -> 4
8,11;20,27. -> 1
1,4;8,10,17,18,19,22. -> 1
12,21,26,31. -> 1
1,4,16:20. -> 1
3,6,11,15,19,25. -> 1
5:7,8,12,17. -> 1
5,10,19. -> 2
1,6,18,24,29. -> 1
10,19,29,36,44,45,48,53. -> 1
2,4;12,16,32. -> 1
1,4,5,8,12,16,24,29,35,44,57. -> 1
7,21,32? -> 1
0]1,10,18. -> 1
1,3,4,14,24. -> 1
6,15,19. -> 1
1,4,10,14,18,22,26,36,45. -> 1
10,20,30. -> 1
5,13,26,28,32. -> 1
10,11,14,20. -> 1
8,18,22,23,25;34,40. -> 1
1.10,12! -> 1
3,4,7,10,15,23. -> 1
4,7,8,21. -> 1
12,20,26. -> 1
6,10,15,19,27. -> 1
2,3:7,8,12,17,25,32,36,41. -> 1
8-9,19,32. -> 1
2,10,16,25,27,30. -> 1
6;11,20. -> 1
4,7,11,15. -> 2
8,12,14,21,28. -> 1
3;8;11,13;20. -> 1
4,8,13;15,21,25,38. -> 1
9,11,18,27;38. -> 1
1,2,6,13,19,29. -> 1
8;16,19,29;41. -> 1
8,28,42;53,66,70. -> 1
5,23,36;38,45. -> 1
4,10,16:27,41,52,53,65,67,73. -> 1
8:12,18,23,32,37,42,48. -> 1
0]3,13;17,25;33,46,58;61,66,72,81,91. -> 1
10.19. -> 2
2;3,5. -> 1
4,5,12,15. -> 1
8,15,21,29,30,32,36;37,39,45,48,53. -> 1
1,16,19,21,25,34. -> 1
4,5,8,12,18. -> 1
13;14,17,23,33,35,44,45,47,54. -> 1
3:8. -> 1
1,4,12;19;27-28,30,32;43,47,49;53:66;67,78;82,86,89,92,96,101,106,110,116-117;118-120,124-126,129-134,135,142,146,151;156,163,175,182-183. -> 1
1,7,10,12? -> 1
6,11-13,16. -> 1
1,5,17,28. -> 1
1,10,11,14,19,35,37,39. -> 1
8,14,23;30,38,45;58. -> 1
9,11,14,18. -> 1
18,31. -> 2
5,6,14;15,19,22. -> 1
0]15,23,34. -> 1
9;18,34. -> 1
6,7,8,10,20. -> 1
2,12,16. -> 1
9,10,18,26,30. -> 1
1,5,9,13,20. -> 1
2,3,10,26,40,46. -> 1
1,4:21,27,32,44,47,53,57,70,79. -> 1
9,24? -> 1
15;20,34,42,60. -> 1
5,6,11,17. -> 1
5,9;13,19. -> 1
5,13,16,19,27. -> 1
3,5,6,7,8,11. -> 1
3,8-9. -> 1
1,9,17,20,30,39. -> 1
2,4,7,16? -> 1
12,24,28,36. -> 1
11:15,20,24,31. -> 1
4-20. -> 1
12,19;30,42. -> 1
7,8,16! -> 1
1,6,13! -> 1
8,14:16,24;29. -> 1
1,5;9-12.19. -> 1
6,14,23,31,44;53;62;72,75,80;85. -> 1
0]9,10? -> 1
4,17,26,28;38,40,43,50,58. -> 1
4,19,24,32. -> 1
7;16,22. -> 1
4,26! -> 1
7,11;22,31,40,42,45;52,59,65. -> 1
1,8,19,31. -> 1
1,19,33. -> 1
1,2,3,13,18. -> 1
4,9:25. -> 1
9,12,16-20,25. -> 1
9-11,15,16,18,23. -> 1
9,13;14,18,28,35. -> 1
8;17;28;39,50,51-53,69;77,83,86. -> 1
2,7,11,16,23,28,34,43,52. -> 1
3,7,21. -> 2
8:17,25;32-41,42,43,44,46. -> 1
5,8,18,35. -> 1
3,5,7,8,12,19. -> 1
5,15,17,38. -> 1
4,5,13,23-24. -> 1
8,20;31,39,43. -> 1
9,12,16-25,40. -> 1
2,3,7,22. -> 1
11.12. -> 2
3,5,14,21,25,29,34. -> 1
3,10,12,13. -> 1
3,7,17;27. -> 1
4,9,18,20,22. -> 1
10,14,18;21,23,25,27,33,36. -> 1
2,5,5[7.7] -> 1
3,16,22-25,33;41,49. -> 1
8,19-24,29,37,42-44,58. -> 1
16,25. -> 2
0]8,11,13-16,20,22-25. -> 1
3,13,20,28:46,56,64. -> 1
7,10,19. -> 1
5,12:17,25;40. -> 1
6;8:16,18,23. -> 1
3;9;15,19;29. -> 1
7,17-20. -> 1
4,10,13,20,25. -> 1
3,10,12. -> 1
6,10,12,15;18,20,24. -> 1
8,17,31. -> 1
5(10)15,26. -> 1
4,12,20;24. -> 1
5,8,10,12. -> 1
6,13,16,18,29,35,41. -> 1
3,8,10,15? -> 1
12,17,22,25,28,31,34. -> 1
7;13:24;30. -> 1
6,8,10,19,30;36. -> 1
3,4,7,17. -> 1
4,16,20,23,36! -> 1
14,19-24. -> 1
5:17;24. -> 1
4,6,10,14. -> 1
6,13:15,18,19. -> 1
4,9-11,13,21,29;38,46,47,51,55. -> 1
9,13,22,28,40,48. -> 1
10:11,21;22,29,41;42,51,58. -> 1
1,4,8,9,13,16,23. -> 1
4,7,9,16. -> 1
1,5,7,16,24. -> 1
3,9,12,18,28,32. -> 1
7,10,20,29. -> 1
8,10,11,23. -> 1
2;9,17. -> 1
6,10,14,26;33,41. -> 1
8,17,22,27,31,34. -> 1
1,2,7;13;23. -> 1
1,3,4,10,14. -> 1
1,5:8,11,14,18. -> 1
16,27,37. -> 1
16;22;33. -> 1
3,12,20,32. -> 1
11:20. -> 1
12,24. -> 3
2-3,5. -> 1
3;14:23,33. -> 1
2,4,9,19. -> 1
8,10,16,23,26,40. -> 1
2,4,5,6,8,16. -> 1
7,11,17,21,27,31,37. -> 1
1,5,15! -> 1
1,4,6,9. -> 1
4,12,22.23. -> 1
5,9,12,17. -> 1
2,4,11,16! -> 1
1,6,7,13. -> 1
3,4,5,13,19! -> 1
4,14,18,30. -> 1
9-15,16,17,24! -> 1
1,15,22-24! -> 1
9,13,24-36,42-49. -> 1
4,6,12,16,28. -> 1
10;11,12! -> 1
1,4,9;15-16. -> 1
10,19;26,33,41. -> 1
0]8? -> 5
1,2,2[4. -> 2
2,13-15,22,30. -> 1
4,10,24. -> 1
2,6,11,18. -> 2
1,11,12,15:21,23,32,34. -> 1
0]1,17! -> 1
4,7,10! -> 3
2:14,22,33. -> 1
4,10,11,12,19,26.30,33. -> 1
1,4.7,8,12,14,18,24,33;39,46. -> 1
1,2;13. -> 1
7,8,12;21-25. -> 1
0]1,18,23;25,32. -> 1
13,14:20,21,25. -> 1
4,5,11,13,14,19. -> 1
4,8,18,21. -> 1
1,7,15,21. -> 1
4,9,14,19,26. -> 1
1,2,7,14:24. -> 1
0]9-10,15? -> 1
19,32. -> 2
4,5,7,8,11,17? -> 1
1,2,11,18,22(31)39,40,41,43. -> 1
3,6,14? -> 1
0]2,6-8,13-14,15-17,20. -> 1
3,4,7;15? -> 1
8,9,12,21,31. -> 1
6,14,15,15(19)24;25,31,38,39(42)46. -> 1
1,2,7,13,15,23? -> 1
3,8,11,13. -> 1
6,10;13,16;20,25;30,34. -> 1
4;6,8,10,13,15,18,21,26. -> 1
1,3,8-8-8-8-8! -> 1
3,8,10,15;17,18,23,26,31:34,36,43,48. -> 1
3,4,13;20-30. -> 1
7,15,29,32. -> 1
5,11,17,19,23. -> 1
2;9;18. -> 1
1.2,8? -> 1
6,10,14,16,20,21,23. -> 1
5,8,14,25. -> 1
3,7,18. -> 2
1,3,4,9,13,21,34. -> 1
5,9,16;26:35,44. -> 1
6,13,26? -> 1
9:13,17. -> 1
1,4:8,10;12,14;20. -> 1
6,11,18,20:22,29;36;43;54? -> 1
2,3,7,11,15. -> 1
3;9.12,13. -> 1
4,5,10,20,31. -> 1
6,10;19. -> 3
2,10:18,22. -> 1
1,4,5,9,11;15. -> 1
9,24,27;28,32. -> 1
0]3,5,14. -> 1
1-1-2? -> 1
1,7,10. -> 1
8,20,32. -> 1
5,8,11,14,17;24,27,31. -> 1
1,4,12,14,18. -> 1
5,8;11-14-15,16-19-31,32,34. -> 1
6:13,17. -> 2
1,2,3,4,5:24. -> 1
1,2,5,8,13. -> 1
4,5,10,12,17,27? -> 1
7,15,23,37,41. -> 1
6,11,20,27. -> 2
1,2;4,6,16,29,51. -> 1
8,19,30. -> 1
8,13,17,21. -> 2
7,12,15:19,20,22,40. -> 1
1,2,9,18:24,27,31. -> 1
5,9,16,21. -> 1
2,12,14! -> 1
1,4;10,17. -> 1
9-21. -> 1
1,6,15,33. -> 1
9;14;22,25. -> 1
4-6,11,15,24. -> 1
17;18,31. -> 1
8,18;25,36. -> 1
2,6,21. -> 2
7,12,13,14,16,23,30. -> 1
3,17,31. -> 1
9,20,32,40,48. -> 1
10:14,21,23. -> 1
1,4;11,15. -> 1
4,16;42. -> 1
15,31,34,39. -> 1
1,16,25? -> 1
1,3,14,19. -> 1
3,8,13,16-27. -> 1
3,7,8,10. -> 1
1,15,19,22! -> 1
12;32. -> 1
20,21,28,36,43,44,47,52,56? -> 1
4-9,17. -> 1
12,29,36;44,50,63. -> 1
10,13,18;23,25,29,34,38,42. -> 1
10;18,22. -> 1
10,17,21,26,28,32,38,44,50,55,59,61,65,67,72,76,80,84,88,93,97,99-101,107,113,115,120:123,127,138. -> 1
1,6,21. -> 1
1,2,7;15. -> 3
1,2,8,10,14,16,18. -> 1
4:8,11.11[12. -> 1
8,25;28,33. -> 1
3,15,19. -> 1
6,10;17. -> 1
7,13,29,43. -> 1
1.2,5,10. -> 1
2,11,24. -> 1
1,4;14,19,24,27;28,34,41. -> 1
9,10,13,23. -> 1
3,7,8-13,16-18,27;28,29,30,34,38,43. -> 1
1,4,5,7,11;17. -> 1
1,3,9;13,15. -> 1
2,5;9,26. -> 1
3,7:12,16;23. -> 1
3,9,23. -> 1
1,2,7,8,12,15. -> 1
6,17-20,25,35,40,44,47. -> 1
4,6,10,18,23,40.44,52,61,65. -> 1
1,4,6,8,15. -> 1
7,16,22,25. -> 1
10,18,21,33,39. -> 1
10,15,22. -> 3
4,5;7,11. -> 1
3-5,10! -> 1
2,4,7,11. -> 1
4,21,27. -> 1
0]2,4,9;17. -> 1
3,7,13,18,26,33,38? -> 1
8,19,25;34,37,43. -> 1
4,13,20,23! -> 1
1,4,9,12-13,19. -> 1
11,13,17,22. -> 1
6,10,14,21,23;24,35,46:50,61,73,79. -> 1
2,9;23;27,37;48. -> 1
18-23. -> 1
1,2,4,8,19,21,23,28. -> 1
8-14,17,19,39. -> 1
3,4,6;11. -> 1
2,7;14,15,17. -> 1
9,11,15,22;23,26,32,35,38. -> 1
2,4,8,14. -> 2
1,6;7,22. -> 1
2,4,12,23. -> 1
3,15,18;22,28,34. -> 1
7,12-14;26;30-32. -> 1
2,8:11,16,20,42. -> 1
1,6,12;18. -> 1
3,7;14;28,34. -> 1
12:19. -> 1
10,17,22,25,30,34,40,44,47-50,61. -> 1
2,5,16,30. -> 1
6,8,10-11,17? -> 1
3,23,27,28,29,30! -> 1
6,25,28. -> 1
5,7,9,11;14,18,24. -> 1
5,6,7;8,9,10,11,14. -> 1
6:12,19,29. -> 1
8,14-16? -> 1
1,8,10,16! -> 1
25,29,31,32,34,43,54,65,72,76. -> 1
1,7.10. -> 1
1,10;14,19. -> 1
2,3,7;17. -> 1
3,16,25,29,33,36. -> 1
2.3.7;12. -> 1
11,16;19,24-26. -> 1
0[2.2]9,11,15,26;37. -> 1
4:9,13. -> 1
12,21,25? -> 1
1.5,6,16,20,26;34. -> 1
1,5,13,19,21,25. -> 1
1,3,4;25. -> 1
1,2,11;12,14,18. -> 1
1,3,4;7. -> 1
6,10-11,14,17-18,23,26-31,36,40-44,47-51,56,62,70. -> 1
1,6;18,23;31. -> 1
8;18,24,29;30,32,37. -> 1
6,10,11,13,18,25,32. -> 1
1.3,5;10. -> 1
3,7:14;21. -> 1
1,3,11,18,26,34;64. -> 1
7,13,19,27. -> 1
4,8,10,19? -> 1
1.2,7? -> 1
1.2,3,5? -> 1
0]0[4. -> 1
8,12;18. -> 1
9,15,30. -> 1
9;15,18. -> 1
1.3,8. -> 2
1.8;10,20,26. -> 1
8,12,14,17,34. -> 1
1.4,10;18. -> 1
7,16,20,21. -> 1
1.1[2.2] -> 1
1.4:6,13,19-20;22,29. -> 1
2,5,19. -> 1
2;3,7,11. -> 1
10;19;23. -> 1
9-11,19. -> 1
2:5! -> 1
1.5,12. -> 1
1.2,3,4. -> 1
8,12;16,19.19[21. -> 1
1.2,6. -> 1
11,13! -> 1
10;18,23. -> 1
1.2,3,13. -> 1
2.3.6? -> 1
1,6,20,30,36. -> 1
1,2,8,9,14,24,25,29? -> 1
1.2,13. -> 1
1.3,4! -> 1
1.2,3,7,13. -> 1
6,7,9;16,22,32. -> 1
6,7;23,29,32. -> 1
10,11,14,18. -> 2
1;3? -> 2
3,8,16,28. -> 1
4,12;19,26;44. -> 1
11;17,22,31. -> 1
15;21,32. -> 1
3:10. -> 1
3,9,11,25. -> 1
5,7;10,14,17. -> 1
2,7,12,15,19,25. -> 1
5,9,13! -> 1
0[4.4]18,23,26,29;38-40. -> 1
14,35. -> 1
1,6:10,15. -> 1
1,4,14,23,40-42. -> 1
6,12,17,19,23,27,34. -> 1
1.7,12. -> 1
4,9-13,19,25! -> 1
5;6,7,11,24. -> 1
7-12. -> 1
9-10,19,21,24. -> 1
7:19. -> 1
1,5;16-17. -> 1
7;11,17. -> 1
9,14;20. -> 1
1,16,21. -> 2
4-7;8,15. -> 1
1,4,11;15;23,24,31. -> 1
2,5,12;16,18,19,21,23;31,35. -> 1
1,2,5,6;11. -> 1
5,6;11. -> 5
3,11,13,15,17. -> 1
5,8,13,28;35,39,43,47. -> 1
1,8,21,32. -> 1
11,14,20;23,24-25,29,32,39,48? -> 1
6;10,15. -> 2
6:7,16;27;33. -> 1
15.18. -> 1
2,12? -> 1
5,14,18,24;26,32,39;41,46,50,53. -> 1
15;23,34. -> 1
4,5,10,12. -> 1
11,18,28. -> 1
7,11,18? -> 1
18;25;33;39,51. -> 1
4,10,17,21. -> 1
8,14;15,23,28. -> 1
5,12;17. -> 1
5,14,21. -> 2
9,10,11,26. -> 1
5;14.15. -> 1
1,6,10,15. -> 1
4;10,20. -> 2
4,17.18. -> 1
8,13,18,23. -> 1
2(10)16. -> 1
2,6,12,19. -> 1
0[4.4]5. -> 1
1.4? -> 1
2;6! -> 1
4;13,20,24,25,33. -> 1
4;17.21;26,32,36,38.42;52. -> 1
6;19. -> 3
1,6;16,23. -> 1
1,2,4,5,6,7. -> 1
3,11-18,26,34,39! -> 1
7;20. -> 3
3-9,15. -> 1
1,6;14,19. -> 1
1,8,17.18? -> 1
13,16,17,22,24,26,38,42,52-54;79,85,89? -> 1
5,9,25,30. -> 1
1,3:12. -> 1
0]2,3,6? -> 1
4,15;16,19,33? -> 1
9-15,23,31. -> 1
2,5,8,9. -> 1
0]2,11,26? -> 1
0]2,5? -> 1
6.6[8. -> 1
6,13,17;18,20,29,44. -> 1
4,13,25. -> 1
5,6;9,13. -> 1
5,8,12,15. -> 1
1,8,16! -> 2
2.4,7,10,18. -> 1
1.5,6. -> 1
1,4,8,9,17,21. -> 1
1.7,11. -> 1
9,16,22;23,25,30,33. -> 1
1,4;10,11,12:13,18,22,23,24. -> 1
1.5.9,11? -> 1
6,8.9. -> 1
2:7,11,16,20. -> 1
9,10,12,16,23. -> 1
1,5,18? -> 1
0[2,5.5]6. -> 1
1,4,10;15,18;27;36,44-46;63;81. -> 1
2,4;5. -> 2
2,5-8! -> 1
8,10,21,25,36,40,43,50. -> 1
4,6,21. -> 1
6;10,14,16. -> 1
8,14,25. -> 1
10;19,26,31,35,40. -> 1
2,15,21. -> 1
3,9,10,13,22,24,29,38,45,46,49,51. -> 1
2,7,15;17,21-23,25-30. -> 1
1,3:10,15,19,23,28,40. -> 1
1,2,4,6,10,11,12,15;19,23,27,28,30. -> 1
8,16,18,21,33,41. -> 1
1.1[4.4] -> 2
4,10,18;20,22,26,36. -> 1
0]6;14;20. -> 1
1.9? -> 2
3,18,21,35. -> 1
1,9;11,13,17,23! -> 1
6,8;12.13. -> 1
1,2;7;17. -> 1
6,7,10,18. -> 1
1,6,7,15,18? -> 1
1,10;12,16,21. -> 1
1,2,16,29. -> 1
1,3;5,7! -> 1
1,5,11;12,17;24. -> 1
5,14;24. -> 1
3,6,7,10,12,15-16,18,21,23;30,33,36,39,43,46,47,50,55;56,59,61,69. -> 1
1,2-2-10? -> 1
1,2,3,7;13. -> 1
1,2,7;14,18. -> 1
2,3,8,12,15,23,29,35. -> 1
3-8,17. -> 1
3,8,13,17;23,26,31. -> 1
5,14,15,22,27,31,48,65,71. -> 1
1,3,7,12. -> 1
1,7,18. -> 3
4,10,13,17;23,36. -> 1
2,4,12;14,21;30. -> 1
1,3-12. -> 1
3,5:12;18,32,43. -> 1
15,22,26. -> 1
3,14,17,21,26. -> 1
7;8,11,13,15,24. -> 1
3,9,16:23. -> 1
3,16,19. -> 1
1,6,11,16,18,21. -> 1
13,18,27? -> 1
1,2,5,8-14. -> 1
1,9,17:18,29,37. -> 1
4,17;18,21,27;33,37. -> 1
2,6,12;14,17;21. -> 1
1,2;8,18,23. -> 1
4,8,12. -> 6
5,7,14,19. -> 1
9,24;41. -> 1
1,4,13,24,27,36:39,42,46,53,58,64. -> 1
8,16,25,40. -> 1
0]4;10,18,26,36,40;50. -> 1
15;16,28,33. -> 1
8;10,13,21;25. -> 1
12,17,21. -> 1
1;6:10. -> 1
17,31,32,36,43,49;56,64,79,82,94,100;114. -> 1
4;9,19. -> 1
1,8,16,20,24,34,39. -> 1
1.2,3;6. -> 1
4;8,10;15,16;20.25. -> 1
1.8,15. -> 1
4,8;9,12,22. -> 1
1,4,10,11,14,26. -> 1
7,13;16. -> 1
2,7,12;13,16,21. -> 1
4;8-10,13. -> 1
9,14,23. -> 1
9;15,18,25? -> 1
6;9,12,18. -> 1
1,14;30,37,47,50;54;66,72. -> 1
11,31. -> 2
5,12,17;27. -> 1
9;20,24,32,36. -> 1
17,20. -> 3
4,5,9,12. -> 1
5,9,15,30. -> 1
15,26,28,38. -> 1
3,7,11,11(19)24;32;37-40,47;48,53,57,64. -> 1
10,14,19,23,28,30,35,40,44,46,49,52,56,59,63,67,77,80,85,89,93,94,95,99:104. -> 1
10,17;24,25,28! -> 1
1,8:12. -> 2
9:11,15! -> 1
1,10,21,27;29(34)38;49. -> 1
9,18:25. -> 1
7,16.22-26,33;39-42,50. -> 1
1,5;6. -> 1
4;6,10,19. -> 1
4,9,13,15,21. -> 1
8:12;24. -> 1
1.1]3. -> 1
4,7,19,20,25,29,38. -> 1
1,2,3.5,7. -> 1
2,4;10:19;27,33,38. -> 1
1.1]6. -> 1
0]1.3. -> 1
5,9,19. -> 2
11.11[13,18. -> 1
3,4,5-11. -> 1
4;13,17. -> 1
5,13,17:22,32. -> 1
6;9,18,24:32,37,39. -> 1
9,18,26? -> 2
1,3,5,14,21;33. -> 1
7;8,13,17. -> 1
4,14-15;33. -> 1
11,17,20,25. -> 1
10:22. -> 1
6,12;17. -> 2
3,17,21. -> 1
0]1,12. -> 2
1,6,11,12,13,14,15,16,19,20. -> 1
3,4,10,13,22,30,34. -> 1
1,5;9:10,12. -> 1
4:13,20,28,48? -> 1
3,5,11-13,19.20. -> 1
10,18,34. -> 1
1,13;21,22. -> 1
4,8;14. -> 6
5,9,11! -> 1
6-9,11-14. -> 1
12:14,15;29. -> 1
1,4,12:21;26,31,35. -> 1
8;17,25:35,47. -> 1
0]2.3.4,5,11? -> 1
11;17-18;25,28:38,47. -> 1
5;6,10,15:16,18,30. -> 1
4;11,14:16,18,21;25,27;32,35,40. -> 1
1,6,7,8,11. -> 1
4,6,10:16. -> 1
1,8,12,27.28,37,41,42,45. -> 1
1,3,7;10,18;25;28,32! -> 1
1,9,14! -> 1
5;9,11. -> 2
4,9,12,17:21! -> 1
4;13:20,26. -> 1
10-12,16. -> 1
2-3-4-9. -> 1
12;24,29. -> 1
1,3,10,19. -> 1
7,10,12,16,21;23,25,27,31,33,36;43. -> 1
4,7,9-11,15,19,24,26;33,38:41,50. -> 1
5:13;15,18-21,26. -> 1
11:19;23,30,33. -> 1
4,13:14,15,18-19,21,26,30,33. -> 1
8,9:15. -> 1
1,4,14,18,23. -> 1
4;11-13;23:27;35,39. -> 1
8-15,16,19,28;31,36:39-50;61,65. -> 1
3;14,18,26:36,42. -> 1
5;12,22,27. -> 1
8,17,25. -> 1
4,5,6,7,8,9,10,18:23,24,27:29,31,33,36,45;54,59:67. -> 1
5;17,23,31;40,47.48. -> 1
3:12. -> 3
9,12,17,19-20? -> 1
3;12;19,20,27. -> 1
2,8,12:17;24. -> 1
7,15:23,25. -> 1
8,9,12,15-18. -> 1
8:17,21;22,26. -> 1
4,9:13,26. -> 1
0]3,6. -> 4
7:23. -> 1
1,3,15;23. -> 1
7;9,11,16. -> 1
1,4:11? -> 1
6,10,18:24. -> 1
6:11,15,20;28,34,52:62. -> 1
4,9;14,22. -> 1
4:9;13,18,20,26,29. -> 1
4,8,10,13,21? -> 1
3:7:12,18. -> 1
3,9,14:21;24;33,35,45. -> 1
1,7:20. -> 1
7,10,12,15,20. -> 1
7;15! -> 1
9,15;22,28. -> 2
5;8-14,20. -> 1
5:10,19;30. -> 1
6:9,12-14,18.24. -> 1
0[6,11,19;21. -> 1
8:10,17,26? -> 1
16;35,42,53. -> 1
0[8,15. -> 1
2,10,13-22,30. -> 1
6,8,11;14-18,24:25. -> 1
0]3,11,23? -> 1
6,12,13. -> 2
4;9-13,19. -> 1
1,2,7,9,14;18-19,27,31. -> 1
2,3:9? -> 1
2,9:19. -> 1
3,8.8[9. -> 1
7,11;19,28. -> 1
4:7,11. -> 1
3,8,8(15)17:22,29;38;44,48;55;66;76,80,87. -> 1
7,12;23,28. -> 1
5;6,9,11. -> 1
0[4:6,7. -> 1
1,6;16! -> 1
5,11;14,18,21,25,28,30-33,36,40,46,49-53. -> 1
1,2,5;6,7;9,10. -> 3
1,10-16,23! -> 1
2:4,6. -> 2
2,3,7,12,16. -> 1
1,5-8. -> 2
9,16,33! -> 1
2:7,9,16,18,22,33. -> 1
5;13;24. -> 1
4,13,41. -> 1
1,4;12,18. -> 1
12,14-15-16. -> 1
2,3,9:12,13,21,23,28;29,31,38. -> 1
8,12:13,15,21. -> 1
4;7,8,17. -> 1
4,6,12,13,15. -> 1
16;18,23,29,37,44? -> 1
4-13. -> 1
3(7)11:15;22,26,28.32,37:47,52,60. -> 1
3,5;10;13. -> 1
11,20,28,35. -> 1
2,8,31! -> 1
3,5:12,16,20;25,32:36,45;50,57. -> 1
3,5,11:14,22. -> 1
4,8;20! -> 1
1,5;9,18. -> 1
2,4,6,10. -> 2
11;17,21,25;32,43,49. -> 1
5,6,11,24. -> 1
10,16,19:23. -> 1
1,17,30-34. -> 1
2,4,6,8,9-10,11-12,13,14! -> 1
6,10,18;19,22,32:36,37,42,46,50;55,62,68. -> 1
7,9,16,30. -> 1
1,3,5(9)9,21,26. -> 1
8:12-17,21. -> 1
6;14;19. -> 1
1,2,3,16. -> 1
3,9:19,22-23,27. -> 1
3:6,14. -> 1
1,7;8,10,14. -> 1
3;7,8,9. -> 1
7,12;17,26. -> 1
7-8;18:22,26. -> 1
2,5-6. -> 1
4:11.15;24. -> 1
5,10.15;16,19,24. -> 1
0]5,6! -> 1
1-1-3-6. -> 1
8,10,12,16. -> 1
6,11;19. -> 1
6,7,13,15,21;23,25,31,34,37. -> 1
5;20.22. -> 1
9,17-19,23,29,38. -> 1
1,7,9! -> 1
6;9,14:17,27,35,39. -> 1
2,5,11;19. -> 1
2;10! -> 1
5,7,11,15,27. -> 1
2,3,6,8,15,20,31. -> 1
8:13. -> 3
2,4,9,15,28? -> 1
1.8,12. -> 1
3,6,13:21,28. -> 1
3,7,11;17,23. -> 1
3(12)15,19,32,40. -> 1
6:11,21. -> 1
4;9,22;35,41,45,54,60,69:81,92. -> 1
3,5,29. -> 1
1,9,16,18;27,33,42,51,57. -> 1
1,8;10,12,13,14,15,16,17-18,20-29:36,38,40,42,44,58;64,72:76. -> 1
5,15,25,30? -> 1
3;6,14. -> 1
5,9,15,23? -> 1
3,4,5,8,14! -> 1
1,2,13.19,29. -> 1
14,20;21,22-23,33:42,50,59,64. -> 1
4,18;24,29;43;46,52,55;62;63,65. -> 1
10:18;19,22,28. -> 1
0[3,4,5. -> 1
3,6,12,15,18. -> 1
0]12;18,26:28,32. -> 1
1,4:10. -> 2
13;18,24. -> 1
5-9,17,25-26. -> 1
2,4,14:20,28,34. -> 1
9(17)22;27. -> 1
6;15,19! -> 1
3;9,14. -> 1
5,10,18,24? -> 1
1,3,7,13,17:22,30. -> 1
7,21,29. -> 1
3,10:14,17. -> 1
5:13;25. -> 1
0]8,12,15,27. -> 1
3,9,19? -> 1
3,12;29:30,32,40,47. -> 1
2:11,12. -> 1
4:9;15,26. -> 1
3.3] -> 1
9,16;17,26. -> 1
3,13:15,20,25. -> 1
5:8,14,17,22,26,28,31,38,45. -> 1
3,4,10;17;18(20)25,32,40. -> 1
1,5,10;14,19,26,33,34;42,53. -> 1
4;5,9,14. -> 1
12:15,19;23,28;31,34;38,42;44,49,54,56. -> 1
1,2,6;10,16. -> 1
1,2,3-4,5,7. -> 1
1,2,9;11,12,19. -> 1
4,5,10,16? -> 1
1,8,15:17,18;24. -> 1
0]1,2,3! -> 1
1,5,15,23,29:30,32,33. -> 1
0]7:12. -> 1
6,10,16,26. -> 1
5:14;21. -> 1
1,2-3-14,29. -> 1
6,12;14,20. -> 1
4:7,14. -> 2
4:9,16. -> 1
4,7;17,24,28,32,37,43.45. -> 1
2,11,14. -> 1
6:11. -> 3
4;14:20,28,33. -> 1
7,10,17. -> 1
10:19. -> 1
6-10,18. -> 1
10,16:20;26,29,34. -> 1
9,12,16-18? -> 1
1,5:9,15. -> 1
5:6,14,24,30. -> 1
6,20,26,31? -> 1
3-5;14. -> 1
4,16:18,25,40,50. -> 1
8;20,26. -> 1
7,13:17,25. -> 1
8:15;26,35,40. -> 1
8,14;22-26-28,30,37,44. -> 1
8,12,13,15. -> 1
4,8,16,25;38,43. -> 1
5,6,10,12,20,25. -> 1
9,20;28. -> 1
7,15:19;23,27,35. -> 1
1,2,4-5,7-8,10;13,20. -> 1
4,6-8,10,14,22:24,25,26,30,41. -> 1
2,3,4,5,6,7,8,11. -> 1
8;20;36. -> 1
4,8;13,15,17:22,28. -> 1
5,12,19. -> 4
3,6-8! -> 1
8;12,14! -> 1
1,3,22,33,34,35! -> 1
6,12,16,27! -> 1
0]15. -> 3
9,10,14,23. -> 1
3,12,28,41. -> 1
3,5,8,12,16;25,30. -> 1
1,5;22. -> 1
4,11:17,28;29,33. -> 1
8:17,20;26,35. -> 1
4,6:10,14;16,22. -> 1
6;18! -> 1
13:24.26,27,30. -> 1
10,13,21,26,32. -> 1
2,7:9,11,19;27. -> 1
0]4,13. -> 3
2,8,22,29. -> 1
5:7,21,30,35? -> 1
0]6;9. -> 1
0]4,15. -> 3
0]9,25? -> 1
9,19,31,34;37,42,45. -> 1
2,10.21. -> 1
5:14? -> 1
1,8,11,13,18:21,22,25,29. -> 1
11;18,21. -> 1
8;20,27. -> 1
8:9,20-21;22,35,38,41;43,47,51,60. -> 1
5;9? -> 4
3;8,14. -> 1
5,8;19,25. -> 1
4,8:11,14! -> 1
1,9,15,19. -> 1
9,15,19,23,33. -> 1
2,3,10,17,24,33. -> 1
18,23. -> 1
1,4;7? -> 1
9:13,25. -> 1
3,6,12,21,26? -> 1
3,8;24. -> 1
3,6,12,16,17:20,24,27,31. -> 1
10;13,15,20. -> 1
7:17-19;25. -> 1
6,10:18,19,25,28,31,35. -> 1
9,12,15,18. -> 1
3,6,8;32. -> 1
9:14. -> 3
4,16;24:32,36,43,48. -> 1
1;4,9. -> 2
1,4,5:9,13,22,26,28,37,41. -> 1
3(8,20)30;32,37,44. -> 1
3,7:14. -> 1
1:8,10;16,18;24. -> 1
6,13,16,20,26,29,32,35,39:40! -> 1
8-11-14-24,33;37:38! -> 1
8,12,16:25,33. -> 1
4,5;7,9;15,20. -> 1
1,4,24? -> 1
2-2-2-2-7,13? -> 1
1,2,9,13. -> 2
1,4,13,18,20,29;34,38,47,52. -> 1
1,10,25. -> 1
5,8,15,17,19,22-24,28.36! -> 1
6,9,13;27,33,48. -> 1
1;3,8. -> 1
4,13;25. -> 1
0[3]4. -> 3
9;10,15,20. -> 1
12-15. -> 1
2,4,6;15. -> 1
2,7-11. -> 1
6.6[9]10. -> 1
2,6,9,18,27! -> 1
14;18,23,31,37,40;41,47,50,55,56,63,67. -> 1
12;21,24. -> 1
1,9;17:19,26,35,43. -> 1
3;7,11;12,13,16. -> 1
1,4,8,15. -> 1
1,3,8,16,26. -> 1
5,8;10,14;23,25,27,35. -> 1
2,9,19;33. -> 1
22,23. -> 1
11,22,27. -> 1
2,3,7,18;32,37,40,46,49,53,58,73;75-84,85,89,95,107. -> 1
21,22,30,42;53-62. -> 1
1,12;14,18,27,37. -> 1
2,3,5,21. -> 1
3,7,11,15;24,25,29,33. -> 1
3,11,14,17! -> 1
1-2,3! -> 4
9;17,26,33. -> 1
1,9-10. -> 2
7,11,13-15,21,23,25,33. -> 1
1,2,4,6,15. -> 1
6,7,12;15,24. -> 1
1,6,10;13,15,18. -> 1
6,8-10. -> 1
4;9,12,18,26. -> 1
6,12;14,15,16,18,23. -> 1
4,6,7,9;10,12,17;18,20,21,23. -> 1
9,14,26;34,42. -> 1
1,4,8;11,15,17,26,29. -> 1
3-4,6,22. -> 1
2,3,6,8,9,15. -> 1
4,5,9,10;15. -> 1
2-3,5-6,9,11-12,14-15,17,36,40;43,48,51,54,60. -> 1
2,3,8,11,14,17. -> 1
1,12,19;21,22,27,32. -> 1
3,6;12. -> 4
2,8,21-28! -> 1
1,3:4,8,9,15,19. -> 1
4,9,17,25,34,41. -> 1
6;10,14,19. -> 1
5,12,14,22,32,44,47. -> 1
0[8,15,19,25,34. -> 1
13,16? -> 1
1,9,14? -> 2
2,9,12,15,16,23,28. -> 1
8,18;32-34. -> 1
6,9,10,15,21.22,29;36. -> 1
5,13,14,15,16;22,26,36. -> 1
9,15;20,31,37,45. -> 1
3,4,8,14,18. -> 1
1,6,10,13. -> 1
1,4,7,15. -> 3
3-8. -> 2
1,7-8. -> 4
9;16? -> 1
8,15-16,25,31,39. -> 1
4-9. -> 3
4,7:11;16. -> 1
4,5-7! -> 1
2,4-8! -> 1
7,8,9,10,12. -> 1
15,23;28,33. -> 1
1,2,4,10,11,12,14. -> 1
1,3,5:8. -> 1
1-3,8. -> 2
3,5,22:29. -> 1
1,3,7,9,12,16. -> 1
5,7,15. -> 3
6-11-14. -> 1
4,16,20. -> 1
9,21,28. -> 1
1,11:11[13. -> 1
1,4,6,10,17. -> 1
5,6,8,13-20,31. -> 1
8,13,19,27. -> 1
2,4,8,10,12,15. -> 1
6-14,28,32,37,46. -> 1
14;15,18,23;27,30. -> 1
1,9,16;20. -> 1
8:12,17. -> 1
8,14:15,18,23. -> 1
17,18,19,24,36. -> 1
3,8,14,17. -> 1
19,29,31,34. -> 1
3:6. -> 1
1,5,8;11,12,16,24. -> 1
1,22,25,35. -> 1
16,23,25-31. -> 1
7,9;19,25. -> 1
1,7,12,13,18! -> 1
2,9,14;16,17. -> 1
7,9,22,24,28,30,32,34,36. -> 1
12,14,18,23. -> 1
10,13,30,33. -> 1
4,7;10,13. -> 1
5,6,7,9,13,14,17. -> 1
8-15? -> 1
9:10,11,18. -> 1
1,11,16,18-21. -> 1
1,8,11,16! -> 1
5:6,7. -> 1
1.6,7,9. -> 1
4:5,6,8. -> 1
6,10;13,15. -> 1
5:7,8,9,10,12,24. -> 1
5,7;10,13. -> 1
1-7,11. -> 1
4,7,10,13,21,22,24. -> 1
13,16,17,19,23. -> 1
9,12,15,18,21,25. -> 1
11,20;22,23,24,30,35. -> 1
7;11,13,15,17,18,20,23;31. -> 1
9-9-11. -> 1
7,9,12,20;22,29,36,51,59,65. -> 1
6,15;23. -> 1
3,4-7,11,15. -> 1
1,5,10! -> 2
2,4,8;9,12,16. -> 1
1,7;8,9,15. -> 1
6,14,23,29,31,38? -> 1
8,17;24,30,34. -> 1
1,2,6,12-15,20. -> 1
5.12-13? -> 1
4,5,7,9? -> 1
2-4,15,24,28. -> 1
7,14,19-23,30. -> 1
2,9,17! -> 1
7,13;24,29,34. -> 1
6,8,11;14,17,23. -> 1
2,3,7;8,13,18,20. -> 1
9,16-17. -> 1
5,10,15. -> 4
3,9;13,27? -> 1
0]3,5,9. -> 1
2,5;8,10,12,14. -> 1
2,4,10,14-15;19. -> 1
0]1,3,6. -> 1
4,8;12,17. -> 3
13;22:24,29,34,35,41,48. -> 1
3,7,12,16. -> 1
0[17,20-21,37. -> 1
3,7,12;13,17. -> 1
4;7,9! -> 1
4:5-6,7. -> 1
4;6,9,14. -> 1
14,16,18,29,31,45,49;59,63,64,66. -> 1
1,10,12;13,19. -> 1
9;10;11,12,18;19,20;26,31;35,43. -> 1
2,12,27,29,35,37. -> 1
5:8-16. -> 1
3:9,13,18. -> 1
5,6,9,10,15,16. -> 1
6,11,12,16,21. -> 2
5,7,9,10,11. -> 1
8,10,11? -> 1
3,10,15,27. -> 1
5,10;15,21. -> 1
7,8,9;13,16,17,18,19,20,21,22,23. -> 1
1,10;17,25,39? -> 1
1,4,5,13. -> 1
9,18;30. -> 1
11,22-23. -> 1
8,17,27,30-34. -> 1
1,3,5,12;22. -> 1
1-15;32,40. -> 1
5;10,16. -> 1
5,8;13. -> 2
1-3,5! -> 1
5,8,10,12,14;15,18,19,21,22,24,27,29,32,33,34,35,36,38,39,41,43,52. -> 1
3,8;13,17:20-21,34. -> 1
1;12,14,21-23. -> 1
3,6,10,16,18,21,23. -> 1
8,11,15. -> 3
6,8,10:15;16,19! -> 1
3,4,5,8,10. -> 1
5,7,9,14,17. -> 1
11,20;32,37,42,47,50:55,62,68,75. -> 1
9,22,27? -> 1
1,3,13,21,23;38. -> 1
1,2;10:24;31. -> 1
0[4,5,8. -> 1
1,2,5:10. -> 1
7,11,15,19,24. -> 1
10,12,14,25-26. -> 1
10,12,17. -> 1
2,3;4,5;6,7. -> 1
16,24,25,26,27,38! -> 1
2,9;14;20. -> 1
5-15. -> 1
5.8,11. -> 1
2-3-5! -> 1
7-12,22? -> 1
1,4,9:9[13. -> 1
1,2,4,17? -> 1
1,2,8;15. -> 1
1,3,5,7;14,24. -> 1
1,4,9;10,12,18,25,28-35;36,37,39,53. -> 1
1,7,14,16,17,19-21,28,34! -> 1
14-16. -> 5
1;2,3. -> 1
1,4,17;25,32,37,41. -> 1
1,2,6.7. -> 2
1,2,3-7. -> 1
5,9,10,13,19:19[23.23] -> 1
1,2;9,13. -> 1
7,12;17. -> 1
3:8,13. -> 1
4:6,8,11-16,19. -> 1
8;11,16,18,25,30. -> 1
3,6,8,9,12. -> 1
1,3;5,6,7. -> 1
1,2,10,15-16. -> 1
2-7,13. -> 1
5,15,17-19. -> 1
5,10,21. -> 1
1,14,17. -> 1
3,7,16,20,23. -> 1
14,18. -> 7
8.9. -> 6
6;17,19,21,23,25,29. -> 1
2,5;12. -> 4
4,6,9,26,34. -> 1
2,4,7;19,22,29,36,43,51,53,58. -> 1
15,23,30. -> 1
6,9,12,20,33,41. -> 1
2,5,9,14,21,27. -> 1
1,13,29. -> 1
15,37;46,53. -> 1
1,5;6,9. -> 1
1,6:15,24,31,38. -> 1
7,20,22,25. -> 1
7,21-23,27,30,45,51,58. -> 1
3,5-7,15;21,24,34,44. -> 1
3,5;6,14? -> 1
9,18,28,34,47. -> 1
5,8,12,15.23. -> 1
8,14,18;22,26,32-35. -> 1
6:8,12,13-23,30,37. -> 1
3,5,8,16. -> 2
12,16:17,18,22:23,26. -> 1
1,2;3,4;6,7,13. -> 1
5,11;16,23. -> 1
6,9,12,15,19,22,24. -> 1
6,8,11,17,20,24,32,39,49,53,59,65. -> 1
6.10,17. -> 1
13,22;26,36. -> 1
4,8,14,26. -> 1
8,15;22,28. -> 1
2,3;10. -> 2
4,5;11. -> 5
3-5,6. -> 1
2-4,5-7! -> 1
1,10:21. -> 1
13-16. -> 1
3,5,14,19. -> 1
1,2,4,5,6. -> 1
6,9,12,13. -> 1
5,6;15,21. -> 1
8,9-15? -> 1
3,8;11,12,25. -> 1
2,15,26,28,35,39. -> 1
0[3,5! -> 1
1,3,17-21-23,27,28,29,31.36? -> 1
3,5,11-14,23;31. -> 1
1,8-9,10,15,26. -> 1
4,8,11,22. -> 1
9-10,18? -> 1
3,6-8,13-23-25;26,31,35. -> 1
4;11,13,16,18. -> 1
4,10,18! -> 1
4;8,15. -> 2
8-9,15,22,23,25,31. -> 1
4,14:23;28,33. -> 1
2,4,12,22,31;45,49,60. -> 1
14;22,26,30. -> 1
1,17,26.36,37,39,41,43,50. -> 1
2,4,7,20,39,40,43. -> 1
1,17,32. -> 1
16-18,27. -> 1
1,5,10,13,16:29,41. -> 1
2,3,9,18:20,27,34;42,49;50,54-55-57,61,66. -> 1
4,5,10.16,19? -> 1
5,7,16,19-25. -> 1
4,5,9.10. -> 2
1,5,9,13,14,15,17. -> 1
2,4,6,10,16. -> 2
9:14,19,22. -> 1
5,12,17. -> 3
6.10,14. -> 1
7,9;11,19. -> 1
1,3,22,30. -> 1
2,9,15,24;25,30,48,55. -> 1
4,5,8;12,17. -> 1
0]4,6,16. -> 1
4:5,8! -> 1
5,6,7,8,9,10! -> 1
4,6,10,16? -> 1
5,10;13,16:16. -> 1
5,6,8,13. -> 1
4,5,7! -> 2
5;15,16,19. -> 1
4,10,18,21,27,38! -> 1
13;15,19,23,26. -> 1
2,4:12;18;25,28:32. -> 1
4,6,9;16,19. -> 1
8,13,17;26. -> 1
5,6,12! -> 1
10,15;17,23,28,37. -> 1
9;18;30,35;38,40,44,49;50,52! -> 1
10,14,15,20,26;37,43,47,49,52. -> 1
11,12,15! -> 1
4,6;12;15. -> 1
7,11;13,15;21. -> 1
6;11,12,17. -> 1
14,18,25. -> 1
0]3;6;8. -> 1
10;15;25? -> 1
4,8,10:16? -> 1
1,2;7,11. -> 2
4,5:19;24,30. -> 1
9,12-18;27,36,42. -> 1
12:19,24;36,39. -> 1
3,5,7,18,21,23.24. -> 1
3,11,17:20. -> 1
0]10,11-14. -> 1
1,2,3,16,18,19,24,32. -> 1
4:14,15,18,22. -> 1
0]3,5,14;18-22,29. -> 1
1-3,4. -> 2
2,4,6,9,13,22,28. -> 1
2-9. -> 5
7[14. -> 1
1,5,6,7;10,12;16:28. -> 1
1,5;12-14. -> 1
4;12;24. -> 1
6;11;16,20,28. -> 1
1,9,14:27:33,49. -> 1
5,9;15,19. -> 1
4[7]7;12. -> 1
4,6,8,12,17,25;32,37;40,43;51,58. -> 1
3:5,21! -> 1
1,6:16:31. -> 1
3,7,8,10;19,23,25,26,33,36. -> 1
1,2;6:10? -> 1
4,10:14;16! -> 1
10,18;22,27. -> 1
12,15,20,25:33,36. -> 1
1,2,10;13,26. -> 1
5,10;18,22. -> 1
1,2,5;9,12,17,21,22,24,29,33. -> 1
9;14,21. -> 2
4,13:17,29. -> 1
1,2;11,13,14,18:23,24,30,35,37,38,42. -> 1
3;5,8. -> 1
2,3:7,9,11,13. -> 1
1,3,11:15,20,26? -> 1
9,14,15,16,19. -> 1
5:8,11:16. -> 1
7;11,15,18. -> 1
4:10,14. -> 2
1,8,10,11;16. -> 1
5;6,11,20. -> 1
0]6,7-14. -> 1
5,9;13:22;32;42. -> 1
2,7,15;21. -> 1
3,6,11! -> 1
1,5:13,16,22;26,35. -> 1
13,19,23,27,33. -> 1
6-8? -> 2
7;24! -> 1
4,10,14,18,19! -> 1
2,4,9;15. -> 2
1,6,13,20. -> 1
10:14. -> 1
8;10,13,15. -> 1
9,25,27,33. -> 1
10,11,14;15,19. -> 1
4:14,24. -> 2
6,9,14,16,18,23,25,27. -> 1
4:10,14,22! -> 1
12,18,28. -> 1
9:14,19;26,33. -> 1
8:13,20. -> 2
5,8;20,23. -> 1
1,7;9,12,24:29. -> 1
2:11,13. -> 1
4,10;11,19,24. -> 1
1,2,6,8,11. -> 1
1,10,17-18,19,25.26. -> 1
1,4,10,15,20. -> 1
3,4,7;11;15,17,27. -> 1
4,12;16,23. -> 1
9:15. -> 1
1,4:6;7,8-9,13,17? -> 1
1,8,17,25,41. -> 1
8,14;17,20,25;26,27,28,29. -> 1
2,3,4-5! -> 1
0]5,11:14. -> 1
1:6,16. -> 1
4,9,13,16. -> 2
2,9:15;18,22-23. -> 1
8,15;24;28,33. -> 1
4,10;16,26;30,38! -> 1
7,13:18. -> 1
5,12;17,26. -> 1
3,7,11,13:22,30. -> 1
6,12.15? -> 1
3,4,6! -> 3
5,9,15:21,31,42. -> 1
4,11,13,15,20. -> 1
4;7,13. -> 1
10;15,20;29:45. -> 1
5,10;19,28. -> 1
4;6,9:17:21;27,40. -> 1
3,4:13. -> 1
5;8;12. -> 1
2,4,10,17,26. -> 1
1,3,10,15;23. -> 1
1,4.11,13,21! -> 1
7,9,11,18:25! -> 1
1,4;19. -> 1
1,8,10:14,15;17,22.23. -> 1
4;10-12,18. -> 1
7,8,11. -> 2
1,4,7,9? -> 1
1,2,10;12,16,22,32. -> 1
4,11;23. -> 1
6,10,18,23? -> 1
4,13:15,21:24:29;32,36,38. -> 1
1,13,20;22,23! -> 1
4:13.21:30. -> 1
10;11,13-14,21. -> 1
2,3,10.10[11. -> 1
6;12,20. -> 1
2,3,7;11. -> 1
5,7,16! -> 1
1-5! -> 1
17,20,26,31. -> 1
2,7,12-17,19,21,24. -> 1
4,5,9,14. -> 1
9;11,12. -> 1
17,23,34. -> 1
1,2,3;5-7! -> 1
9;14:20;23,25. -> 1
2,12,22,37. -> 1
9,10;13. -> 1
5-7,11,20,24;29,34. -> 1
4,9,15;24,32;48. -> 1
1,4,15:23. -> 1
9;11,13;14,17;18,20;21,23;24,28,35. -> 1
0]4.8,10. -> 1
4-5? -> 5
5,8,13,17. -> 1
14.16. -> 1
17,23:28;37. -> 1
3,11,15,19:26;31. -> 1
6,16:23. -> 1
4,14,19. -> 1
4,13;20,25. -> 1
10;14-19,31. -> 1
1,4:8:12. -> 1
1,3;5.6. -> 1
6:8,9. -> 1
4,8;11,19. -> 1
8:20;27. -> 1
0[12. -> 2
0[3,5,8. -> 1
2,7:23,24,27,43. -> 1
5;10-13-14. -> 1
3,5:16;30. -> 1
10,14! -> 2
8,10,14,18. -> 1
0[7,21. -> 1
11,15,17,20. -> 1
7,14,21,29,36,42:43-44,45-46! -> 1
0]14,24,28,31. -> 1
0]5,10,14. -> 1
1,6:23. -> 1
8,10,12:15,16. -> 1
7,11:17. -> 1
8,9,10,13. -> 1
8,18;23! -> 1
3,8,15:28,31. -> 1
0[2,9. -> 2
2,5,7,16. -> 1
8:12;18. -> 1
1,6;6[9. -> 1
10,11,16,20. -> 1
2,4;7,16. -> 1
0]1,2,10;20. -> 1
7,13;14,15,17,20,23,28-29,36;37,42,46,50. -> 1
5,6,7,9,10,14. -> 1
8;16,17,18! -> 1
0]2,6,10. -> 1
0]1,5,8. -> 1
6.10. -> 1
1,2,6:12? -> 1
6;15? -> 2
11,15,19,24. -> 1
2,3,5,10! -> 1
11:18. -> 1
10,11,12,15. -> 1
7,12,13,15,23. -> 1
1,2,3,6;9. -> 1
4,10;16,18:22,23,28:32,32[34. -> 1
5,12:15.15[16. -> 1
12;21,37:42. -> 1
6;10,11,16. -> 1
10,15;18,21,24,26,30. -> 1
6,8;13. -> 2
7:12,14. -> 1
2;7,9,11,13-17;24,29,31-34;41-42;50;57,59,60,62;70,75,78,82. -> 1
2,5-8,13,20,25,35! -> 1
12,15,19,24. -> 1
5;9,12-13;20,23,24,26! -> 1
6:10,16;23,26,30;34,41. -> 1
1,2,4;11. -> 3
4,8;9,11,16. -> 1
5:14,15,20. -> 1
6,10,14,18. -> 2
3,6,9;12,15,18,21,24. -> 1
2-3,8;12;17;24,32;40,49. -> 1
4,5,8,14,19. -> 1
3:5,14! -> 1
4,5-6,8! -> 1
11,15,20;32,37;42,51-53,61. -> 1
1,2,4;6,10. -> 1
0]3,6! -> 1
0]3,7,15,23,30,37? -> 1
7,10,14,17,20,28;31,31(32,37,48)55,65. -> 1
4,9,10,14;18;22. -> 1
5;6,11. -> 1
5,9:26. -> 1
5;14,22. -> 1
7:11,22.25,31,43;46-51! -> 1
14:18,26,31. -> 1
4,6;9,10:23. -> 1
2,4,9;14. -> 1
6,7;11. -> 1
4,8:16,24:29,32,36. -> 1
6,12:19;24;32:42;50:56. -> 1
9;11,16:24;30,35. -> 1
10,20;27,32,35,40. -> 1
3,9;18:21,27,36;40,43,48,49,54. -> 1
5,7,8,9,14:21,30-42! -> 1
2,6,10,16. -> 1
5,9;14:20. -> 1
1,3,8,14,21. -> 1
2,3,4,8;12,14,16. -> 1
2,3;8:18. -> 1
2,4-14-18. -> 1
2,3-5,13! -> 1
4-6,7-10-12,16! -> 1
2,8;13. -> 1
2,3,5,9:10,16,22,25;34. -> 1
4,12;27;30,31,32,36;37,40,51;53,57,66,75. -> 1
1,5;7,19. -> 1
4,8-11-13. -> 1
2,5-9,14-20,23,29. -> 1
5;14,22,28;32,39,47;58-59-60-64. -> 1
7,14,22,25. -> 1
5,6,9,15,21. -> 1
4,8,12,17,26,30,38,47. -> 1
4,7,8;13. -> 1
1,5,12;21. -> 1
4,6,10,16;19! -> 1
4;11,12,25. -> 1
1,5:14:21,29. -> 1
2;8,15;21,28;32;35,38,43,46,51. -> 1
2,4:8-9-10? -> 1
0]5:11-12-13,19. -> 1
1,8-9-10,11,14? -> 1
6,12,19-20-21:30. -> 1
4,6,14,17? -> 1
1,4,16? -> 1
9;18;20,27,31;36,47. -> 1
11,13,16,20,32. -> 1
4,5:6,8? -> 1
8,9,16,22. -> 1
2,3,6;21,29. -> 1
3,13,16,21. -> 1
3,4,6,8. -> 1
4,5:14. -> 1
1,2,5,17,18,21,24. -> 1
6,12,16,20;22,26! -> 1
3,6:10,16. -> 1
8,11,14,17;26,31. -> 1
2-12. -> 1
0]1,2:10;15;20,22-23,27. -> 1
0]3:14,15,17. -> 1
4,12;18,19. -> 1
2,6:8,12-15,18,19. -> 1
4:9,20. -> 1
0[2]3,6? -> 1
8,12:20,25. -> 1
8,15;22,33. -> 1
2,3,6,10! -> 1
6;12,16,21:28,33-34. -> 1
10,11,14,24,26,27,30;35,38,41,42-43,45,49,52,55. -> 1
4,8,11,15,22? -> 1
8:26,30:37,40;46,58. -> 1
1,3:6,9! -> 1
4;19,25. -> 1
2,8,20. -> 1
10:14! -> 1
8,14,15,19. -> 1
8,14,19. -> 2
10,15;21,25. -> 1
9:13,24:43,47. -> 1
1,2,10,14-16,17,18,20. -> 1
1,2,9,15. -> 1
1,7:13:17;25:30,42,45. -> 1
2,3,7:19;20,23,27,38. -> 1
1,4,7,14,16,26,27. -> 1
20-27. -> 1
1,7:28. -> 1
1,4,6? -> 4
3,7;11. -> 3
2,4,7:8,12;14,16. -> 1
1,3:10;23:24,26,33:34,36;39! -> 1
6,16;26,32,43,52,61,73. -> 1
0[1]5:9. -> 1
1,3:4,8,12;22:23,27-28,29! -> 1
3-7,12! -> 1
12:22. -> 1
2;4;9;11,12,13,14,15-16,17-18,19,20-22;24-25,26-27,28,29-30,31-32,34;36-38;49,58,59,60,61,70:78,87. -> 1
4,9;17,22. -> 1
5,9,11,22;29. -> 1
0]2;4;7. -> 1
4,5,6,8. -> 2
2,3,14,18:27;32. -> 1
2,3;8:14,31. -> 1
4,14:18,24. -> 1
2,8,12! -> 3
5;10;16:17,25,35;39,43,52. -> 1
0]1,5! -> 2
4,8,9;16. -> 1
3,9,15,16,25? -> 1
7,14,23:25,28! -> 1
5,10,12:19,28,35;39,40. -> 1
4;12;16. -> 1
4;5,8,11,15:27? -> 1
9;14,18,22. -> 1
2:4,7? -> 1
8;13,14,17,19;31,33,37:41,45;46,49,54,65;71,73,76. -> 1
4;9! -> 2
10,15:24. -> 1
1,6,8,10! -> 1
2:8. -> 2
4,6,9,18.31;35,39,47,53. -> 1
1,6;14,21. -> 1
1,11,18,22. -> 1
9;18,20,28. -> 1
9:12,18. -> 2
20,35. -> 1
5:8. -> 2
3:5,8;15;24. -> 1
7,11,12,14,30. -> 1
5:14,20:24. -> 1
13:14,18,20,22,24,25,33,39. -> 1
0]1,2,6,9. -> 2
5,6,13,14. -> 1
5,15,20,27,33,44! -> 1
4,5,8,12:19,28. -> 1
3,7,12,24. -> 1
1,15,23,28,33. -> 1
13;17,22,27. -> 1
9;17;29;47! -> 1
3,12! -> 5
0]14! -> 2
1,17,19,22,29. -> 1
1,4,15;21,26. -> 1
2,11,14,22;24,28. -> 1
0]2,4.13,19;31. -> 1
0]1,2,5? -> 2
1,2,20;27,36,39,41. -> 1
9;13,22,26,31. -> 1
9:15,19. -> 1
4,6:14,19,23,28,32. -> 1
12,21;26,32,33-34,39! -> 1
4;10,13,21. -> 1
1,10,18! -> 1
1,2,12,18;23,33. -> 1
4:9,16,25;26,28,35,40,45;53. -> 1
3,4,6-23. -> 1
1,2,7,11,13,15,24. -> 1
1,4,11,17;21,30,35,42;46,52,56,57,64,76,83. -> 1
2,3,6-9,20;26-27-28-30. -> 1
2,9,13? -> 1
1,2,9,12,15. -> 1
8:15. -> 3
11:18,19:27,33:39. -> 1
3,4,6,8,14,17? -> 1
9:17;24;33. -> 1
0]9;15,23,28. -> 1
1,4,8,14? -> 1
1,15,21. -> 1
1,2;4. -> 3
0]3,12:18. -> 1
2,3:8,13,18,23,28,33;39,42-43-44,55. -> 1
2,3,4;9. -> 1
7;12,23. -> 1
2,4,8,10,17. -> 1
1,10,15:16,19:20,29,38;42,48. -> 1
9,10;12! -> 1
4:7! -> 3
0]1-3. -> 6
8:17;36:42. -> 1
1-3. -> 28
3,3[4. -> 1
3,4,10;19:26-27. -> 1
5,6,7,20. -> 1
10;20;26;36;39;45;50. -> 1
1,4,14,18,20,24,30. -> 1
8,13,31. -> 1
1,4,9;18,24. -> 1
4,17,22,29. -> 1
7,11;18:22,27,31,33,37,41. -> 1
7,11;18. -> 1
5,11;15. -> 1
4,7;17,23;28:32,39. -> 1
6,14,17,23,33. -> 1
1,4;9,16. -> 1
2,6,10;20. -> 1
4,16;24! -> 1
2;6,9,17. -> 1
3,10:19;20,21,25;28,35;37,40,43,45,50. -> 1
8,16,18-21,26,34,41-43;53. -> 1
2,3,8:16,21. -> 1
3,4,12,17. -> 1
2,9:14,21. -> 1
11,18,27. -> 2
4,5;10;13. -> 1
4,5,6;14,18. -> 1
12,16,19,28,34. -> 1
5,7,13;18,25. -> 1
2,7,14,19. -> 1
2,4,9:22:24:25! -> 1
1,3-6! -> 2
9,18;19,29,35,39. -> 1
1,7,35? -> 1
7,11,21? -> 1
6:17,26. -> 1
7,9,11,16.25:32.33,35,42,53,56? -> 1
6-11. -> 2
6:14. -> 5
9;20:26;40. -> 1
4,7;11. -> 4
8,17.21,31. -> 1
4:11:13,14,19,27. -> 1
6,7,12,23,36:40,50,58,65,69. -> 1
5,12:18;34. -> 1
3,4:8;14,23. -> 1
3,4,6:9,14. -> 1
3,4,8,12,14,18:34. -> 1
2,6,8;11;15,17! -> 1
3[8;14. -> 1
1:4;7. -> 1
1,10,17. -> 2
5,19;24,31,40,41,43,50,60;71,75,86,97. -> 1
12,15-21;39. -> 1
0[2]4,6,22;46. -> 1
1,4:9-11,15,20,23,28,31,35. -> 1
3,9,14;21. -> 1
4,9,19:31,37? -> 1
1-3,5,8. -> 1
2,4,8;18. -> 1
2,4,6,9;11,14. -> 1
10,15,28,32,37,41,44. -> 1
3,4,12,19. -> 2
3;12:17,25;29-30,36. -> 1
4,13:20. -> 1
11,18,26,33. -> 1
2,11,16,21,30. -> 1
1,4,10,16,25. -> 1
6,16! -> 2
3,14,23,24,27,32. -> 1
2,4,9,11,14. -> 1
4,10:11,18,25;32,41;48,53,68. -> 1
3,7,9,12:21,23,25,29. -> 1
4,12:20;24. -> 1
1,3,8;25;38? -> 1
4,10,18,23-25,29:38. -> 1
1,11;14,15,17;23,26;30,32,33,34,35;43,46;55;64. -> 1
1,4,6.7. -> 1
2,3,21:25,26,32,37. -> 1
2,4,13,16,19,29? -> 1
2,3;4,5,6,10,12. -> 1
2,5,13,22,29. -> 1
4,6,13,26,33. -> 1
9:23;28,35. -> 1
0]2,3,4,5,6,9. -> 2
3,11,13,16,19,20. -> 1
4:11. -> 1
5,6,10,15,23:37,42;49,55. -> 1
1,7;11-12,15,16,29. -> 1
2,3,8:25. -> 1
1:6. -> 4
2,6,10,17. -> 1
10,18;32,35,40,58. -> 1
9:14,22. -> 1
3,9;12,21. -> 1
5,6,7,10. -> 2
1,4,12,16,24,35. -> 1
4,23,27! -> 1
9;14,23. -> 3
2,6-11-12,17. -> 1
1,4:15. -> 1
5;9,18. -> 2
0[2.2]16. -> 1
4,5,8;16. -> 1
1,2,3:17;20,28. -> 1
4,5;6,9,15. -> 2
2,12,25,32. -> 1
5:15;15[17]19,26. -> 1
1,7,10,16. -> 1
1,2:7,11;17. -> 1
1,8,13,17. -> 1
7,9,16? -> 1
4;6,17. -> 1
1,2;4,6;11. -> 1
3,9,14,30. -> 1
1,2,3,7? -> 5
2,3,5,6,9. -> 1
3,7,9,15. -> 1
2,15,30,34. -> 1
1,3,9;16,22. -> 1
0]6,8? -> 1
3,4,9;13,19. -> 1
5;25. -> 1
0]1,2,9-10,16. -> 1
4,5;13,19. -> 1
1,4,10,16. -> 1
8,17;28;36;45,49,56. -> 1
5,11,17,20,25.32,42. -> 1
1,5;12,15,19. -> 1
4;9,15,18. -> 1
1,5,9,19! -> 1
0]7,14,18. -> 1
2,4;9,11. -> 1
1,5,16,27,35,39,47. -> 1
0]5.9,14,18. -> 1
1,5,15,27,40. -> 1
1,2,3;12? -> 1
1,2,3,4,7! -> 1
1,2,3,4,15. -> 1
5,9;11,18. -> 1
5,6,9;11,18. -> 1
2,5,6,7. -> 1
12,13,16! -> 1
13;22. -> 2
1,2,3:5,8,16;22. -> 1
1,6,19? -> 1
21,25,33,39,46,62. -> 1
8,14-15,22? -> 1
2,3,11:15;18,22. -> 1
6,17:24? -> 1
8,14,15,22,27,32:39,44,50.51. -> 1
3,11,16,23,29. -> 1
6,14,19. -> 2
4,5:16,28. -> 1
3,5,8,12;29,39,44,49,57,61,62,63,64,66. -> 1
1,5-6;13. -> 1
3-4,8,16. -> 1
1,12;24. -> 1
2,5,12,13,20. -> 1
1,9;13,18,22. -> 1
7,12-14. -> 1
4,5,9;18,19,21! -> 1
1,8,13;17-21-22,23,28,32. -> 1
2,6;7,8,11. -> 1
2,8-9. -> 1
8;16,20. -> 1
1.4,5. -> 2
4,19,25,29,34,35,41. -> 1
1,2,6,8. -> 1
3,6;17? -> 1
4,12,16? -> 2
9;19.20. -> 1
3,8,14,20. -> 1
1,2,10;19. -> 1
1,4,9;13,19. -> 1
2:7,9. -> 1
9,18,22. -> 1
3,12.14. -> 1
10,12,30. -> 1
5;6,9,13. -> 2
4,13,17-18,22. -> 1
14;21. -> 1
4,17;24. -> 1
1,7,12,15,16,23,40,48! -> 1
0]8,14;20. -> 1
13,18-22? -> 1
2,16,17,19,23,28. -> 1
5,9;13,17. -> 1
5,7,9,11,13;18,33,39,43,49,52;62,64,67;75. -> 1
1,5,9:15;18,24,33. -> 1
4,9;10,16,19:26,29. -> 1
1,2,5,6,11,15-19:24;29;34;39,43-44,51,56. -> 1
2,4,6,18. -> 1
5,12;19,28,30,40,44. -> 1
6,14,16,17,21,25! -> 1
0]1,2,10. -> 1
11,15:20? -> 1
4,5,8,17,26,30. -> 1
9,13,29,39. -> 1
4,8,16;23,31. -> 1
1,16,22,26. -> 1
2;5,6. -> 1
4,17,26,44? -> 1
2,7:15? -> 1
9,10,13,19.20. -> 1
4,5,16,26. -> 1
1,3:5,8,24,29,32,40;49,52,53,57. -> 1
1,5;19. -> 2
4;8,9,12,18. -> 1
8,16,20. -> 1
1,6,16;25,29! -> 1
10;13,17,21. -> 1
9;12,17,25;25[28. -> 1
2,3,6;9;13. -> 1
4:10,17;25,27,30. -> 1
4,5;15. -> 2
1,2,8;12,24. -> 1
4;5,11. -> 2
6,12,14. -> 2
5;7,8? -> 1
1;2,3! -> 1
12;20,22. -> 1
1,4,10;16,19,21. -> 1
1,3,6.7. -> 1
6,8,15,24,31. -> 1
6,10,11-13. -> 1
2,3,8,11,13,16? -> 1
4,7,16,25,36. -> 1
8,13,33. -> 2
5,7,9,13. -> 2
10,20,28,38.45,53;68. -> 1
1,2,3,4,5,6,7,12! -> 1
4,16,21. -> 1
3,6,8,11,13. -> 1
1,6;12:16,22,31. -> 1
8;16,17,22,26:31;39,53,56. -> 1
1,8:16:20-24;33,42,47,57,59;61,64,68. -> 1
10;16,19,25. -> 1
2;3! -> 3
1,3,8;16. -> 2
9;13-15,22. -> 1
4,5;11,14! -> 1
10;14,15,20? -> 1
10,16;19:26,27,29,35,45,53;54,61,62,63,68,77. -> 1
15,23,24,27,30. -> 1
6,14,20,23. -> 1
12;16,24. -> 1
6,9;18? -> 1
4,9,16. -> 8
8,16;22. -> 1
4,8,11,15. -> 1
6,15,18,21,26. -> 1
2,8,17,24,34;38,43,46,50. -> 1
2,6,7,10,14. -> 1
4,5,16,23,33. -> 1
3,6,10! -> 1
4,8,9,17,24,29;35? -> 1
11,15,19;24,29. -> 1
3,6;10;14;16,19. -> 1
3,14,23,27,31,34-36? -> 1
4,8;12,16;20,23;24,28,31. -> 1
8,10,11. -> 1
6,10,15,20? -> 1
7,13,27. -> 1
5.6,7,9,14;17,21. -> 1
1,2,5;11. -> 1
5:6! -> 2
3;16-17:21,24,35;50. -> 1
1,3,5;8,16,19. -> 1
5,8,18,18[21. -> 1
3,8:17,19,22. -> 1
5;9:20. -> 1
7,8,25,34;47;55,60,76;85:89,92,101,119,131,134. -> 1
9,18,26;38. -> 1
0]3:10,19. -> 1
4,12;20,25. -> 1
11,12,16,20. -> 1
4,9,12,33. -> 1
6,10,13,20,22,25. -> 1
5;13,18. -> 3
6,18! -> 1
3;14! -> 1
5,6,7,9:17,26,33,40,42,48? -> 1
8,18,24. -> 1
1,3,4;6,7;8,9;10,13,14;16,20,21,23. -> 1
1,3,8;9,11,16. -> 2
5;8;21,30. -> 1
8,21;35. -> 1
4,9,10,18,21. -> 1
11,24,36;53,57. -> 1
1,2,8;16;17,19,24:27,28,29,31;34,35,36,38;46;51,54,58. -> 1
6,7,8,15,20,26,37,52. -> 1
8,16,21! -> 1
15,19! -> 2
1,2,3,17,21:25,29-30,39,43,44,45,47! -> 1
4,6;10,12;20,22. -> 1
1,2,5,7,9,13. -> 1
2;4;9. -> 1
4;10,16,18;33,37:42,48,51,60,68. -> 1
1,3,7:12,18. -> 1
6,11;17,21:29,32-44. -> 1
7,9,11;16,21,23,31. -> 1
1,2;3,4:13,19. -> 1
9,19;37:49.51. -> 1
9,26? -> 1
6:10,12,16,26. -> 1
3,25;29,30-32,36. -> 1
13,16-25. -> 1
6:8. -> 2
2,4;5,6,12. -> 1
3,11:20. -> 1
7-8,12,16. -> 1
0]2,11! -> 1
1,4,5,10,15:22,27. -> 1
1,2,7,18. -> 1
1,12,17,22,28. -> 1
2,4,5,7. -> 2
3,4,8-9;14,18. -> 1
4,6,9;11,17. -> 1
6,9:14. -> 1
0]7,9,17. -> 1
3,11,19,25. -> 1
10:17;20,25. -> 1
1,5-6,9. -> 1
1,10,14,21,30.34,39,42? -> 1
2,10;14. -> 1
8-9,18. -> 1
3,9-10,18. -> 1
5:15,19. -> 1
9;11,13,15,18. -> 1
9,16,21. -> 2
9,19,22,25,31. -> 1
5;17. -> 10
0]1,2;4,9. -> 1
2,8,13! -> 2
7,12,17;33,39;47,50,55,64. -> 1
1,7,14,21,28-41-43,47-51-53.55-64,73;83-85,90,98,107. -> 1
0]3,10! -> 1
14;22,25. -> 1
9:17,18,19! -> 1
4,9-14,20;28. -> 1
8,16.26,33. -> 1
11;15:21,22,24,28;30,33. -> 1
10,17;24:26,27,34,41? -> 1
4,11,12,17. -> 1
1,8,10,14! -> 1
8,14,17:29? -> 1
1,2,12,13,15. -> 1
6;16;22;28,31. -> 1
1,3;11,12,20,25:26,29,32,37,43,54,59,61,63,67,76;84,92. -> 1
3,19? -> 1
6,8,10;28,33,34. -> 1
3,4,8;12,15,19,22,26;36,44. -> 1
4:8? -> 2
3;12,20. -> 1
8,12,16. -> 3
13;20,30,32,34. -> 1
6,8,9,16:20,25,34. -> 1
6;12,14,17. -> 1
4,8;24. -> 2
6,9;16,22,24. -> 1
7-11. -> 1
4,9,24. -> 1
4,8,17,23. -> 1
6,8,14,17:25;28,30,34,44;47,53. -> 1
1,4;10;20. -> 1
4,8:15;28. -> 1
4,10;18,25. -> 1
1,5,15,24. -> 1
3;5,7,8;10. -> 1
4,7,10,17;26;36,43,56;65,68,74,90. -> 1
10,14,20? -> 1
0]2,4,8,11,21. -> 1
6,11,15? -> 1
1,9,10! -> 2
3,9,15,25;26,27,41? -> 1
6,11,20,23,31. -> 1
4,14;19,22,24. -> 1
1,2;3,4;6,8. -> 1
9:11,12;16? -> 1
6,11;15,20. -> 1
2,3;9:13,17,28. -> 1
1,2,10,18,31. -> 1
11,18,22:32;37,42,49. -> 1
0]8,12. -> 1
2,6,11,21. -> 1
6:14? -> 1
1,4:5! -> 1
5:11,15. -> 1
10,16;22. -> 1
6:10,19,23. -> 1
7,8:12,17. -> 1
7,12! -> 3
3,8;11,15,20. -> 1
0]1,2,7,9,14:21,29,32. -> 1
2,5,15,21;28;37:40,45,50. -> 1
9,14,18,29! -> 1
2;9;13. -> 1
12,18? -> 2
3,4,14-24-26;32,40:42,45,54;70,72,73,76. -> 1
8;16,23;26. -> 1
1,2,8:16;21,27. -> 1
2-2-5-5-8? -> 1
8,17:21,25. -> 1
2,4,10,17. -> 1
3:17. -> 3
4,5;7. -> 3
5,14;21. -> 1
6:17;18,21! -> 1
5;8,9? -> 1
3,4,14,16,17,19,21,28;34,36,39;42,44,49. -> 1
3,10,16;17,19,20,23,31-32;46,59. -> 1
2,5,11,13;15,17,19. -> 1
1,5-7. -> 1
11,15;20,23,29. -> 1
1,9,16,20,24,27. -> 1
4;7,8-9. -> 1
3,10,15,25,29,37. -> 1
2,6,16;28,35:39,42,50. -> 1
0]1,2,5;8,20:31;40? -> 1
4:6,10. -> 1
7:10,17,21. -> 1
14;19,24. -> 1
17,27,32,49,56,62,64,66,71. -> 1
8,9,11! -> 1
6,8,16,27. -> 1
9;16,19,23,26-34. -> 1
11;16,21. -> 1
3:7-8. -> 1
9,10,14. -> 1
7,13:17;22. -> 1
2;4:5,11;12,15,18. -> 1
1,8;13,23,24;30-31. -> 1
2,15:17,19,27,33? -> 1
7;12? -> 2
7;9,10. -> 1
4,7,8;12. -> 1
5:13,28. -> 1
8,20;22,26,34. -> 1
3,4;8;16. -> 1
1,3,4,13,22:27;45,53. -> 1
4,7;17;30. -> 1
1,9,28,33! -> 1
3:9? -> 3
9:11,13,18,21,25. -> 1
1;16. -> 1
0[3,7.7] -> 1
1,2,11,20,28. -> 1
2,6,22,27. -> 1
5:6,11,17,24,25,27,31,32,36. -> 1
9,23:25,29:37,51. -> 1
9,14,23;34. -> 1
1,4,12,22. -> 1
9,11,13,14,17! -> 1
3,7,10,14:18. -> 1
4,6-10,16;25,34;38,44-46,51. -> 1
6;9;15,28:30,36,43,47,50,51,60,65? -> 1
8,9,18. -> 2
3,4,15,16. -> 1
8,18,25;44. -> 1
1,7:18? -> 2
1,3,7;20,21,23,37. -> 1
7,8,23? -> 1
10:25;28,37,40. -> 1
2:8,9,24,30. -> 1
1,4.6,7. -> 1
1,2,11,15. -> 1
9,21,25. -> 2
10,15,23;32(35,36,39)45,49,53,61. -> 1
1,4:11,21. -> 1
4,5,7;11. -> 2
11;15,20. -> 1
0]9;12-16. -> 1
1,2,4,5,16,21,28,40. -> 1
12,19,25. -> 1
8,15,33? -> 1
14,18,19,22,27,37,46. -> 1
1,9,19;28,32,38. -> 1
2,3,9,15. -> 3
1,2,11;18,22,27,28,33:39,42. -> 1
4:8,12,17. -> 1
1,2,8,11,15,17. -> 1
3,4,5,12,20,27,28? -> 1
1:2,7,12. -> 1
1,2,6:14;24. -> 1
1,4,7-8,17. -> 1
1,2,3,4,5,6,10,14,18,26,27,28,29,30,32. -> 1
3,6-9,13,18,27,47,55. -> 1
13,20,27. -> 1
1,2,3,5,7,12. -> 1
2,3,4,6,7. -> 1
2,5,8,18. -> 2
3,4,20! -> 1
2,5,14,21. -> 1
7,16,33,40. -> 1
5,11,26. -> 1
1,2,10,14? -> 1
13,23,32. -> 1
5,14;24,30,41. -> 1
1,2,4;7? -> 1
11,25,28. -> 1
13,22,30. -> 1
6,10;15,18,22. -> 1
17.22,29,37. -> 1
1,2,7-17. -> 1
6,11;20;24,30. -> 1
4,5;25. -> 1
9,22-34.35. -> 1
5,9,15,28. -> 1
8,9,12. -> 4
10,14,22-23,24,31,36. -> 1
2-2-16,22-22-31! -> 1
1,5,8:19. -> 1
10,11,13,18;19,21,28. -> 1
3,5,14! -> 1
5,14,25,34. -> 1
3-4,6-16. -> 1
1,2;4,7? -> 1
2,5,11,18. -> 1
4,5,9,12,18,29. -> 1
3,6,18,29,41. -> 1
3,9,26.30,43,44,46-48,52,56,71,79. -> 1
1,2:11;18,25. -> 1
6,20? -> 2
3,4:6,9,12,17. -> 1
8,14,30? -> 1
1,4,10,14-19? -> 1
9,16,19,24. -> 1
4,8,13,19;33. -> 1
1,8,11,13-15,19;24,29;31,34,37. -> 1
3,6,10,19-22. -> 1
5,17,18,25? -> 1
3;16. -> 4
24.27,30,33,42,45! -> 1
5,13:17,22. -> 1
1,3,12-15. -> 1
3,5,9,10,12. -> 1
5-6,13;23.24. -> 1
8,12;17,22,35;36,39,50. -> 1
14,18,23,34,36,43. -> 1
3,29,38,54. -> 1
3,13,25,29,34,45. -> 1
4,12,20? -> 1
10,17,18,24;38? -> 1
4-8,14,17-27. -> 1
8,16,17,25,42. -> 1
4:12;17,25,32. -> 1
1,7,16,28. -> 1
1,2;19. -> 3
15,23,27,29,31. -> 1
12,20,25. -> 1
8,9,17,31. -> 1
3,9,12:17:28:34,37,45:48;57,69. -> 1
1,18-19! -> 1
7;8,14,18,23,30,37. -> 1
7;11,25. -> 1
2,8,10-15,16,17,23? -> 1
3,5,7,11;18,23. -> 1
1,10,13,17. -> 1
9,18;31. -> 1
6,10,15,19? -> 1
4,10;26. -> 1
1,4,6,10. -> 2
1,3;7,16! -> 1
9,12,29. -> 1
8-17? -> 1
3-4,6,14,24.24[25. -> 1
2,4,18! -> 1
9,16;23,41. -> 1
5;9;13,20. -> 1
12;16,23-26,32. -> 1
3,8,15,22.30,38:42? -> 1
7,9,11,21;30,42-44. -> 1
4,5,9,24,32! -> 1
5;6,10:10[13.13]19;34. -> 1
10,13;20,35;45;50,66,73. -> 1
5;12,16;25. -> 1
3,14;23. -> 1
8,15;17,21,30. -> 1
4,8,22. -> 1
9,17,24,31,42,45,53,59,65,74,81. -> 1
3;8,14-17. -> 1
2,7,11,13,20;28,33. -> 1
7;12,15,16,17,22. -> 1
5,7,9,14,18.23,26,29,32-45. -> 1
4,6,7,24,31,33,41,49,51-52,56. -> 1
3,9,13,18,21,25? -> 1
1,10,14-18. -> 1
2-7-8. -> 1
4,6,8,10.11. -> 1
3,8,25. -> 2
10;15,28. -> 1
13,15,17,19,20! -> 1
1,6,13,20! -> 1
2,9,14,18;25,26,30,34. -> 1
5-6,12. -> 2
14;23,24,27,43. -> 1
16;17,19,24,41. -> 1
7;9,15,25,41. -> 1
17,27,36,42,46,56. -> 1
1,13,24! -> 1
26,27,36,43,54. -> 1
8,9,18,26;27,35,38,48,63. -> 1
5,6;14,22,28. -> 1
6,17;27,37,39,42. -> 1
0]4,10,14? -> 1
3,5,10,14,19,22,29,34. -> 1
12.16,21. -> 1
16,26;30,33-35,36,40-43,50. -> 1
9,15;19,23,28,32. -> 1
6,8,16. -> 4
3,4,12,20,27,33. -> 1
1,6,14! -> 2
9,18,30,34. -> 1
2,9.17;21,23,33. -> 1
10;19,28. -> 1
1,4,7,9-11,14. -> 1
6;14,17,19. -> 1
17;25,33. -> 1
6,8,9. -> 5
2,9,18. -> 10
8,14,15,22,31;33,39,47. -> 1
11;25;43. -> 1
3,10,24,41. -> 1
5,10;11,14. -> 1
12,16;18,20,25,30. -> 1
7,17;26,30,33-35. -> 1
8,15;30,54. -> 1
2,5,8:35. -> 1
5,15,24;34-39. -> 1
6,10-12,16. -> 1
5,9,13,15,18. -> 1
6,16,22,30,36. -> 1
1,3,9,16,20. -> 1
12,17-19. -> 2
1,8;9,18,27. -> 1
2,4,6,8,10,17. -> 1
1,3,7,18,19,22. -> 1
3,10,15,20,27,35,42? -> 1
4,17,18. -> 1
5,17;25,36:40,47,51? -> 1
1,4;10,14,22. -> 1
2,10,12,14,16,19,25! -> 1
1,7,21? -> 1
4,13;17,19,23,29. -> 1
4-9? -> 2
1,16,24? -> 1
1,2,4.13,16,18,20;32. -> 1
4,7-8,28;29,31,35,43. -> 1
11,15.21? -> 1
20;29. -> 1
6,13,17,22,30;39,40,47,56,60? -> 1
2,4.5. -> 1
3,9,12,22;28,39. -> 1
3,12,14! -> 1
3,12,15. -> 2
4,8,14-17,24;40,41,44,49,57. -> 1
0]2,4;10. -> 1
9,23,28,30,34. -> 1
12-13,14. -> 1
8;9,10,21! -> 1
8;13:20;25. -> 1
1,2,9,17,23;35,42,58. -> 1
13,18,30,35;41,45,49,52,55,67,68,70,71,72,76,81. -> 1
0[2]5,8. -> 1
4;9;25. -> 1
5;10,19,27,29,30,35.51. -> 1
14-14-14-14-15-15-15-15-15! -> 1
4,11,14! -> 1
8;22,24,27,41;44. -> 1
0]2-7,11. -> 1
7-17;28,36. -> 1
1,4,5,9;15,19,22,27,32. -> 1
9,13,19,24,27,34,42;51? -> 1
4,10;16,20,27,35. -> 1
11,25,27,28,30,34. -> 1
1,20? -> 1
2,3,4:9,15. -> 1
4;6,16. -> 1
7,13,14;15,22,36,44. -> 1
1,4,11,17. -> 1
8,14,29,37,46,53. -> 1
1,5,7,13,15,16,17,19,21! -> 1
5;9,12,19. -> 1
8,14,17,22. -> 1
9,17,20. -> 1
2,4;11. -> 5
6,9,12? -> 1
2,3,4,11. -> 1
3,4,8,13. -> 1
8,17,19,23. -> 1
5,12,20;29,36;41,42,51,52,61,64,65,76,82;91,96,102,105,107,108,113;114,120,128. -> 1
7,15,16. -> 1
6,10,17,30. -> 1
13,18,22;34,41. -> 1
1,4,11,13. -> 1
0[2]5,6,19? -> 1
10,15,22! -> 1
0[3]4,7! -> 1
2,6;11,14. -> 1
1,8;9,17;18,25;26,33. -> 1
2,8,10,16! -> 1
4,9;13,18,24. -> 1
4-5,9,14? -> 1
4,14,19,26. -> 1
7,10,15? -> 2
3-4? -> 3
3,13,22,30. -> 1
13;33,41,45. -> 1
8,25,38. -> 1
10;12,17,21,32-34. -> 1
1,15;32. -> 1
14,19,20. -> 1
16,33;37,42,51. -> 1
3,7,13,23. -> 1
1,9,16,23,33. -> 1
5,9,11,14,18,22. -> 1
4,10,19,22,26-35,46? -> 1
8,18,30;41-43,44,45,54;59,62,79,81,92,102. -> 1
6,10;14,19! -> 1
2,6,14,18,19-20,23;39,44. -> 1
2,3;14,23. -> 1
1,2,8,10. -> 1
8,17;18,24,33? -> 1
3,10;24. -> 1
1,8,15;29;37,44,54. -> 1
9,14,15. -> 1
3,4,9,10,12,18,21. -> 1
1,8,10,15. -> 1
8:10,12,14,20,26. -> 1
2,6,13,24,27,31;37,41,45. -> 1
4,10,13,15. -> 1
1,2;5! -> 2
4,9-14. -> 1
4,10,12,15? -> 1
4;8,16. -> 1
2-4,13? -> 1
2,10-11. -> 1
5,8,10,12,17! -> 1
4,14;26;27,30,47. -> 1
2,3,5! -> 5
3;7,8! -> 1
5,11,16,22. -> 1
1,2,4,9! -> 1
10,11,16,18. -> 1
1,9,14,17,23. -> 1
9;18;20,27,28,34! -> 1
3,9,16,27,32;38,41,50. -> 1
1,5,11,17,19,23,25. -> 1
1,6,19,27. -> 1
2,4;15. -> 2
9,13-15. -> 1
1,4,10,14,19? -> 1
4,8,10,19. -> 1
5,7,8,17? -> 1
1,9,18,41. -> 1
9,17,21,26,28,29,32,34,38,47,57,66. -> 1
6,7,10,15! -> 1
1,6,19;22,35. -> 1
18;22,25,29,33. -> 1
8;15;22,31. -> 1
1,9,15;17,22,35,43-44,47,49,56,59-60,65,67,69,71,73,74,85,91,93-96,98,99,104,106,112,119,122,124-126,130,132,139,142,143,144,145. -> 1
2,12:17. -> 1
4,13,26. -> 1
5;14,18;28. -> 1
1,4,7,15;30. -> 1
5,6,7,8,10,13,17;21,28. -> 1
10,14,27;31,35,44. -> 1
1,4,5:11,14,18,22. -> 1
2,4,12,16,25;26,33,42. -> 1
2,5,6,7,31,36,42,43,45,49,50,51,59. -> 1
5,11,23. -> 1
5,8,17,25. -> 1
10,12,21,22,24,32. -> 1
8,25,42. -> 1
6,12,15;28-29! -> 1
4,12,15,22;23,38. -> 1
11-13;17,24,33,37. -> 1
1,5,16;26,33,34,38,42. -> 1
8,17,26;31,43. -> 1
4,9;14,17,27:36,44;50,57. -> 1
2,4:8,16-19;27;42:44,47,49. -> 1
9,19,26,30,34;45,50,52-53,57,61. -> 1
2,8,9,19,32. -> 1
8;13,22-25:29,32,34,44. -> 1
2,8,15,19,20,23. -> 1
1,2,4;8? -> 1
2,3,4,6! -> 3
1,10;17,19;23,28,34. -> 1
0]7;12? -> 1
6,13,20-22,27,33,41,59. -> 1
1,14,19;20,22. -> 1
6,7,8,12;15,17,18,21. -> 1
4:9,15,18. -> 1
1,5,8,12,20;29:33,39;44,48:51,56. -> 1
6-7,9,15. -> 1
2,4,7,8,12:16. -> 1
2,8-9,17;33,51;52,58,62,66,74:82. -> 1
7,13;15,18,27,31,34,37,48. -> 1
2,6,18,22! -> 1
14,20,22,30! -> 1
4;10,16. -> 1
3,6,7-11;19,26. -> 1
3:4,6. -> 1
1,3,18? -> 3
3-15,36. -> 1
5,15,21:26;30. -> 1
1,5,19,22,30,40. -> 1
9,22,31,32,34,36,39;41,48,56,65,73,76,78,82,84,95,101. -> 1
0]2,3,5,13;14,17,19-23-24. -> 1
5,8,19. -> 1
2,5;9;14! -> 1
2,5,17;23,25,31,36,41,43,46;53. -> 1
5:10;14,18,26:32,34,36,43. -> 1
1,14,18. -> 2
4,10,13-19,28. -> 1
3,11,13,16. -> 1
12:13-15,16,24? -> 1
1,2,6,7. -> 1
4:8,9. -> 1
10,16-17. -> 1
2,9:12,13,14,15,24. -> 1
4-13,23,30. -> 1
4,5,17. -> 3
2,4,9,14! -> 1
5-11;12,15;19,21. -> 1
2,9;12,13,18;19,23,25,33. -> 1
6,7,9,18. -> 1
7,11,22,31,40,43,52. -> 1
3,12:15,21. -> 1
6,15,25. -> 1
7,8,15? -> 1
5,16,24,32? -> 1
7,11;16,21. -> 1
4,17;19,21,26,28,32,43. -> 1
4-8! -> 3
3,4,24. -> 1
2,31. -> 1
2,4,5,8! -> 3
8;9,10,12,19,27,34,42. -> 1
1,6,11.14,20,33;40,43,46. -> 1
3,5,7;12;13,14. -> 1
17,33. -> 2
1.8,17;24. -> 1
1,6,10,28! -> 1
6-7-18,26. -> 1
1,6,17,18,21,30,32. -> 1
1,5-9-13,21? -> 1
1,7,8,23,32. -> 1
1,3,13! -> 1
9,14,28,37. -> 1
1,4,9,10,17. -> 1
4-5-9. -> 1
0[1-3. -> 1
1,4,12,14. -> 1
2,5,9,11! -> 1
0]1,9. -> 4
5,12;27,31,36;43,45,47,55,56,63,64,71,72,75,79;88. -> 1
10,15,25,33. -> 1
1,2,4,5,7,9. -> 1
8;20! -> 1
3,12,20,33:36,43,51;59:61,67;70;73,74. -> 1
2,7,14,23,30,32. -> 1
6,11;13-20:29. -> 1
1,2,4,5,10,12,18. -> 1
4;18,20,22;26. -> 1
8;33:34,35,41. -> 1
0]2,3,5! -> 1
1,7;9? -> 1
5,9,13,17! -> 1
9.13,17,22. -> 1
1,3,8;9,18. -> 1
1,4,10,19,29. -> 1
1,12,16,18;26-27,31-34,55-57! -> 1
2;12;22. -> 1
4,6,9,20,24,26,28,32. -> 1
2,6,7,10,16,26? -> 1
1,5;14,20,24;36. -> 1
3-13,16,29;33,46. -> 1
18;27;31:44,52,59. -> 1
4;20. -> 2
10:12-20! -> 1
5-6,9. -> 2
12,17,21,22,35! -> 1
1,7;13,17;23,36. -> 1
7,9.10. -> 1
4,9,12,15,18,23-28-29-34. -> 1
8,18:26,36. -> 1
4,6-9:10,12,15,23. -> 1
14,27. -> 2
29? -> 2
9,18,19,25. -> 1
9,14,18,26. -> 1
3,15,17,28,30,31,32,33,34,47,56,62. -> 1
3:6! -> 1
1.3,10? -> 1
9,15,19,23,27. -> 1
1,3,14,18,21. -> 1
1,4,5,6,7,8,9,13. -> 1
3-7,9,17,21,41,50. -> 1
2,4,6-7,13. -> 1
7,18;31. -> 1
33,40. -> 1
1,6,7,11? -> 1
6,14,16,22;23,25,31,43! -> 1
8,18,22. -> 1
1,2,3,4,5,13,17,24. -> 1
7;15,18,30,38,48,58-71. -> 1
5,24,27. -> 1
5;14,20. -> 2
13,21,27. -> 1
3,4,9;18,24. -> 1
4;8,14. -> 3
1,5,8,12,20,21. -> 1
2,3;6,8,9,10,18,21,31;37,43,44,52,53.53,58;63,66,68. -> 1
5,16,29. -> 1
1,7-8,13,19. -> 1
3,10,18,20,29. -> 1
7,9,13,20. -> 2
8,18,29. -> 1
16,17,20,24-30. -> 1
8,15;25,32;34,42,49;56. -> 1
4,11;15,16,19. -> 1
4,7,9,15;26,30,33,36-37,55,58! -> 1
16,20,21. -> 1
24-26,30. -> 1
6;7,8,10:17. -> 1
4,14:16,24. -> 1
2,6;11. -> 3
2,6,17. -> 1
5,7,13,19,22,30. -> 1
1,5,9,13,17,20-21. -> 1
9,18;27,33:35,37.38. -> 1
2,5;8. -> 2
4,12,22,29. -> 1
3,5,19? -> 1
4,12-13,17. -> 1
5,24,28. -> 1
2,17,36:37,43,48,57,66. -> 1
1,5,8,13.20. -> 1
4,6:9,12,15,25,38. -> 1
4,9,12. -> 2
7,18.20.21,22,23! -> 1
5,14,27. -> 1
4,5,6;10,13,14,16. -> 1
12.18,23,25,29,40. -> 1
1,12,22;23,26,33,36,42:59:70,74,86-89;96,104. -> 1
1,2,4,14,23,31,36,40,43. -> 1
11,18,21,29,37. -> 1
4:20. -> 1
3,14,17,22,36,38;46. -> 1
1,2,10,16,19,22,28. -> 1
3,15,18,19,21. -> 1
6,9;25,40. -> 1
10,13,15,16,18. -> 1
4,9,12,22,31. -> 1
5,10,13,17,25? -> 1
4,7;14,33. -> 1
1,10,13,19,24. -> 1
8:12;15,22. -> 1
2,33,34. -> 1
14,16. -> 1
1,2,5-6,10. -> 1
2,5,13,15,19,20,22,36,39,48,59,76. -> 1
1,4,10,18. -> 2
11,19,28,38. -> 1
1,2,4,8,19. -> 1
4,5;10,16,18,21,25,27,28,31,37. -> 1
7;8,11,16,21. -> 1
6,17,19,24. -> 1
9,15,17;21,23,29. -> 1
1,2,12,16,21,27. -> 1
3,8,24. -> 1
6,9;17,25. -> 1
2,4,13! -> 1
5,6,9,18,26,32,42. -> 1
10,27,34. -> 1
16;36,40. -> 1
6,29. -> 1
4,9;15. -> 3
2,3,9;11,20,26,34,41. -> 1
7,14,22,26,31,35. -> 1
1,20;22,28,34,44,47,58. -> 1
9,10,20. -> 1
3,5,13,21,24? -> 1
3,21;26,29,36-37,43,48,50,51. -> 1
12,16,29. -> 1
5,7;8,11,21,29. -> 1
2,14,25. -> 1
1,5,9:16. -> 1
5,9,15,20. -> 1
13,16,22,30;32,34,37,41,45,52. -> 1
7,11,14,15,19. -> 1
2,9;15. -> 2
8,13;21. -> 1
4.10! -> 1
2,5,9,13,17,21,24;30:33,36,42,51. -> 1
6,9,17,27,37,42,45,47,54. -> 1
4,8,11? -> 1
4,8,23,39,46! -> 1
14,19,22,36. -> 1
3,9,17,24,32:39:48,53,56. -> 1
1,2,7,13,18. -> 1
3,4,5,9. -> 3
5,6,10,16,18,20? -> 1
6,8,12,18. -> 1
3,4,7,10,12,14. -> 1
4,8,12,16;23. -> 1
1,5:14. -> 1
1,2,7,12,19,23. -> 1
5,13,27;36,51,54,58,60,64,72;74,76,84,88. -> 1
3,4,7,13,17. -> 1
3:6,13,26,30. -> 1
1,2,3,5,7,13,19.25. -> 1
2,3,13,22,36,43. -> 1
7,13-16,22-24,30. -> 1
7,18,24,33,39,45,55. -> 1
3;7;10,14;17;30;32,34,36,40! -> 1
14,17. -> 1
9,11,13,18. -> 2
2,9;11,16,19,23,24. -> 1
1,2;11.12. -> 1
2,7,12-15. -> 1
7,16;24,32,37,41! -> 1
1,4,10:14. -> 1
4,14,20,29;37,40;41,44,53,65,73;80,85. -> 1
7,13;14,18,23. -> 1
5,7,13! -> 2
6;9,10,15,20? -> 1
5,10,11,16,20,26,36,37,40;42,58,62,66,69,74,79. -> 1
6,8,13? -> 1
4;25. -> 1
1,5,13,22,25,34. -> 1
8,18,21,31,41. -> 1
1,2,9;11-13,18,22,27. -> 1
1,4,5,17. -> 1
5,10,14,17,20,27:30. -> 1
4,15,20. -> 1
3-4-5,11? -> 1
9,14,17,26;30,34,38. -> 1
2-14,19,32. -> 1
6:15;17,25;31,34,38,41,47-48,51,55,58. -> 1
4,12,19? -> 1
13,19,21,24. -> 1
4,16-17,30. -> 1
7;9,11,13. -> 1
3,10! -> 5
1,3,10,20. -> 1
4,5,10,12,19. -> 1
1,10,17,27. -> 1
2,4,10;13,17. -> 1
2,3,8,17! -> 1
18,20. -> 1
4,9,15,21,23,24,27,31,38,44. -> 1
10;13,14,17! -> 1
1,12,16,17,19;33. -> 1
3,6,7,9;20. -> 1
5,6,17,28,32,41,47. -> 1
2,5,12,14-15-16. -> 1
2,4.18. -> 1
4,7;13,23. -> 1
0]1,2,9. -> 1
6,11,24! -> 1
16,18,24. -> 1
1.1]2. -> 2
5,6,19,26,31,38. -> 1
5-10,18,32,36,39,43,52. -> 1
3,9,13,17. -> 1
6;11,15,19,24. -> 1
0[2,6;11,14. -> 1
2,3:8,15. -> 1
1,2,3;8,10,12,17. -> 1
16,27,36,44,52,56. -> 1
1,10,19;32,47. -> 1
5;7,10,16. -> 1
3,11,15,19,24,29,31,37,38,44,50,54,56,58. -> 1
7,9,16,22,24,32,34,36,38. -> 1
5,12,23,34. -> 1
1,3:12;25. -> 1
7,33,40! -> 1
4;8,18. -> 1
0[4;6,11. -> 1
10,13;23,25? -> 1
1-2,3-4! -> 1
9,14;18. -> 2
5,10,17;23. -> 1
4,6-7. -> 1
1,3,9,12. -> 1
3,4,8,19;28,37;43,44,46;50,51,53;54,57,64. -> 1
8,16,34;40,58,61. -> 1
1,4,20;24,28,43. -> 1
9,14,25. -> 1
16-17-20,25. -> 1
3,8,15,23,25,27,31. -> 1
3,9,13,16,18. -> 1
6:7,8,10. -> 1
6,11,23.29,31,38. -> 1
1,3,8,11. -> 2
3,5,8,10? -> 2
2,21. -> 1
9,16,21,26,42,47,49,50,53,56,63,68? -> 1
1,7,9,10,12. -> 1
3,10:19. -> 1
9,11,29? -> 1
8:10. -> 2
11,21,26. -> 1
4,8,9,10,12;19,27. -> 1
5,9,18,22? -> 1
15;32. -> 1
1,10;16. -> 2
7,11,16,26,36. -> 1
8,10,12,20. -> 1
14,22,28,36,41. -> 1
2,15,24,26,28,30! -> 1
3,7,12,13,20,21,25,39,42,47,52. -> 1
2,19,24. -> 1
1,2,3,8;16. -> 1
2,5,13,21,25,32,38. -> 1
8;12,17. -> 5
3,8;12,15,21,25,29:34,38. -> 1
5,10,14. -> 2
6-14,19:22,32;41,43. -> 1
0]7,11,14? -> 1
6,15,16,17. -> 1
4,9,15,22. -> 1
4,6,14,19,23,25,27,38,45. -> 1
1[3. -> 2
1,4,7.9. -> 1
4-6,7,9. -> 1
3,16,25,28. -> 1
2,13,17;34? -> 1
8,10,11,15,24;40. -> 1
6,10,11,15,19,32,39,44. -> 1
2,13,25. -> 1
3;7:13,14,25,28,47. -> 1
9,15,19,20,25. -> 1
4:5,8. -> 1
18,19,23,28. -> 1
3,10:19,23. -> 1
3,17,30,35,53,69? -> 1
4;5,19. -> 1
4,7,11,18. -> 1
4,16;25;27,30,34,42,48. -> 1
2,8,14,23,26,29,39. -> 1
2,4,9,16. -> 3
5,10,18,19,24. -> 1
3,6,13,16,20,23,26,30,33.36. -> 1
1,2,9,17,22. -> 1
8,30. -> 1
3,7,12,22;35,40! -> 1
2,6;7,8,13. -> 1
1,6;7,13,18,24,35. -> 1
3,8-12,20. -> 1
5,6,19,24. -> 1
6-7,8-9,17,20. -> 1
18,23,28. -> 1
1,2,4,7;15,21. -> 1
1,3,6,21. -> 1
1,8,12,21:25,29,37. -> 1
1,9,12,16,20,24,33,37,50,62. -> 1
1,17,26. -> 1
6,13;19. -> 2
9,13;17. -> 2
5:11,15,22-23-24,32? -> 1
3,7;15. -> 1
8,13,28;30,32! -> 1
1,4:5,6! -> 1
14;31? -> 1
14,16? -> 1
6;14,22;31. -> 1
7,18;25,30. -> 1
1,10,16,21,22,23;24,27,29;32,35,44,51. -> 1
1,3,26,31. -> 1
6:14,32,36-38,39,47,54,72,77,85. -> 1
2,3:12. -> 1
2,8,12,14. -> 1
1,7,15.18. -> 1
2-4,9;22. -> 1
8,11,16,17,22,35. -> 1
6,11,14,17,26,30. -> 1
1,5,10,17,20,25,27,35. -> 1
1,3,6,11! -> 1
3,7;17,19. -> 1
10,16:21,28. -> 1
3:7,11,18. -> 1
9,13,28,33;47;51,58,62. -> 1
1,12,17,28,29,33,42. -> 1
12,17,31,38,41! -> 1
5;10,17. -> 1
3,9,13.20. -> 1
7,15,30. -> 1
3;19,26. -> 1
5.8,10. -> 1
3,4,9,19,29. -> 1
1,5;12,35. -> 1
3;5,6. -> 2
3,6,11,22! -> 1
6;7,11,19:34;44,54,60,70. -> 1
3,6,7,8,9,25. -> 1
3,6,13,20,22,27,28,30,31. -> 1
4,13;14,17. -> 1
12;20;30,37! -> 1
9,17,22,28;35,39,43,44,47;56,64. -> 1
2,9,12! -> 1
13,18,26,28,37,47,54,60. -> 1
9;12,15,17. -> 1
0]13:13[16. -> 1
9,15;19,25,29,34,39! -> 1
1,4,9,17,21. -> 1
2,7,8,13,18,24,29? -> 1
3,12,16,23. -> 1
3,10,14,19,22,28. -> 1
0]3,5,6,7,8,9,12. -> 1
3,5,9,15,21. -> 1
2,5:6,9,13,15,20,24,30. -> 1
1,7,8,9,19. -> 1
14,16,23,31,34. -> 1
5,13,14,18. -> 2
6:12,21. -> 1
4,9,10,15. -> 1
7:13,22,24,29,38. -> 1
1,3,10;24. -> 1
0]6,11. -> 2
1,5:11;14. -> 1
3,4,18,24,35. -> 1
9,11,13,17,28,35. -> 1
5;8,9,16. -> 1
10,12;21. -> 1
1,3,8;13. -> 1
1,5;12. -> 6
2,6;13. -> 2
4,6,8,10,12-14,23,32,39,45-47. -> 1
3,13,24,30. -> 1
7,8,10,12,18. -> 1
2,4;6. -> 6
2,4,7,9,26. -> 1
1,4-5! -> 1
5,8,15,25,26,29,33. -> 1
1,2,7,8. -> 1
1,4,6,8,20. -> 1
3,4-5? -> 1
5,26;31,36,50,54. -> 1
5,8,11,18,23,26,32,35,39,54. -> 1
1,3,9,13,15,31,34,41;44,51,58. -> 1
2,3,9,20,33. -> 1
8,24,26,28,32,40,42,54;80,86:92,98. -> 1
8,14,20,35. -> 1
3,10,24,32. -> 1
0]4,7,10-15? -> 1
11-12-13,15;25. -> 1
3,6;13:16,24;30. -> 1
1,21,31. -> 1
1,3-5. -> 1
4,9,12,17,27,29,40,50. -> 1
1,4,7,12,16. -> 1
2,12,17,22,31. -> 1
9;14;33. -> 1
15,23,26-28. -> 1
14,16,19,26-27,34. -> 1
7,16,20,22,29,42. -> 1
3,15,27. -> 1
6,16,21;32. -> 1
3,12,17? -> 1
17;18,19,23,32-36,41,47,53,54,61,67. -> 1
1,8,16,25? -> 1
0]7;12;20. -> 1
10;18,31. -> 1
3-9. -> 2
4,6,11;14,18,24,31. -> 1
10,18,22,25,28. -> 1
4-6-15. -> 1
10,29. -> 3
6,7,14,24,33. -> 1
14;20,25. -> 1
18,27. -> 3
4,8,21,34,43. -> 1
6,7,10,12,14,20. -> 1
3-7,10,13,16,19. -> 1
12;22,33. -> 1
3,5,16,26,33,34,48,58,60,65,74. -> 1
3,15,24,31. -> 1
3,14,21? -> 1
11,15-16. -> 1
5,19,27. -> 2
1,4:12;20? -> 1
4,8,17;20,28,33,37. -> 1
9,28;32,38,44. -> 1
1,3,7:11,17;21,26. -> 1
3,7-8,12,18,25? -> 1
4,9,14,22. -> 1
1,2,13;14,19,25,35;40,42-43,47-49,69,77. -> 1
10,22,29. -> 1
3,7,16,26. -> 1
3,4:9,18. -> 1
4,9,14,20,27,38? -> 1
15,20,26. -> 1
14;19,30;31,34,41;48,59. -> 1
1,3;8,9:14. -> 1
1,4,17,19,24. -> 1
10,14,27,30. -> 1
4,6,11,15;20. -> 1
21,27,35,39,42,48,57,68,71-72-76,79-80-92-93-98,102,107,115(120)130,137-138-144,149-153-155,163,171;176;177,178,179,183:184;185;188. -> 1
5,10;13! -> 1
2,3,5,7;10,14. -> 1
2-10. -> 3
2-5. -> 3
13,16,24? -> 1
4,13! -> 2
1,3;5,6. -> 1
2,17,25,33;42. -> 1
4,11;13,19;22;35;41,44,60. -> 1
4;12;16,17,21. -> 1
3,8,18! -> 1
3,5,6,7,8,9,13,15. -> 1
5,7;11;12,15,17. -> 1
9;10,14,18,26.34,36,37,42. -> 1
7,11,14,19. -> 1
5,6.7. -> 1
1,2;9,18;33;35,39,44. -> 1
6,11,14! -> 1
4,9;13,17,24,28. -> 1
4,11,13,17. -> 1
3,8,11,16! -> 1
1,8,25. -> 1
8,9,12;18[21. -> 1
1,2;4,6. -> 1
5:14;18,21,29. -> 1
2,5,8! -> 4
0]2,5,8. -> 1
10,19;20,29,33. -> 1
4:16,23,28,34-36,40,44,50,59. -> 1
15;17,24,38,40,42. -> 1
2,3;5,9. -> 1
4,5;8,17. -> 1
1,2,10;14,20.23,25! -> 1
4;5,7,9,19. -> 1
4,8;16. -> 1
9,12,17,26. -> 1
2,4,8,9. -> 2
8,11,17,19,31,37;38,42,54. -> 1
9;12,18,27,28,34. -> 1
1,9,14,23? -> 1
3]5. -> 1
2,4,10,18. -> 1
1,2;6. -> 12
1,10,12,22,29. -> 1
0[1,2,3. -> 1
8,16,21,23,26,28,30;39,47. -> 1
1,5:6,8,13,16,20-21,24,27,31;40. -> 1
1,2,4,11;25. -> 1
9,10,13,19. -> 1
2'3. -> 1
10,15,20,23,28. -> 1
12;13,19,21,22,26;37,52. -> 1
8,16,24,25,30.38;46,54,71. -> 1
3;7:9,11,17. -> 1
3,4,8,18,23-33,35,37. -> 1
4:5,9! -> 1
5;8? -> 2
1,4,5,10! -> 1
3,5,6,9. -> 2
8:17;19,20,23;33;42;60. -> 1
8,10,14,24;29. -> 1
8:13! -> 3
1,8,11,15;16,19,31. -> 1
18;26,33. -> 1
1,2,4;17. -> 1
7-9,13,14,31. -> 1
5,7,11.13. -> 1
1,2,5,11,15. -> 1
1,2,7,16,24. -> 1
9;10,11,15. -> 1
2,4,9,13;27. -> 1
2,11,19,27;32,36,42,52? -> 1
1,3;4,5,6;9,10! -> 1
9,17,24,32,42. -> 1
2,4-7,17,32. -> 1
4,6,10,24,27,32. -> 1
1,4;11,12,15. -> 1
4,9,10,17;27,29? -> 1
1,3,8,16. -> 3
2,3-5,8,16. -> 1
9,17,24,26,48. -> 1
1,3,9;20,42-43-47-54;63-64;68,69,77,80. -> 1
2,4,9,13,17,29. -> 1
0]2,8. -> 3
0[13. -> 3
1,2,13-15-17. -> 1
0]1,2,3;8. -> 1
2,8,16;33. -> 1
4,8,17;27. -> 1
7.13. -> 1
4,10,12,17-19,20,29,38:39-46. -> 1
1,2,9;16,21. -> 1
8;9,11,15:24? -> 1
6,9,12,17? -> 1
3,4,7-8-9.16:18,20,33. -> 1
2,4,10;19? -> 1
8,17;23,32. -> 1
6,8,13,22? -> 1
4,9,18? -> 1
4,5,9,15-17. -> 1
0]1,2,8,13. -> 1
4;19. -> 5
3;9? -> 1
15,19,23. -> 1
1,5,20,25:33,38. -> 1
9.11. -> 2
2,6,10,15. -> 1
2[6]10,13. -> 1
2,6,15,22,31. -> 1
1,3,5,6,20.22,24,27,34. -> 1
5-7,11,15. -> 1
7,8,10,13. -> 1
1,4,7:22? -> 1
3,9,17,26;33. -> 1
3,4,5,6(9)9,12. -> 1
8;17;21,28;34. -> 1
10,33;42. -> 1
3,12,31. -> 1
1,3,4,10;10[13. -> 1
10,16;17,19,22,23,36. -> 1
1,3,8,10,13,17. -> 1
3,15,23? -> 1
1,3,5,8,15,31. -> 1
16,22,29,34. -> 1
6,8,17,19:26,34,42. -> 1
1.6,13,31,37. -> 1
1.10,14,16. -> 1
4,6,20. -> 4
8:16;20,26. -> 1
2-6. -> 6
7,16,22,32. -> 1
7,8.9. -> 1
3[9. -> 1
1,3,10:17;26,34. -> 1
4,12,16;18,23,31. -> 1
8:12,27. -> 1
2;7:13. -> 1
8,23,31;41,49. -> 1
2,21,25,29,37? -> 1
1,10:15;18,22;29:40. -> 1
5,7,11;23. -> 1
5,6(9)9,10,11,13,14,15,20. -> 1
1,2;8,16. -> 1
1,4,6,9,19? -> 1
6;12,18. -> 2
4:10. -> 5
16,17,18,32-34,48,54. -> 1
8;14,22,27,36. -> 1
2,9;26. -> 1
13,17;23,32. -> 1
2,5,9;10,12,17. -> 1
4:8,28. -> 1
1,3,16? -> 4
4,7,17,20. -> 1
8,14-14-16,21,25? -> 1
6,15,23. -> 1
1,2,9:10,16,19. -> 1
4,5-7,13,23. -> 1
9;9[13. -> 1
1,2;20,24;33,35,38,41,44,58. -> 1
1,2,14,21. -> 1
1,14,22,29,38,45? -> 1
7,14,23. -> 2
8,14,17,25.34,44. -> 1
0[1]12,17;27. -> 1
1(4)10. -> 1
0]6,8,9,12,19,23. -> 1
4,5,12;27-29,42. -> 1
1,15-16? -> 1
14,22? -> 2
3;11-12,15. -> 1
0]2,10,15,19! -> 1
11,17:19! -> 1
0[4! -> 2
20;26,29,37. -> 1
1,3,6;8,9. -> 1
1,2,9,18;26. -> 1
2,4:8? -> 1
2(5)7. -> 1
2,4,8;16. -> 1
2,12,13,14,19. -> 1
0]1,4,7,10. -> 1
1,3,4,8,17;18,23,33. -> 1
11,12. -> 1
1.2,4,18. -> 1
4;9;13. -> 1
3.5. -> 1
1,5,9,17;21,27,36. -> 1
1,8,15,16,18,19,20;38. -> 1
20,24? -> 1
2,3,25. -> 1
18,25. -> 2
2,4,21. -> 1
22-24. -> 1
5:21. -> 1
7,13;16,21,26. -> 1
11,29. -> 2
1,4,9,16? -> 1
3,4;9;10,11,14. -> 1
4(7)7,8(11)11,14. -> 1
6,11,15,20,28;29,37,42,43. -> 1
2,7,10,15,30. -> 1
6:15,31. -> 1
10,15,19,27,32. -> 1
6,15,20,23,29,41,48,49,50,52,60;62,66,73,74,79,84,99,108. -> 1
3:5;14. -> 1
3,4,13;23,29. -> 1
4-9;13,18,35,44. -> 1
1,7,10,12,14. -> 1
1,9;17,27. -> 1
5-5-7-8! -> 1
13,16,22,29,35. -> 1
7.9. -> 1
1,2,9:14;18,26,28,29;41,44,51,64,67. -> 1
1,2,3:9. -> 1
2,4,6,20. -> 1
2,14;17. -> 1
5,8,9,11,15. -> 1
4,10;17. -> 2
1,11,29,37. -> 1
10,17,21,26:32. -> 1
1,2,3;8,15. -> 1
3,4,13,18,24,26,28? -> 1
11,15,19? -> 1
1,2;8,13,17:17[23. -> 1
8,12;16,21,25. -> 1
9,13,19,28,36. -> 1
4[8. -> 1
7,13,20. -> 3
4,9,14! -> 1
2,3;4,7,9:17? -> 1
2,9,18;27. -> 1
1,4;11. -> 3
4;10! -> 1
8,15;23,29. -> 1
5,6(9)9,10(13)16. -> 1
4,15,17. -> 1
2,6,10,18. -> 1
8;15,23. -> 2
6,10,19,23. -> 1
1,9,22;23,26,34;38,42,48. -> 1
0]16,23? -> 1
6,10;17,21. -> 1
8,23;31. -> 1
1,4,6;10. -> 3
10;16.23,29. -> 1
4,11:15,21;27,31? -> 1
8;16;18,20,26;31,34,39,52,55,63. -> 1
8,13,16;17,20,23-25,28-29-40. -> 1
1,2,3,4,6,7. -> 1
1,7,10;19;28. -> 1
3,10,14,17,20,26,30. -> 1
18,28? -> 2
3,4,8,17. -> 4
11,13,21,27. -> 1
2,9,25. -> 1
8,16,17,25;34? -> 1
4,9,15,22,30. -> 1
3-9,18;27,34. -> 1
1,3,11.12. -> 1
4,7,17? -> 2
6,19,24. -> 1
7,17;20. -> 1
16,25,34,39;40,43,58. -> 1
8,10,11,14,15. -> 1
7,15;24,32. -> 1
4,9;15;16,18,20. -> 1
7;8,11,21,30,36,54. -> 1
1,4,6,7,9! -> 1
10,14,18;25. -> 1
2,6;15,18,23,29. -> 1
1,5,14,19:21,24,28;37. -> 1
9,10,11,12,15,18,19,20,25,34,41:54,63,70,81. -> 1
6,15,16. -> 1
4;5,8,17. -> 1
5,8,9,24,40,45,48. -> 1
2,3,4,6,9,10-11,13,16-17,21,28,34,38,41,43,53! -> 1
1,6;7,15,23,28,32. -> 1
4,18,19,21;36,38,39,46,51;57. -> 1
3,8;12,18. -> 1
13,24,31,38;42,46:47,49,52,57-60,67,74. -> 1
1,7,14,22,23,28,33,36. -> 1
2,5;12:23,29. -> 1
2,15,23! -> 1
3,4,12. -> 15
10;22. -> 4
4,5;9,13. -> 1
2,4,10;12,14,20. -> 1
2,15! -> 4
5;6,9,17. -> 1
1,5,8;14,22. -> 1
4,5,8-11,14,16! -> 1
1,3,7;17. -> 1
1,5;7,11;15. -> 1
1-3,7,16. -> 1
1,4,35. -> 1
5,11,19. -> 5
7,10,12,15;17,19,24? -> 1
8-9;11,13,17,27. -> 1
7,16;25. -> 1
5,6,10,20? -> 1
2,4,6,7,8,10,16! -> 1
5,9;16;25,26,32. -> 1
1,2,9,13! -> 1
8,23,31,40. -> 1
5,9. -> 152
1,2,3,4;9! -> 1
1-8,17;33. -> 1
4,9,20,25,30-32. -> 1
4,11,15,21. -> 1
4:10? -> 3
8;10,12,17,19;21,28. -> 1
2,10,18;20,27,41,47. -> 1
8;9,18,20,22,25,26. -> 1
28? -> 1
1-4? -> 1
4,9:17;25;31;38;47;56;65. -> 1
5-6,11-12-13. -> 1
14;19,23,28,31,39:46,53,61,69. -> 1
4,8;12,15,20,23,28. -> 1
5,18;23,35. -> 1
2,3,8,17. -> 2
1,2,7;16. -> 2
3,4,10,13! -> 1
9,13;17,24. -> 1
5:9;14. -> 1
3,6,12,19? -> 1
8,18,27;31,42. -> 1
20,29. -> 1
5-8,16,19,30? -> 1
1,4,12! -> 3
1,7,15,22.23. -> 1
7;12,20. -> 1
4,8-10? -> 1
2,6,7,9,12. -> 1
1,2,7,9? -> 1
4,6,12? -> 3
1,8,16,26. -> 1
4;14-19,22-23. -> 1
1,3,4-6,9? -> 1
1,2-3;6,9,12,17. -> 1
2,6;7,10,14,20,38. -> 1
2,5;15,21,25,30,33,38. -> 1
2,3,9,10. -> 1
3,7,16,25. -> 2
9,18;32-44. -> 1
5;15,16,22,27,39,48,57? -> 1
11,18,27,35,43-44,45,53,56,57. -> 1
1,2,9,18,23,28. -> 1
1,9;13. -> 2
4,5,8,15-16. -> 1
8;23,42. -> 1
4,10-12,19,31. -> 1
5,14. -> 42
11,21,29,47,50,54,61. -> 1
6,12;21,36. -> 1
4,10,18,22-26. -> 1
2,5;9:14. -> 1
14,24,30. -> 1
5,7,9;13. -> 1
8,11,13-21. -> 1
4,6,9,10. -> 1
11;14,19. -> 1
10;14,22,25,33. -> 1
4,9,12,17. -> 2
1,4,8,11,15,19,22,30,37;67. -> 1
1,2,3,5,7! -> 1
3,7,10? -> 3
3,7;13,19. -> 1
4,11,26,35. -> 1
10:11,12,14;19! -> 1
3,15-17;27,53. -> 1
9,16,34:42,51,59:66;76,84,94:100,102,104. -> 1
1,3,4,12. -> 1
7;8,9,10,15! -> 1
1,6,19! -> 2
9,14,20;22,30,33,34,43. -> 1
8,19;33,37. -> 1
4,7,11,21;26,34. -> 1
7,20,28,32;38,58,62. -> 1
1,21. -> 4
1,7-17,24. -> 1
6,8,10. -> 5
1,6,14;17-28,34,49,57. -> 1
1,2,4,5,9,16. -> 1
4,9,18,24,28,35:53. -> 1
2,3,12,27;43,64,78,86,95. -> 1
3,8;14,20-22. -> 1
4-9,19,27. -> 1
8;23-27. -> 1
2,6,13;17,22;23,26,37,46,53. -> 1
1-3,8,12,17! -> 1
3,7,29-30:34;41,53. -> 1
2,3,17. -> 3
1,4,10;28! -> 1
11,17;22,24,25,32. -> 1
6-10,18,28? -> 1
3,8,10;16,24. -> 1
3,7,20. -> 1
1,2,9? -> 17
0[1]4,14,21. -> 1
9,13,15,23. -> 1
10,17,21,25? -> 1
4;6,10,14. -> 1
9,18,22,27. -> 1
5,12,16. -> 3
1,6;11. -> 2
6-8,11,24? -> 1
2,5,6,13,20,28. -> 1
1,7;8,9. -> 1
1,3:8. -> 1
4,9,18,27? -> 1
0]1,9,14! -> 1
12,13,18;19,20,21. -> 1
9;18;21,26,32. -> 1
8;11,15. -> 3
2,5,16;26,34. -> 1
3,4,5,11. -> 2
4,10,15,21,26,31,35,41,50,59. -> 1
1,3,11? -> 6
10,12,18. -> 1
9,13,14,17! -> 1
4,19,26;32,44. -> 1
9,19? -> 5
2,8;12,25. -> 1
2,4,11,14,19;20,21,26,30,32-34,39,41,42,46,50;58,62,66,74,84. -> 1
9,16,21,30. -> 1
18,21,27. -> 1
7,12,17,25. -> 1
5;7. -> 2
2,7,15,19. -> 1
4;6! -> 2
1,9,20,26. -> 1
1,2,20,25,26,37. -> 1
1,16,26. -> 1
1,4;12:13,24;28,43:52,55,59. -> 1
9;13,14,15,18. -> 1
5;9,12,21. -> 1
9,16,18;22,33,39,41,45,54;55,60,62,63,68,74. -> 1
9;14,18. -> 1
1,2,3,4,5,6,8,9,10,11,12,14! -> 1
4.11,19. -> 1
9;15-19. -> 1
1,4,5,8. -> 2
2-4,6-8! -> 1
1,3;9,20. -> 1
3,4,7,15,20,28. -> 1
5,16,25,32? -> 1
1,2,5:9;10,14. -> 1
17;22,34. -> 1
4,12,13,16,28. -> 1
13,16,20. -> 1
13-14-15? -> 1
3,5,8,13. -> 3
6,11,18,22,30. -> 1
1,12,14,25,35,36,39,60. -> 1
2,8,13,19,27,31,35. -> 1
5,9,19.21. -> 1
9;15,19. -> 1
2,3,5,14. -> 3
3,5,8? -> 4
1,2,4,8;16. -> 1
0]4,6,10. -> 1
1,3,7,14? -> 1
1,7,9,12,27. -> 1
10,18! -> 3
4,8? -> 47
3,9,12,21. -> 1
15;27,31,35? -> 1
3,9,16,25. -> 1
6,12,21,27,35,37-48,51. -> 1
4,6;8. -> 1
1,5:8,12. -> 1
7,9,12,14,18,27. -> 1
1,2;11,13,17. -> 1
4,8,11:21;25,26,28,33. -> 1
5,12,16,23. -> 1
3,5;6,7,14. -> 1
4,19,28. -> 1
4,7,13;21. -> 1
3;10,12,16. -> 1
0,3,7,10,14,17,20,41,50,58,66,71,74,89,93,129,130,131,132,133.134:141. -> 1
5,7,21,24,30,36,40,52;60,71,78. -> 1
5,13,20,35. -> 1
4,8;17! -> 1
1,2,10;19,25. -> 1
12;15. -> 1
2,7,10,21,22,30,34? -> 1
2,7,13,22;29,34,43. -> 1
0]1,7,11! -> 1
3,5,6! -> 2
10-11;22,26. -> 1
0]13? -> 1
2,6,13,25! -> 1
8,16,25,33,41,48,57;61-64,71,79,87,97,103,112;120,126,130,139,146,153,160,167-168. -> 1
3,7,10,17,21,23,32;41,63. -> 1
4,5,10! -> 1
11.22,23,28-29. -> 1
15;23,32. -> 2
1,9,16? -> 2
1,3,4,12:13,26-27;39,47-48-50:51,54,58. -> 1
2,8,11,13,16.21-22,23,32? -> 1
2,7,14! -> 1
14,23-24. -> 1
4,8-10. -> 2
3,4,7,10,11,16. -> 1
4,5,9;18. -> 2
6;15,24. -> 2
2,4;8;13. -> 1
4,9,15;27! -> 1
9;19,27. -> 1
1,5,12,16,17,23. -> 1
1,2,3,6;15. -> 1
2,9,16? -> 1
2,3,13[14]14. -> 1
4,16,23. -> 1
2,6;11,15. -> 1
10;17,23. -> 1
11,17. -> 24
1,6,8,15. -> 1
10,19;35. -> 1
18;23,27! -> 1
1,2,3,4,11,15. -> 1
0]4,6,10,11,14,21,31. -> 1
1,5;7;15,23. -> 1
5,8,11.12,13! -> 1
3,4,6,17? -> 1
1,3,5,14;21. -> 1
6:14,21;26,33;38,45;50,57. -> 1
4,7,16;19,25,32,41,51. -> 1
5,9,16-17-20. -> 1
1,2,3;4,5,8,15. -> 1
12,17,25,34,42. -> 1
4,14:27. -> 1
1,3,7,14,20. -> 1
10;19,27. -> 2
12;16,20,22-30;34,42,54;65. -> 1
8;14;22;28? -> 1
3,13! -> 2
7:8,15,21;22,25,29,35. -> 1
7,22? -> 1
9,17,27. -> 2
1,2,5,10;18. -> 1
1,2-4,11;17;31. -> 1
2,9,12,17. -> 2
2,6;10,18. -> 1
2,4,16,25,33,46,53,62,74. -> 1
8,10,14,16,20. -> 1
1,2,15! -> 1
2,5;22. -> 1
4,9,17? -> 1
1-2,3. -> 2
8;17,24:32. -> 1
13,21,28. -> 1
14,16! -> 2
7,13,21. -> 1
8,11,17,26. -> 2
2,13,17. -> 1
0]19;38. -> 1
2,3;8;12:13,19,26! -> 1
2,3,10,18;25,29,32,35,38,44,51,51(59,64,64)73,79. -> 1
1,2,8,15,23? -> 1
5,10;13,15. -> 1
5;14,18. -> 2
6;13. -> 18
21. -> 40
8,16,23,30. -> 1
4,5,8:13. -> 1
1,3,7? -> 11
6-7,10? -> 1
5,13,22? -> 1
1,7,13,17,30. -> 1
8;15,21. -> 1
1,5,6;16,21. -> 1
15,18,31,33,58,64;68,74,77,85,89,90,98. -> 1
0]6,11,16. -> 1
8;14;18. -> 1
2,6;12. -> 2
2,3,4,5,9,13. -> 1
5;6,8! -> 1
8,20! -> 2
3,4,7! -> 7
15;23. -> 2
3:15,19:26;31,40. -> 1
2,4,19? -> 1
6:16,29. -> 2
3;5,7,10! -> 1
1,2,14;23,31,39. -> 1
6,10,13,16,21,24. -> 1
4,15,18,21,26:36. -> 1
2,18;22,26,32. -> 1
2,3,9,14,17,24-28,34,41. -> 1
1,3,4,6,15. -> 1
8;8[10.10] -> 1
4,11,18;21,28,36:46,52,56;69;75,78;90. -> 1
1,2,4;8. -> 2
4,6,9,11,15,19,27. -> 1
2,8,12,16;20,23. -> 1
2.6,10.17. -> 1
7,10,11-13? -> 1
6,9;14,18. -> 1
3,5;6,7. -> 1
5,11;12,17,30. -> 1
19,26. -> 2
1,8-9. -> 2
11;22,35[36]36. -> 1
12;14-20,30. -> 1
22,29,35,47;56. -> 1
1,4,8;13,16,26. -> 1
3,12,15,22. -> 1
12,26. -> 6
1,6,11;18. -> 1
10;17-18,30. -> 1
8,11,17,27,36. -> 1
9,10,13,22. -> 1
1,25;39. -> 1
0]8;10,17. -> 1
6,13,14,16! -> 1
2,3,19? -> 1
9;10,12,23,27. -> 1
2,9,13,14! -> 1
8,11,20. -> 3
10;28,36. -> 1
8,11,14,18,33. -> 1
1,2,8.8[9. -> 1
3;10. -> 17
2,8,9,15. -> 1
1,3;17,23,37? -> 1
5-7,16? -> 1
1-3,6-8. -> 1
1,3-7,11,16,24! -> 1
1,9,17? -> 2
3,4,5,7. -> 2
4;11.14,15,18-19. -> 1
2,10,14,19. -> 1
5,12,18,28. -> 1
10;19. -> 8
9,16-25;26,29,44,54. -> 1
7,11,15,19,28! -> 1
6;10;15;20,24.28;34! -> 1
6,16.18. -> 1
2,9,20? -> 1
3,9,10,14,17. -> 1
3,9,21. -> 1
9,16;23. -> 1
5,11;15,20,27;32,33. -> 1
1,2,12;18:25,30. -> 1
4;8,10;11,12,16,21;32,39;47,52. -> 1
1,3;7,11,16,21,30. -> 1
6-10. -> 3
12;13,14,23. -> 1
9;15:16,18,24;25,27,31. -> 1
5;13! -> 1
7-8! -> 2
3,9,16,18,24,30,38,40-46. -> 1
1,5-7! -> 1
4.4[9. -> 1
4,9,17,24. -> 1
3,8;15. -> 2
1,3,5,13. -> 2
3,8,10,20,28,40,45,51. -> 1
12;18:28;34. -> 1
2,4;10,18. -> 1
4,6,9;18,32. -> 1
1,12,16. -> 3
2,9,26,35,36,41,46,49,55,62,63,69,77. -> 1
5,7:9,18,25? -> 1
1,3,7,14,23. -> 1
2,9,17,23,39. -> 1
10,17,19,30. -> 1
0[3,4.4] -> 1
8;10. -> 2
1,2,3,4,7,8:11,12? -> 1
6,7,8-10? -> 1
4,18.18[22. -> 1
16,32. -> 1
4;6,8. -> 3
1,3,8;22. -> 1
3,6;13,15,17. -> 1
2;3,4! -> 1
1,5,9,18. -> 1
6:16,19;26,28,29,30,33,39;40,43,44,48,49-50,51,58,61. -> 1
1,3,14,21,29. -> 1
2,6.6] -> 1
8,14,17,33. -> 1
10,12,13,19. -> 1
3,5,9,17,23,24. -> 1
7,9,11,12,15. -> 1
4,5,8,20. -> 1
6,9,26. -> 1
0[5;11. -> 1
8,11,14,16? -> 2
2,12,25. -> 1
8,14-15,34,41? -> 1
3,17,25? -> 1
5;14-17. -> 1
13,27? -> 1
7,11-15. -> 2
3,4,14,24. -> 1
10,22,25,27,31,48,51. -> 1
5;6,7,15. -> 1
7,11,15,20. -> 1
3,5,7,10. -> 1
2,9-17. -> 1
7;11,15,17,19,21,24. -> 1
12,25,39. -> 1
15,30-32;38,48,56. -> 1
0]1,3,12! -> 1
1,2,4,8,13. -> 1
21,31;45. -> 1
14-22. -> 1
1,6,13.14,16,22. -> 1
1,7:12? -> 1
2,7,15;23,28,36,40,46.47. -> 1
13,21,27? -> 1
16,28. -> 4
0-0-0-0-0-2,3,7. -> 1
1-3,6. -> 4
1,4;6,9,17,22. -> 1
10;14,16,18,21,25,29;42. -> 1
11,17,19,24-24-27-27-29,32. -> 1
1,4,6,10,14,20:38,47? -> 1
5,10;23. -> 2
9,17,24,27,32. -> 1
1,4-6,10! -> 1
2,3,26,36. -> 1
3,5,18,22,31,35,36,40,49. -> 1
18,24,32;41,49,59,71,78,83,89. -> 1
1,2;16. -> 1
6,12,16,20? -> 1
2,9,11,16. -> 1
10,18;32;35,40,47,55. -> 1
1,4,11,27,45. -> 1
14;18,26,30,39,42,43,49,51,60. -> 1
9;12,17,23. -> 1
6,14;18,24. -> 1
2,6,8;22. -> 1
1.7. -> 7
1,5,9,18;27,35. -> 1
1,9,17,28. -> 1
3,18. -> 18
0[2,6. -> 8
4,10,11,14,19! -> 1
1,2,8,15.22. -> 1
1,7,8,18,20-21,23-25,43? -> 1
4,11,15,20,25. -> 1
2,4;17. -> 1
1,6,8,10;12-18,27. -> 1
8,16;24,26,27,32,37. -> 1
5,8,12;13,21,22,28,36,48-59. -> 1
1,3,17,26. -> 1
4,5,25,40,45,51,64,74,81:89,106,113,123,131:147;150? -> 1
2,7-8,17,20-25.34,43. -> 1
12,22;24,27,35. -> 1
6,8,11. -> 3
1,2,3;7. -> 2
5,6,16,23,23[25. -> 1
10,13,19,28,37? -> 1
4,9;17. -> 4
1,2,9,17. -> 3
4;12:23:26,32! -> 1
0(1,6.6) -> 1
5,9,26. -> 1
2,3,7:16;20,24.25. -> 1
0]2,6;7,9,18. -> 1
5,10,16,24,30:33,37,48. -> 1
7;15,24,38,39,41. -> 1
1-4,5,6,7,12,16,17-19,22,26? -> 1
1,7,15,23;28,35;46,51;60. -> 1
0]5,7.9,16. -> 1
4,10,19;35,38,45-51. -> 1
1,10;19. -> 1
8,12,24. -> 3
13,17,25,29,34,49-51. -> 1
8,15,20;25,28. -> 1
1,2,6,11;12,13,18;20,21,28. -> 1
1,5,8,20. -> 1
9,16,28. -> 2
3,5,11;16! -> 1
7,10,19;36;42,44,49,54. -> 1
4,12,19,24,28,36. -> 1
9,17,23,27. -> 1
1,5,19,38. -> 1
0-0-0-0-0-2:6,7. -> 3
3,4,7,10. -> 3
1,8,15,21. -> 1
4,9,17,21,26,34;50,51-59. -> 1
2,8;15. -> 3
6.17,26,34. -> 1
1,2,7:24. -> 1
4;6,9,13,17. -> 1
2,3,7,11,14. -> 1
1,3,6,29. -> 1
1,12,15. -> 1
4,8,17? -> 2
3,6,13,15,16,18,22,25. -> 1
2:5,7,10:12,16,19;21,24;27,28,31;38,42;47,50;56,59;67.80,83,93,96,99,108,116,120,124,130,134,138;139,143,148. -> 1
7,9,21,26. -> 1
3;11,21,45. -> 1
1,3,16;17,20,26. -> 1
1,10,23! -> 1
7,14;18,27,38. -> 1
1,2,7,14,17,21? -> 1
2,8,15! -> 2
4,11,25. -> 1
5,7,15,19,27,33,39,46,53,61,68,76. -> 1
0[7,15;20,22! -> 1
1,2,10,18. -> 1
2,4,9,10,13,22:23,29,40;48,55. -> 1
4,6. -> 195
5,12,16? -> 1
8;9,18,28. -> 1
1,7,21. -> 1
1,3,8,12,17. -> 1
9,16,20. -> 1
2,3,14,17,20,23. -> 1
5,7;20. -> 1
1,6,17! -> 2
2,4,14,19. -> 1
3,4,9,11,13,17. -> 1
1,7;12,14,21. -> 1
1,5.6. -> 1
1,4,11,14,31. -> 1
4,10,14,15. -> 1
5;13,18,20,22,31! -> 1
2;18. -> 1
2,7,16;24,33. -> 1
2,3,17;18,21,26,27,30,36. -> 1
6,10,14,19. -> 1
3,9,17:21,22,26,34,45. -> 1
2,4,8,11,17,23. -> 1
1,2,24. -> 2
2,5,10. -> 15
1,2,4,9,12. -> 1
1,4:13? -> 1
1,6,7,10. -> 1
6-7-8? -> 1
2,3,6,9. -> 3
9,14,15,27,31,39,41,44,51. -> 1
1,9,14. -> 6
1,2,4,11. -> 4
2,4,9,19,23-27-29,38;48. -> 1
0]2,10. -> 3
1,4;13,16,23,30,34,35,37. -> 1
9,15-25. -> 1
5,7,18;20,24,28,31. -> 1
8,21:26,30. -> 1
7;14,22:25,32;35-41. -> 1
1,9,11,16,21,32,45? -> 1
1,5,8:10,15,17,23. -> 1
6;10,18. -> 3
2,4,8:16,22;36,45. -> 1
16,20,25. -> 2
5,16! -> 1
3,6,12-14;21. -> 1
1,2:4,7,13,16? -> 1
5:13. -> 2
4:6,16,23. -> 1
9;10,21,26. -> 1
4,11,15,23. -> 1
6,8,10,12,24;25,26,29,35. -> 1
16,25,33. -> 1
5-9,18,21,24,32,33,34. -> 1
1,2,4,9,18,21,24,29,33,37,43,50. -> 1
1,9:11,13,26. -> 1
4,12,22,30! -> 1
4,14,18,23. -> 1
1,2,12,19. -> 1
0]4,5;8? -> 1
1,4;5,8;18;21,22,33;41-45. -> 1
4;5,6,9,18:24,42. -> 1
3;7,8. -> 2
2,7;21. -> 1
1,32. -> 1
4;8,14! -> 1
4,10,11,12,15;30. -> 1
7,13,17,23,31. -> 1
3,7,12,21,36,44-45,50,71. -> 1
24! -> 1
8,11-15. -> 1
4,17,21,25. -> 1
8,13,15,22:31. -> 1
2,7,10,15,21,25,27. -> 1
1,5,6;14-15-16,22. -> 1
2,4,6,13. -> 1
15(21)25. -> 3
4,5,7,14. -> 1
1,5,11! -> 2
2,8,17;25,26,28,29,31;38;40. -> 1
1,4;6,8,18,26. -> 1
1,4,5,11,25. -> 1
1,2,5;7,8,15. -> 1
4,15,30. -> 1
10,11,12,13,17,23,32;47,50,56,62,73. -> 1
1,3,4,7;14. -> 1
2,3,17,30. -> 1
8. -> 1272
5,16,22. -> 1
3,5-8,12;17,18,21,26,40,48,52. -> 1
5:7,12. -> 1
4,5,14? -> 2
7;18,23. -> 1
10;18,28,33,36,46. -> 1
5,6,30. -> 1
5,8,23. -> 2
3,7;9,14;16,20,22. -> 1
15,21;33. -> 1
2,3,6,8,11? -> 1
2,5,14,24! -> 1
4,5,14;21. -> 1
4,4[5.5] -> 1
4(16)16,29,34,38,46:58,68? -> 1
2,4,6;7,10,19. -> 1
1,3,7,13,22,29,38. -> 1
9,23,32-33. -> 1
3,4,9,16. -> 1
6,10,12. -> 4
12,25;38,41,49. -> 1
8,11,14,18,24? -> 1
4,9,12,13,14,18. -> 1
5,13;28? -> 1
1,2,9,16. -> 5
1,2;4,5;6,7;8,9;14. -> 1
1,3,10,13,27,31;34,36:46! -> 1
2,4;10. -> 10
8,16,38. -> 1
3,6,13,19,24,26,31! -> 1
7,15,18,26,39,53? -> 1
8,17,20,23? -> 1
1,4,6,10,15. -> 1
4,8,16,18,25. -> 1
1,2,9,14,32,40,45,50,52,54,58,72,79,89;110,124. -> 1
3,16,24. -> 1
8;9,14;15,19. -> 1
1,7,24,39,43. -> 1
1,14,17,20,23,32,38,39,41,54. -> 1
7,15,19;29. -> 1
0-0-0-0-0-6,20,30.36,50;52,62,73;83,91,95:96,97,103,108,124,127,132,141,148,160[161]161. -> 1
8,18,20,25,32,34,37,48,59. -> 1
15,20,27,28,34,43,47,48,49,52,54,56,60,68,75,83,95,106:113,120. -> 1
1,5;17;22. -> 1
3,4,5,6,13;15,16,17,23. -> 1
8,11. -> 25
3:4. -> 1
11,16,19,22,27,30,31-48,53,59,69,73,77,81,85,89,92,111-116,121,134,135.135,146,156,160,161,163,164,165,167,169,170,172,173,174,175,176,177,178,179. -> 1
4:13,24. -> 1
4,13,15. -> 1
5.9. -> 2
0]4,8,16. -> 1
2,4;9,16. -> 1
8,12,14,34. -> 1
2,4;14,18. -> 1
1,7;13,18. -> 1
2,3,8,23. -> 1
14;18,23,30. -> 1
3,29. -> 1
6,12,18,22. -> 1
2-20! -> 1
7,17;24,26-29,30,32. -> 1
1,2;5. -> 9
1,2,3! -> 123
5,11,12,14,23. -> 1
6,10,21,22,25,30. -> 1
1,2,3-4,6,8,14! -> 1
11-16. -> 2
2,9,25? -> 1
8,12,18;32-42. -> 1
10,12,13,16,21? -> 1
0]18. -> 1
4,10;14,27. -> 1
1,9,13,25. -> 1
24.32;41. -> 1
3,4;8. -> 3
2,3,8! -> 3
6,14,17,24,29. -> 1
1,3;9,15. -> 1
1,2,13,16,28,36,43,54;67,69,82. -> 1
3,4;9,13,17. -> 1
11,17;20,23,32. -> 1
1,10:17,24;27,30,35,41. -> 1
7-17,33;47. -> 1
1,2,8,16;25,33. -> 1
12,17;22,24. -> 1
2,9-10,18! -> 1
1,5;10;13,18. -> 1
8,9,18,25? -> 1
5,6,9,11,16,23,29,33,37. -> 1
7,13;20,21,31,40. -> 1
1,4,8,13? -> 1
2,4;13;18;23,25;35! -> 1
8,10,26? -> 1
1,4;8,13,17. -> 1
11,12,17,19. -> 1
1,9,16,21,23. -> 1
6,11,14. -> 3
1,3;6,7,13? -> 1
0[1]1. -> 1
3,8;22. -> 1
1,3;5,6,14. -> 1
7,10-15-19. -> 1
17,26;32,44,52,57,61. -> 1
1,9,17;21,25,29,35. -> 1
1,2,3;10,13. -> 1
3,8,14,23. -> 1
8,16,25;32-49,57,64,68,78. -> 1
4;7;21. -> 1
1-11,13,24. -> 1
18,26,31,39,45,48. -> 1
14,37,56? -> 1
11,13,31:33,38,44,50;59,64,74;76,78,84,94. -> 1
1,2,3,6! -> 4
3,5,10,11,17,21. -> 1
1,6,12! -> 1
9,25,33. -> 1
2-4,8,10,13,16. -> 1
1,3,7,11,18. -> 1
16;21. -> 1
1,3,10,15? -> 1
9,14,20,23. -> 1
8,12,17,35;39,43,46,56? -> 1
1,4.5. -> 6
4;5,9. -> 1
8;11. -> 5
2,8;15? -> 1
1,9,16,21. -> 1
2,3,4,5,6,9. -> 7
1,4,7;11? -> 1
2,7,16,21;24;30,37,43. -> 1
3,8,12,16. -> 1
2,7,24:28,33,38,47. -> 1
1,3,5,7;17. -> 1
2,7;14. -> 1
7,18,24. -> 1
9,16,24. -> 3
14,25? -> 1
1,9,18! -> 2
3,4,6,8,12,14. -> 1
4;6,9,17. -> 1
0]1,7-8! -> 1
1,8,14;23,24;31. -> 1
2,7;14,21. -> 1
2,4,6:8,10,17,22,26. -> 1
1,2,16. -> 9
3,14,21. -> 1
4,6;12,16. -> 1
1,5;20. -> 2
6,11,15! -> 1
7;20,34. -> 1
2,7,19,20. -> 1
4;5,8,16. -> 2
3,13,27. -> 2
1,3,14,18,22,29,38,44. -> 1
5,11-13,17,21,25,29;31,36,44. -> 1
0]1,8;12,17,24. -> 1
1,2,3,26. -> 1
2,3,16,28. -> 1
6,18,25;32,36,39,45. -> 1
5;21. -> 2
7,15.18. -> 1
4,8;12,20. -> 1
3,8,15? -> 2
4,7,10,15. -> 1
11-17. -> 2
2,8,14,20. -> 1
1,8,12,15. -> 1
5,9:12,18. -> 1
0]2,4,5,6,10. -> 1
0]9,14. -> 3
7,15,20,27. -> 1
4,7,8,15. -> 1
1,2,10;18.19,20! -> 1
9,14,16,22,26,30. -> 1
4,10,11,13,18. -> 1
2,4,10,17:22,27;34:39,43,48,52. -> 1
8,10;16. -> 2
1,6,7,21;22,31,39,45. -> 1
12,20,26,31. -> 1
3,8,17,24,33! -> 1
11,12-17,23. -> 1
1,5,9,10? -> 1
13-19;32. -> 1
7,11,16,23;28. -> 1
8,18,28,31,38. -> 1
4,10,21,26,29. -> 1
10,22-24. -> 1
1,4;8? -> 1
9,10,13,21. -> 1
4,7;11,18. -> 1
3,4,8,21-24,32,49,55,59. -> 1
1,4,14. -> 8
4,10,17. -> 6
1,6,11,20! -> 1
2,7,17,22. -> 1
3,4,5,7,8,11,17. -> 1
1;5,7.8. -> 1
15,17,20,29. -> 1
0[1]7,11-15:17,18,23. -> 1
5,8,15,17,20,26. -> 1
5,9,19,31? -> 1
5,13-19. -> 1
1,14,25-27,29-33,36. -> 1
7;17,22. -> 2
1,2,3,5,8,15. -> 1
9,15,27. -> 1
2,4,12,17! -> 1
1,7,9? -> 1
4,6,20,24. -> 1
4,9,16! -> 2
9,17,19. -> 1
6,10,19. -> 8
0[2,3.3]4. -> 1
2,4,22. -> 4
4,10-15. -> 1
0]1,2,6,9,16,24. -> 1
4,9,11,19. -> 2
1,2,4,15. -> 3
4,5,8,12,18,25. -> 1
10,12,15;19,24,31,33,39,44,45,46,48. -> 1
1,2,5,13. -> 1
3,5,7,16. -> 2
3,4,8;9,17,29,33,40. -> 1
9-22,23-31;35,42;44-50,54-61. -> 1
3;10,17. -> 1
1,8,11,25! -> 1
1:8,20,26. -> 1
1-2,9. -> 1
2,4,8:10,15;22,28,38,40! -> 1
6;14,15,16,17,23? -> 1
2,4,15,29. -> 1
2,10;13? -> 1
8;11,13. -> 1
2,3,8;16. -> 1
7,14-16;27. -> 1
4[7. -> 1
1,9,13,17,27. -> 1
1,3,5,8! -> 1
7,9,17,20,24,33;40,46. -> 1
1,2;4;6,14,18. -> 1
3,4,7,8,9,10,12;13,14,18,20. -> 1
4,6,9,24! -> 1
6,16;27.28. -> 1
1,2,22. -> 1
1,2,10,25,35? -> 1
1,4,9;18,20,23,26,33. -> 1
3,6,13,28;31,33,42,50,56,64,81,86. -> 1
1,6;9;12,14,18. -> 1
1,2,3;9. -> 8
1,3,6,19,30. -> 1
2,3,5:16,18,27,33,36,42,50,56,66,71? -> 1
1,10,29? -> 1
3;15-16,24. -> 1
4,10:18? -> 1
9,18.24,27,34,43. -> 1
4,8,23. -> 3
2,6-7. -> 3
1,2,3,10,18,25,26,29,33,41. -> 1
2,6,7,14. -> 1
12,23,28,31,38,41,48,54;62,74,80. -> 1
3,13,23,30! -> 1
1,2,3,8,16;25,31. -> 1
10:17,24;36,41. -> 1
5;9:33. -> 1
3,16,23;36. -> 1
6,27;31,32,43;46,48,59;63,70,86. -> 1
2,5,16,24. -> 1
9,14,22,30. -> 1
8,15,24. -> 1
6;25. -> 1
2,8,15,21-25-26-31,41. -> 1
10;33. -> 1
3-9,17. -> 1
3-5,12-17;24;34-36. -> 1
1,2,5;10,13. -> 1
14,20,26. -> 1
5:6,8,9,10,12,17. -> 1
3,5,8,15;31. -> 1
1,3,8;11,15. -> 1
7,8,9,15. -> 1
6,10,19,23,28,37. -> 1
1,13,19. -> 2
8,9,12,17:21,23,27. -> 1
1,4,18,22. -> 1
0]2,6,8,11. -> 1
1,10,19,28. -> 1
2,9;25. -> 1
8,16:20,25,30,34. -> 1
9;25. -> 4
2,5,12:16,28,35. -> 1
3,4,7;8,11,21. -> 1
1,4,9;19. -> 1
9,12,14,16,24,34. -> 1
13;22,30? -> 1
5,9,14! -> 1
5,10,17. -> 3
14,17-27. -> 1
1,6,14. -> 7
8,12,17,24? -> 1
7,9:12,13,14,17;19,23. -> 1
0[3,7-8! -> 1
6,13,16,20,28. -> 1
1,3,7,11,12,13,16;24? -> 1
2-4,9,12,24,25,40,47;54,61,67,72. -> 1
12;18;24;34;44;56,61,67. -> 1
1,4,9,11,13,24. -> 1
3,4,12,15,18. -> 1
6,9,12;13,14,25;29,33,44,53? -> 1
0]1,6,9,18,23,26;41,44:53,54,55,65,70,74,79. -> 1
2,15,20,32. -> 1
3,8,12,31:35,44,48. -> 1
5,21,28;50,61. -> 1
6,28,30,45,53,60? -> 1
7,12,15? -> 1
1,3,11,25;42,52. -> 1
4,7,15,23;30,37,46. -> 1
2,6,10,12,15,19. -> 1
8,11,16. -> 5
1,6,8. -> 11
3,8,13,21,30. -> 1
2,5,13;28. -> 1
0]7,14. -> 2
1,6:7,9,16;29,36,39,46,53. -> 1
0[2,8. -> 2
11,28,33,40,49,55-58,62,73:78,89;101,108-111,119. -> 1
2,10,18,25;28,33,37,50. -> 1
2,4,8! -> 6
5,9;11,15. -> 1
9;27. -> 1
1,2,9,13,18,22! -> 1
4,19,25. -> 1
3,9,18! -> 2
2,3,6;7-13,17,21. -> 1
4,10:16. -> 1
2,4;12. -> 1
2,4,9.10. -> 1
7,13,25? -> 1
3,8,11. -> 1
6,8,14,21. -> 1
6,9,11,26,37. -> 1
4:7,15,32. -> 1
1,4,9,14-16,24,32,40. -> 1
1,4,16.19. -> 1
1,9;18,28. -> 1
7,16,22. -> 4
6,9,12-15,18;25,34. -> 1
0]4,5,8,10,11,15. -> 1
4,6,12,15;25,34. -> 1
6,8,10,13;20,28. -> 1
2,4,29. -> 1
7,15,16,23,32. -> 1
8;9,13,17. -> 2
4:11.17. -> 1
1,4,9,10,15? -> 1
2,5,8,11,19;24,28,32,37,47,54;62-64,67,69! -> 1
13;27,37,40,43. -> 1
8,15,17. -> 1
1,8,14,16. -> 1
10,14,28. -> 1
1,10,19,26. -> 1
10;20[21]21. -> 1
1,2,19,28. -> 1
1,5;6,8,10. -> 1
7;12,17,24,27:36,44;52:53,58. -> 1
6:10,15. -> 2
0]8;17. -> 1
17,21,31-32,43? -> 1
10,18;20,27,31,37,40,45,53,60,67. -> 1
1,2,4,6? -> 1
1,4,6;21;28,34. -> 1
9,10,11,18,27. -> 1
1,10,16? -> 1
1,4,33. -> 1
10,12,17,27. -> 1
16,21,24,32. -> 1
4,9,24,25. -> 1
3,8;11,16;19,24;27,32;35,40;48;57,59,66. -> 1
1,18;26. -> 1
2,15;16,18,24,27,29,31,33,35,38,46. -> 1
8;16,19,32,39. -> 1
8;12,18. -> 3
1,2,7,13,25,31? -> 1
5,11! -> 6
4,5;8,17! -> 1
1,6,9,14. -> 2
1,9,13,17? -> 1
9,16,24,30:37,47,52,55,59. -> 1
3,6,11,14,16,27,44. -> 1
0]1,2,7,17,19-21,25,31. -> 1
14,23,30;33,37,44,60. -> 1
3,9,30. -> 1
4,6,7,9. -> 1
2,4,10,15-16. -> 1
12-13,26;30,40,47,61. -> 1
0[1:3,5! -> 1
7,11,16,22.30:32,33;41,42,43! -> 1
3,5,8;14,16. -> 1
3,12,17;18,21,33,41,50;56. -> 1
1,2,4,11,24. -> 1
5;8(13)13,15,20,26,30,35,41;46,51,62,70. -> 1
5,12;19. -> 1
3,4,17. -> 4
3,9,16,25! -> 1
3,24. -> 2
0]1,3! -> 7
2,3,4,6,8-9. -> 1
2,4,10;19,35. -> 1
0]3,6.10. -> 1
9;12,16,21:30,36,44;48. -> 1
7;12,16. -> 2
3,8,13,18,21. -> 1
0]1,7,21,31,38. -> 1
1,7,14! -> 1
6;16;21,25,35. -> 1
2-14;25,35,39,42. -> 1
1,2;4,8! -> 1
2,3;16? -> 1
7,9;10,15,17. -> 1
1,4,5,6,10? -> 1
4-7. -> 4
7,11,16,25. -> 1
3,5,9;20,27;47,60. -> 1
1,3,9,16. -> 2
9,19;24;27! -> 1
16:26. -> 2
0]1,4,7,10,15. -> 1
1,4,7;12. -> 1
4,5,8,18. -> 2
2,3,6,14? -> 3
5,10;19. -> 1
2-8;16. -> 1
5;18? -> 1
1,3;9,17. -> 1
2,8,17,23,24! -> 1
0[1,2,8. -> 1
2,5,13. -> 4
0]1,15. -> 1
18,23,27,33-34;38,39,43,44,46,47,51. -> 1
4,9,13,17,19. -> 1
1,2,8,21,29. -> 1
4,13,17? -> 4
10,15-23. -> 1
2,4,9,25. -> 1
2,4,6,8! -> 1
10;18,29. -> 1
1,9,18;31,33,38. -> 1
1,4;14. -> 3
7,13,19. -> 2
2,7,10,14? -> 1
8,20,30,37. -> 1
1-3,7? -> 2
7;11,15. -> 2
0[8,10,12,14. -> 1
9,17;19,21,25,31. -> 1
3-7,15-17,24. -> 1
11,16,26? -> 1
2,7,21. -> 2
4,10,17? -> 2
5,6,8;15:33:43. -> 1
1,4;8,15. -> 1
2,9,11,12,21,25,29,33,37,38,41,48,53. -> 1
4-7,12-13-17,21,26,37. -> 1
1,8,18,26,47. -> 1
3,4,13;24. -> 1
1,4;8,12. -> 1
14,18;29. -> 1
5;9-12,21. -> 1
17,35,39,44. -> 1
1-3,7. -> 6
2,9:18,30. -> 1
8,12,25,34. -> 1
15,20,23. -> 1
8;12;16. -> 1
4,5,8,10;14,20. -> 1
5,10:21. -> 1
0-0-0-0-0-2:13,30. -> 1
4,13,19. -> 2
8,9,16,23,27-29;31. -> 1
9;19,26,34. -> 1
4:6,13:14. -> 1
4,7,16;21,32. -> 1
4,9,15;24. -> 1
17;25. -> 2
1,2,7,13,21. -> 1
5,10,12,16,19,29:38,46. -> 1
2,3,6,8,12;19,36,44. -> 1
11,13,17,30,33,51. -> 1
4;17;30,32,34,38. -> 1
6,7,14. -> 4
1,3;8;25. -> 1
9;18;29. -> 1
4,5;13,28. -> 1
6;18.19. -> 1
0. -> 51
1,16,21,27,34,37,42? -> 1
9,12,18! -> 2
2,4,8,13,16;25. -> 1
1,6-7. -> 1
9,24;35,44. -> 1
3,9,17,20,25,34. -> 1
2,6,12,14! -> 1
1,2,9,22,36,40;48. -> 1
5,10;11,12,14,18. -> 1
7;10,13,20. -> 1
3,4:8;15. -> 2
5-6-10;19. -> 1
1.1[2. -> 3
8;12,15;18,22,31. -> 1
5,17? -> 2
8,18.19. -> 1
5,11,18;20,25,28. -> 1
2,19. -> 6
1,2,9,11,23,34,45. -> 1
1,6,9? -> 2
9,11,13,15:16,17,18,19,20,21,22,23,27.28. -> 1
3,9,13,18. -> 1
5-7,13,16. -> 1
3,8,14-17. -> 1
2,5,15:22,24,30,34,43. -> 1
6,9:15. -> 1
1,4,10;15;16,19. -> 1
8,12-16. -> 1
0]1,4,7,12;22. -> 1
4,6,9;13,16,21;22,25,29,30,33,36;41,45. -> 1
2,3,9,15;21,33. -> 1
6,17,24. -> 1
10,36:42,44,49,54,63,72. -> 1
1,7,14,29:33,38! -> 1
7:18. -> 2
3,4,5,6,9,13,19. -> 1
2-8,23,26. -> 1
0-0-0-0-0-2:11,13,21. -> 1
4,5,17,22. -> 1
4,8:11,15. -> 1
5,11,14,25,31,35,36,37,38,39,41. -> 1
2,6-8,16,22,31. -> 1
1,13. -> 38
1,7,12,16! -> 1
5,14,24,32. -> 1
2,4,17;28. -> 1
4,9,17;23. -> 1
7,9,18;20,26,31-32,33,38;44,51. -> 1
1,4,10;17;23. -> 1
5,8,13;18. -> 1
5;17;22,24,27,30;40,46,49,52,55,60;61,68,77,86. -> 1
1,2,5,10? -> 1
11;12,15,23;29. -> 1
1,3,4,8,13. -> 1
14,18,21. -> 1
4,5,16;21,30. -> 1
1,2,8:12? -> 1
8;16;20,29,36. -> 1
1,2,5,6;12,15,17-18,27. -> 1
1;12,13;14,17,24;40,46;47,48,56,64. -> 1
7,9;12,15;18,21. -> 1
8;16,21,28. -> 1
3,9,11,19,25. -> 1
5,7,15;22,33;39,46,53. -> 1
4-6,9,17. -> 1
9,10,16,29,35. -> 1
8-9,21,29,36. -> 1
3,5;13. -> 3
2,5,26-31? -> 1
4,5,8,17. -> 1
1,8,14,18,21,29. -> 1
1,4,8,19,32;45. -> 1
3;22. -> 2
1,7,9,14,20,23. -> 1
10,18,25;29,39,44,47,52. -> 1
15;16,28-32,35;43,60. -> 1
7,8,12,20,26? -> 1
4,8,10,13,16. -> 1
2,3,7,14,19,22,27. -> 1
1,10,18,23. -> 1
5,8,12;24. -> 1
8,12;14! -> 1
1,3;6-7. -> 1
4,8,14;26;27,35,43,47,50;51,53,55,59! -> 1
4,6,7,8,9,10,11,12,16. -> 1
5,10;20,29. -> 1
5,11,17,21,27. -> 1
6:12;16. -> 1
1,2;8. -> 10
0]1,8;12. -> 1
11;21,25,36,41:48. -> 1
8,11,14;17. -> 1
10,12-22. -> 1
0]6-7;18. -> 1
1,8,10,13:15,18,19,20,22,28-30,35,39;43,45,48;54;55,70,73-75. -> 1
0]5,7,10? -> 1
3,5,15;19,22,28. -> 1
1,4,8-9. -> 2
2,4-5-8,15. -> 1
14;33,45. -> 1
9,17;26,33,38-40. -> 1
5;12,18.21,28,33. -> 1
9,17,24,32;33,39,47,53,56,62,69,72! -> 1
1,5,7,9-10,12-13,21. -> 1
3,9-12,19! -> 1
25,30,37,42,47. -> 1
3,9-11;14,15,22. -> 1
1,4,5,6,7,8,10. -> 1
8,15,18;22,23;27,31,35,41,42. -> 1
5;12! -> 1
15,36. -> 1
7;10;12,22. -> 1
9,14,16,17,22. -> 1
9,18;22,27,37. -> 1
9,14;19,29,31,36,47. -> 1
1,2;6,11. -> 2
2,9;11,18;25,31,38,45. -> 1
2,3,9! -> 1
15;17,20,24,30-31;34,36,37,40,45;48,56;58,65,71;75,76,77,78,79,85. -> 1
4,8;12,15:20,23,26,29. -> 1
3,7:10,15,22. -> 1
1-4,8;10-11,13,15,17,22! -> 1
4;5,6,13. -> 1
12-16,23,36. -> 1
6,19? -> 3
2,3;17. -> 4
1.3,7;13;30. -> 1
7,9,18. -> 1
1,5;6,8,16.17,21,32-34. -> 1
3,7,13. -> 3
8,10;20. -> 1
4,8:13;25. -> 1
1.8? -> 2
4.5.12,13. -> 1
9,19,20,22? -> 1
3,4,21,33. -> 1
6,11,20;23. -> 1
0]1,2,7,16;20,26. -> 1
3,4,5,7,8,11,18? -> 1
2,4,5. -> 17
4,12,16,20. -> 2
5,7,12. -> 4
1,2;5? -> 2
2,3,7,15,17? -> 1
5,12,18. -> 3
2,3,5;8. -> 1
1,2;14. -> 3
10,16,18,31,45. -> 1
16:32:40? -> 1
0]5,7,11-12;13,27. -> 1
1.3,5. -> 2
2,4,8,14,22. -> 1
1.4,6. -> 1
6:11,18;27. -> 1
2,5,7,12,15,25. -> 1
0[2.2] -> 158
5,8,18,31,34,35! -> 1
5;12-13! -> 1
11,16,19,22,30. -> 1
5;17,29. -> 1
4,5,15;29. -> 1
1,3,11,14,24. -> 2
13,19,28,36.44,51? -> 1
9;21;30,43,46. -> 1
4,8,13,22. -> 1
12,16;18,21,27,38. -> 1
5,10,15,25. -> 1
6,10,14;19. -> 1
5,7,9,11;16. -> 1
6;15;22;37;41,50,56. -> 1
5-6;9. -> 1
3,4,13,18,25,28,30,33. -> 1
10,17,26,33,38-40? -> 1
7,16;20,38. -> 1
2,5,8,11,14,18,25. -> 1
1,15;18,20,31. -> 1
7.14,17,22;25,26,29? -> 1
4;5,7,14,19. -> 1
6;12,26? -> 1
1,3! -> 247
19;29,43. -> 1
6;14,19,31. -> 1
3;5,8,11,17,23;33. -> 1
3,5,8,11;16,17-21-23,30. -> 1
10;13,21,26. -> 1
3,6,10,15,21,24,25,26,27,34? -> 1
8,12,18,22,30,35,40. -> 1
4,9,13! -> 1
2:15,23. -> 1
0]14;19,26. -> 1
1,4,9,21. -> 1
2,4-5? -> 1
10;17,25,34,43,54. -> 1
10,14,19,25,29,33,43,54? -> 1
7;10,17. -> 1
1,4,9,11! -> 1
6,11,15,19. -> 1
22,34. -> 1
1,3,4,5,10,12;21. -> 1
1,7;12,15. -> 1
8,10,12. -> 3
7;12,19. -> 2
2,3;13. -> 4
1-10? -> 1
6,8,10;19,25. -> 1
1,2,4;8,9,12! -> 1
6,19;21,24,25,28;34,38,41-53,57. -> 1
3,4:9. -> 3
4,10,35. -> 1
6:13. -> 3
4:14-15. -> 1
8,19,22,24,29.33;44,44[45,49. -> 1
7,10,16,24,29. -> 1
1,8,15. -> 15
11,14,16,26;35,38,43,48;55,63;71,80. -> 1
5,10,23? -> 1
13;19,25;40,57. -> 1
4,11,14,15,17,20,23,30. -> 1
10;12,17,19,28. -> 1
3;8,20. -> 1
7,15;19,22,27. -> 1
6,12,15? -> 2
0]1,5,9;17,21! -> 1
20! -> 4
9,16;24-28;36,41,44-48-50,65,66,68;71,74,78,83. -> 1
7,8,15,18,25. -> 1
3,7,8-13. -> 1
6-12. -> 2
13;31. -> 2
4,6;16.20. -> 1
9;22-25,33,39. -> 1
8,20,23;29,41. -> 1
7,13,21,28:34,40-42,48,54,58. -> 1
1,3,4,6,10. -> 1
2,4,5,7,19! -> 1
6,10;15,18;28. -> 1
1,4,14;21,28,30,33,35,37,40,47,54,59,73,74,77,78-80,83,87,95,108,113,117,121,122,125,136,142;146,154,159-161,164,167:168,171,174,183,186-192. -> 1
1,3,5,12! -> 1
5:16,26. -> 1
5,18,27;35,44;58. -> 1
9,17,24. -> 2
6,7,9,16? -> 1
1,2;8,16,22;29? -> 1
8,12! -> 5
1,2,5,6,17. -> 1
3,4-7,14,24! -> 1
0]4,5,9. -> 2
1,5,7? -> 1
0]0[3. -> 1
4,6,8,11,13,20! -> 1
7,9,11-14-15,23. -> 1
4;10;14,17,21. -> 1
1.9. -> 2
1,5,6,9? -> 1
7,16. -> 57
6,14;15,22,28. -> 1
0]1,4:8. -> 1
1.7? -> 3
5,10;16,18. -> 1
5:16. -> 1
11,17,23,32. -> 1
2;5,9,11;14. -> 1
4,8;17-29. -> 1
2,4,8-12;20. -> 1
13,18,24;30,35. -> 1
1,8,22;31. -> 1
1.8,17,25,31,41,47;49,54,62,68,74. -> 1
8,16,20,24,32;34,36,41. -> 1
1,8;12,21. -> 1
1,5,20? -> 1
1,5,7;15,22. -> 1
1,2,13,18:21,27. -> 1
1,2,11,13,21,26,47,64,70. -> 1
7;15,23. -> 1
2-7,40. -> 1
3,11:23. -> 1
2,8,9,14,18:23,31. -> 1
6,15. -> 60
8;11,17,27;33,37,40,45. -> 1
16;19,23,27,39,48. -> 1
1.6? -> 3
3,5,10.11. -> 1
2:9;10,17,21,24,28,37. -> 1
13,16,18,22,24,34? -> 1
3,11,16,21,26,31,34. -> 1
3,6,10,14,16,21,22,29,37,39,46,55,58,65. -> 1
15,18,21,34. -> 1
11;16;23,26,28,33,41,47. -> 1
9,15,16,18-23,30. -> 1
1,6,11,21. -> 1
1,12,15,21,29,37. -> 1
9,15;23,30. -> 1
7-16,21. -> 1
13,14. -> 2
1,9;16. -> 4
13,15-20,24. -> 1
8,12-17-22;27-30,36,41. -> 1
9;13,19:26:30,49;54,58,64,68. -> 1
10:17,23. -> 1
2,8,23. -> 1
3;11,18-19. -> 1
11;22,31. -> 1
11,16-25! -> 1
2,15,24,41.42. -> 1
3:12,18,23,32,35. -> 1
0]1,2,5,8. -> 1
2,8;24,32;40. -> 1
3,8;10. -> 1
1-2,4. -> 4
7;12,18. -> 1
11,12,18,24? -> 1
4,13,21,26. -> 1
11:14,15. -> 1
3,9,19,24,27,30,32. -> 1
1,2,6,11,15,26,30. -> 1
1,8,20,26. -> 1
8,19,25. -> 1
4,13,17,23;32.33. -> 1
2,4,11,15[16]16,29,43,47,55,61. -> 1
1-5. -> 11
8,13,23,27,30,35,37,43,55;59,79,80,81,87-88,89,100,109;120,124,127,129,131,134,135,146,146(153,153)165. -> 1
5,11;14,16,22! -> 1
2,8;16,24;25,27,33,44. -> 1
1,3,4,9! -> 1
0]1,7,15. -> 2
3,13,24;25,29,44,51,55,67;73,76,77,89. -> 1
2,4,6,8. -> 1
3,8;14,23;27,30,34,40. -> 1
9;10,18,24-27,36,45;53. -> 1
6,10,19.27,33. -> 1
7;15,20,25;30-31,36. -> 1
8-8-8-8-14? -> 1
18,24,25,29,44,49,67;81,85. -> 1
9;14,21,29,34,44;53,60. -> 1
8,13.15. -> 1
2,4,8,11;15. -> 1
2,9,18,22,26,28? -> 1
1,4;7,10. -> 1
4,6;25. -> 1
1,14,21. -> 1
5;11,14,17,21. -> 1
3,4;17. -> 1
1,2,5,10. -> 5
1,3;9;26. -> 1
6,11;16,21? -> 1
5,9;15,20,23! -> 1
4,10,18;26,30,36,40,42,44,46;49,51,57,59,61,63. -> 1
1,14;23? -> 1
15;31;38,43. -> 1
4,17,22,25,40. -> 1
5;11,14. -> 3
3,18,22. -> 1
1,2,4;16. -> 3
6,8,30. -> 1
0-0-0-0-0-2:3,7,14. -> 1
9;20,23,26,29,32,36. -> 1
14,15,17,26,31,34,46? -> 1
9,17;26,32,33,36,39. -> 1
3,4,12,18,21,25,34,42. -> 1
2,10,14? -> 1
4,9,17,31-36. -> 1
3,5,23. -> 1
1,6,17,31! -> 1
1[2.2] -> 1
6,12,20,27,31? -> 1
6,13,16. -> 3
2,12:14,16,18,20,22,24,26,28,30. -> 1
7,8,9,11,20. -> 1
2,3;6. -> 5
5-6,7,9;10,13,18. -> 1
0]9;12. -> 1
2-8? -> 4
1,2,4,5-6. -> 1
1,2,14,20,31;37,41,44. -> 1
1,6:8,10,12,13. -> 1
1-7. -> 5
8,10,12,14,22:31,41. -> 1
1,2,7:13? -> 1
7,11:15,22,27,33. -> 1
4,5;10. -> 4
1,8,16,24,31;40,48,51;52,56,64;66,69-73,81,84,90. -> 1
3,16,20,24,29;40,44,47,53. -> 1
2,6;10. -> 3
0[2.2]3. -> 10
2,4,8,14,19. -> 1
2,4;13.14. -> 1
1,6,13,18,24,25,39,46,55. -> 1
3;8;14. -> 1
9,13,18,22,28? -> 1
3,6,7,10,14? -> 1
2,7;13. -> 1
9,18;27,35,36,37! -> 1
3,8,22. -> 1
2,11;13,20. -> 1
9,14,19,31,43. -> 1
11,19,25. -> 1
2,4-6,7,8! -> 1
4,6,8,14? -> 1
6,8,11,18? -> 1
2,11,13,33,35,42,48,55,59. -> 1
3:8,16:22,28,36,37,43. -> 1
2,4,6,9,17. -> 1
4,9;12,15;22,27;32,36,37! -> 1
4,6,10,16-25;26,29,42. -> 1
5,9,17,20,23,27,35;43,47,52-54;64,67,68,71,74,83,88. -> 1
5,6,11.20,28. -> 1
4,7,10,13,16. -> 1
1,3,9,13,15,19;28-29,38. -> 1
2,7,8,13? -> 1
7,11,12! -> 1
21,25. -> 1
1-5,8. -> 1
2,6,10. -> 20
6,12,18. -> 2
1,14. -> 27
3-4,6. -> 2
4,13,20? -> 1
4,13,19,23,25. -> 1
7,16,33. -> 1
6,17,27,34,40. -> 1
5;24. -> 2
16;22,34;42. -> 1
6,7,12-14. -> 1
8,15-16. -> 3
13;24,34. -> 1
1-2,18. -> 1
12-13. -> 2
2,5-9-11;19,22. -> 1
1,4,10,17,20. -> 1
1,2,4,16? -> 1
5:6,7! -> 1
2,7,23,34,37,41,50. -> 1
2,7,13,25,30. -> 1
2,5,6,9;11. -> 1
2,5;7,9! -> 1
2,4,11,13,17,26! -> 1
2-6,10. -> 1
7;12-15. -> 1
3,4,7,13,17:20,32;43,54. -> 1
1,2,7,13,22. -> 1
5;6,10,17. -> 2
9;11. -> 1
9,13,22. -> 2
1,7,14,21. -> 1
3,4,5,8,10-11. -> 1
2,3;5,7. -> 1
1,18;24,29. -> 1
4:9,15! -> 1
4,12,15;19,21. -> 1
4;13-15;27;31,38,47,51. -> 1
5,16;24. -> 1
9,13-17;18,21,26,34,46. -> 1
3,10,18. -> 1
9,16,22;23,27,31. -> 1
11:38. -> 1
1,7,12;20. -> 1
2,3,12,17. -> 1
1-2,4,12-13. -> 1
4,5,13,23-27. -> 1
12,25,26,30;35,38,42,48,52,58,79. -> 1
1,7,12,23-24-25,28,29,32,50,53,55,58,65. -> 1
10;26. -> 2
6,8-15. -> 1
10;11,26-27;28,31,37,45,46,47,49,54. -> 1
4,14;23,32,35,36,37,41,42,44,50. -> 1
8,13,16,18,20,24,41;56. -> 1
5,6,7. -> 4
8,32-35;37,39,43,52;55,56,60. -> 1
6,11,19. -> 2
4,7,15,25,26,28,30,32,36,42,48. -> 1
3,4:10,18,26,30. -> 1
2,3,6,14;20. -> 1
0]2,6,15. -> 1
4,5,6,7! -> 1
9,28. -> 3
5,11;12,14,17,20,25,28,36. -> 1
8,11:12,15,24? -> 1
0[2,5,6. -> 1
4,6,9,11,18.19,23,25,29. -> 1
9;15;20;25. -> 1
8,11,14! -> 1
4,7,10,22,30! -> 1
8-11,17,21,27,31,36,38. -> 1
7;16,21,29. -> 1
23,28. -> 1
6,13,18. -> 3
1,8;9,16;19,23;24,26,32? -> 1
6,13,20. -> 3
11:15? -> 1
16? -> 53
14,22,27,36,47,63,77,87,104. -> 1
7,16,23,31. -> 1
6,15,18,23,31,39,46? -> 1
5,11,19,26,31. -> 1
19,26,30,42. -> 1
6:12. -> 4
7,17.23. -> 1
6,9-15,29;31,34,45;65;80,81,93. -> 1
9,11,17;29;37. -> 1
1,10,12;19,21;27,29. -> 1
2,3,4,7! -> 1
12,17,19,21,31;34,43,56. -> 1
1,8,10? -> 2
4,6,10,18,23,25. -> 1
6,8,13;20. -> 1
1,16! -> 4
7,9;17. -> 2
1;15,27. -> 1
10;17,21. -> 1
2,7,9;13,14,15,20. -> 1
6.7. -> 9
5:11. -> 5
3,15! -> 2
2,8,15-16. -> 1
8? -> 419
3,9,11,12. -> 1
3,12,13,19,25. -> 1
12,18,23,27,34. -> 1
2,6,13;15,18. -> 1
4,12,18,33? -> 1
4,6-10. -> 1
2,10,15? -> 1
3-6! -> 2
4,9,11. -> 4
16,17,18,21,27. -> 1
7;12,16,21,22,25,26,27,30,34! -> 1
2-7! -> 2
12,19,22;32. -> 1
0]1,2,6,15;18,23. -> 1
1,4,10;16. -> 1
7-20. -> 1
1;3,6. -> 1
3,4,11;17,21-24. -> 1
6:17,26;32,41;45;46,47,60,65. -> 1
16;21,25,31. -> 1
9,10,19? -> 1
3;8,12;19. -> 1
2,10,16,23. -> 1
1,6,10,17. -> 3
6;16,23,29,32. -> 1
5-14. -> 1
11,17;21,22,26,29,34,37,40,43,44,49,52! -> 1
5,13[14. -> 1
13;18,29,39. -> 1
5,12,16,21,28! -> 1
14;23-24. -> 1
7,19,20,22,29. -> 1
3,6,14.16. -> 1
9,16,19,22. -> 1
19,25-27,32,37,44,46,48,54;59,65,80,88. -> 1
1,3,14;24,28,33. -> 1
9,21;30,38. -> 1
3-7,16. -> 1
9,14;32,42-45. -> 1
1,4,8,15,20,27. -> 1
9;11,13,19;32. -> 1
12,16,19,24,31. -> 1
0]6;7,11,13,19,22,29,35. -> 1
8,10,12,15,18,21,22,24,28,36,47-51;52,56,64,71,84,86-88,92,102. -> 1
2,5,11,17,39. -> 1
8,16,25;32-51,57,65,72,79;81,85,93. -> 1
6-7-9,11(13)18,25,33. -> 1
4,6,19. -> 2
2,4,7-17,29. -> 1
9,19,28. -> 2
7,11,29. -> 1
5;11,13,15,17,26. -> 1
18? -> 16
3,22,30! -> 1
1,3,4,8,12,17,24. -> 1
3,9;10,11,16. -> 1
5,7,9,18. -> 1
0[1]10;19. -> 1
9,13,20. -> 1
1,9,23! -> 2
2,10,19,23,34. -> 1
5-12. -> 1
5,13,24. -> 1
1,5,13,20,25,31,33,39,42,47;59-65. -> 1
1,4,6,9,10,13,17,23,32. -> 1
2,5,6,23. -> 1
16;36,44,55-56;64,73,79. -> 1
13,21;25,30,37;38,51,56,58,66;68,71,75,84. -> 1
7,16:21;26;28-30;32-33;37-42;46;52,56,62. -> 1
14,19:25,32;45,55. -> 1
3,5,8,11,13,19. -> 1
3,13,24:37,49,62. -> 1
8,16,19,22,25,32,43. -> 1
5,8;14,26? -> 1
3,8,12,13,17,27,37;60. -> 1
1,2,12,25,49. -> 1
1,4,5! -> 7
4,8,21. -> 1
1,2,4,13,21;37,45. -> 1
1,4;10,17,22? -> 1
6,14,19,22,29! -> 1
1,2,3,4,10! -> 1
10,11,15,20,22,24;27,37;40,50;53,65,69,71,73. -> 1
1,4:11,24. -> 1
1,2,3,4,5,6,8. -> 2
10,17,22,31;32,36,42,51;56,62. -> 1
3;6;9. -> 1
1,3;4,5. -> 1
4;8,9. -> 3
4;15. -> 5
7-15,23. -> 1
6,13,17,23,36. -> 1
1,4,5,7! -> 1
1,2,5-6,7. -> 1
5,11,20,23,27,32,36-37. -> 1
2,7,10-12,21,29,31-33. -> 1
1,9,24. -> 1
3,5,9;13,18,23,28,30,40. -> 1
21:31;37,45[46]46. -> 1
1,4-8. -> 1
3,11,13. -> 1
9,14;23. -> 1
8.9-10-11! -> 1
2,4;9,13,19. -> 1
2,8;14. -> 5
0[2,8.8] -> 1
4,10;11,17. -> 1
2,9,21,25. -> 1
1,2,5-6. -> 1
0]1,5,10,20? -> 1
6,8,11,26,29,38,50,65. -> 1
0]9,13,15,21-22. -> 1
1,2,3,4,15;31. -> 1
4,6,17? -> 2
0[2]6,7? -> 1
5,9,14. -> 7
9,20:25,34,53. -> 1
8,12-13. -> 1
2,4,5,9,11. -> 1
3,10;19,26. -> 1
0]4,8,15,22,31,36. -> 1
9-15. -> 1
6,8:18,30,43. -> 1
1,2,5,13? -> 1
7;11-15. -> 1
6,16,21,28. -> 1
1,6,7,10,22,27,30. -> 1
10,21,32,48. -> 1
1,3,4,5,6,7,8,10;25. -> 1
3,7,15,23;28,35,44,52. -> 1
1,3,5,8,16,23;37,40,46,54. -> 1
1,3,8,22. -> 2
9,19,30-33. -> 1
11;14,19,24. -> 1
10:13,27;31,47. -> 1
4,6;7,12,24,26,31. -> 1
4,7,14,18,29:57,59,63,71,73,78,82,87. -> 1
4,8;16,23,31,39,54. -> 1
10,14,18,27;36,40,44,54. -> 1
1,2,4,11,18,21. -> 1
2,9,17? -> 2
4,9,18,28,35. -> 1
5,9,13,22,34,36,37,39,41,45,47. -> 1
6,10;13,24. -> 1
3,7;8,15,24,30;45. -> 1
1,2,6:13,26. -> 1
2,4,9,18;24,29. -> 1
6,8,12,15,22. -> 1
4,6,12! -> 2
5,6,15. -> 3
11;19,24. -> 1
2;4,8. -> 1
1,9,16. -> 4
6,13.19:26,34. -> 1
1,2,12,15,17. -> 1
0]7,13. -> 2
1,4,10;22;27. -> 1
6,11! -> 6
1,10! -> 24
4,5;22,26. -> 1
22,26,29,35.36,66! -> 1
10,18. -> 53
2,13,16,24,29? -> 1
1,2,4,19? -> 1
12,16,19. -> 1
18,22-23. -> 1
14,15. -> 4
0]6,19. -> 1
9,15;24,35. -> 1
7,10;12,15[18]18. -> 1
6,7;16. -> 1
3,5:14;21,23;25,28,29,32,35. -> 1
4,8;13,16. -> 1
9,10,12,14,15,27.30,31,37,42. -> 1
4,9,12,24! -> 1
2,6,13! -> 1
7,16,21,36,45,72. -> 1
1,2,7:19. -> 1
6;15,24,37,46,49,51-52. -> 1
3,6,11,16;27. -> 1
2,3,12,18. -> 2
2,3,7-9,13,19,22. -> 1
4,8,9,15,23. -> 1
4,5,9,16,17. -> 1
1,2,3,4,7,8,11,12,15. -> 1
5,11,16. -> 1
4,8,16. -> 10
4,6,8,12,20,23,42? -> 1
3,6,8,10,13;21,37. -> 1
11,19,21,36,46. -> 1
2,3,8,10,12,21. -> 1
1,5,7,13,17,30,36. -> 1
9,11,13,15,19. -> 1
1,5,8,14;16,18,21,24,29. -> 1
4,5,27! -> 1
8,19,23? -> 1
4-10,16:22-32,40,50. -> 1
4;15! -> 1
3,7;14,23. -> 1
7,12,13,14,27,38. -> 1
0-0-0-0-0-3[4]15,32,47,53. -> 1
5-6. -> 7
7,10,13! -> 1
5;6,19,29,33,38. -> 1
2,3,8,15;25,30,32,39:45,51. -> 1
6-8,17. -> 1
1,2,10? -> 9
2,6;9;13,19. -> 1
17,23.32.36,39;49. -> 1
4,9,22,27. -> 1
4,8;11,12,15. -> 1
4,23. -> 2
10,17! -> 2
0]8,13. -> 2
9,14,16-18,21;24,25,30,39,41,45! -> 1
8:11;16. -> 1
0-0-0-0-0-21. -> 1
1,4,8;19,28. -> 1
1,3,9,13,28,39,45,47,51;52,55,60;63,76,80,105;116,120. -> 1
13:16,24. -> 1
3,4,13,20? -> 1
11,16,28,35. -> 1
6,14:15,16. -> 1
3,7,9,11,15. -> 1
3:14,21. -> 1
6,9,13,17,28-29,30,34. -> 1
4,9;16? -> 1
12,14;27,34. -> 1
10,11,15,27;30,33,44. -> 1
5,9,12,18. -> 1
5,9,11? -> 1
8,10,16,20;30. -> 1
9;12;19. -> 1
13,15,17? -> 1
4,8,16;17,19,24,28,33,37. -> 1
3;13. -> 6
14,20,25,32;47. -> 1
4,8,24;28,32,38,47:49,51,54,58,69. -> 1
9,10,17-18? -> 1
6,7;13,19. -> 1
7,9,11. -> 1
1,2,16,33. -> 1
3:4,10,16,17. -> 1
1,2,3;4,7;17.18. -> 1
1,2,3,4! -> 26
8;21,23,27,28,43,51. -> 1
2,4,9,17;26,31,34,42,44,51:55,60. -> 1
4:5. -> 1
9,11,21,25,29. -> 1
2,3,9,10;12,14. -> 1
6,20,23,24,25,28,29,32,33,39,41,45,48. -> 1
10;21,35. -> 1
0]17. -> 1
5,15! -> 1
9,10,11,17,25. -> 1
8,14;22,30. -> 1
2,4;12! -> 1
1,7,15,19,23:28,40. -> 1
7,9,13,17,23. -> 1
1,2;7,9,12,19,33. -> 1
4,7,12,18. -> 1
1,2,7,20,23,32,34,37,42,49. -> 1
11;19;21,22-26,33,40,47. -> 1
14,19,28;40,48. -> 1
2,8,12? -> 2
6,23;32,37,43,53,56,67,75[76]76. -> 1
9,12,26,27,35? -> 1
17,24,33,35,38,59,66;73,83,85-89! -> 1
2,3,6,8,9. -> 1
6,10,15,19;28. -> 1
4,9:10,13,17. -> 1
1,9,11,22,30,34,37,44,53. -> 1
2,5;12,13,16;18,20,22,24,31. -> 1
4,9,10,11,12;13,18,25-26. -> 1
9,19,25,30,38,42. -> 1
2,11,27,33. -> 1
2,5,9,14,29? -> 1
0]1,4,7,13,24. -> 1
11,19,36,42,46:52,61,71. -> 1
4;19,23;34. -> 1
7,8,12? -> 2
5,12,16;28,43. -> 1
5,8;15. -> 3
2,4:22;23,28,49. -> 1
1,4,37. -> 1
4,9,12,18,25,37. -> 1
3,9:12,16;19,24;29,33;35,41;47,51;57,60;64,67. -> 1
1,12,28,31? -> 1
0]2,4. -> 8
9,17,25,26,37! -> 1
7-8,14. -> 1
4,5;6,8,12. -> 1
4,6,10,12,13,17. -> 1
4,12,22. -> 3
4,7;11,13,16. -> 1
2,4;9;11,13;15,18,25. -> 1
3,7,11,19,22,27,32. -> 1
9;19,23,25,27,30. -> 1
1,11,21;25,30,32,35. -> 1
4,16,20,37. -> 1
10,18,26! -> 3
7,12,16,21,23. -> 1
2,4;9:30. -> 1
1,4,10,14,20. -> 1
1,12-14,15,17,18,21,29;30,37,64. -> 1
2,9,26,33,38,53,68,75. -> 1
1,2,25. -> 2
1,2,8;16;24. -> 1
4:12,19,32,41. -> 1
7,19,21,26. -> 1
2,3,12,17,21! -> 1
2-4,7,13,20,22-24,27,30,34,38,43-48! -> 1
2,4,6,15,19,24,28? -> 1
6,11,15,22,41,57. -> 1
1,5,13,18. -> 1
2,6,8,14. -> 1
1,5;7,10,18,20:26,31,42. -> 1
7,14,27? -> 1
1,2,8,12,18. -> 1
9,15,22,29. -> 1
8:14. -> 3
9,10? -> 4
1,2,8,11,22. -> 1
3,10;18,21. -> 1
7. -> 1300
8,17;29;39,48,53. -> 1
10,19:28,37;43,46,52. -> 1
8,12,16;20! -> 1
6,9,19,34? -> 1
2,6.7. -> 3
2,4,8,17? -> 1
4,32. -> 1
4,8,15;18,21,25,29,37,44. -> 1
6,18,35? -> 1
1,7,11,13,16. -> 1
6,14,24. -> 1
3,5,11,17. -> 1
4,10;18;22,27;31,36! -> 1
6;13,18,25. -> 1
10,31? -> 1
9;12,15. -> 1
2,14,30. -> 1
8,17-19,27,29,35-37,46,53,59. -> 1
5:13,19,26. -> 1
14,18,26. -> 1
1,7,16,31,45,58. -> 1
7,14-23,32. -> 1
4:8,22,28;35,37,38. -> 1
1,3,12,22,31,36,44,61,69;74,78,95? -> 1
6,11,16,19,25;27,37,38,42,43,45,67. -> 1
0]5;8. -> 1
8,17-21,24,25,27,28:34,44,50;54,59,61,79. -> 1
2.7,8,11. -> 1
1,10,27. -> 1
4,9:11,13;17! -> 1
13,26-27;38,40. -> 1
10,27,42-43,56. -> 1
8,17-18. -> 1
1,9,10,15. -> 1
17,26,32,42. -> 1
0]3,9. -> 2
1,10:13,15,19. -> 1
0[2,3,4. -> 2
9;12,13? -> 2
6,7,8,9,10,11,14,17,21,27,31,42,47? -> 1
3,7! -> 25
4;10,15. -> 2
4,11,21,30,39,47,56,61. -> 1
4-6,28,36. -> 1
11,14,29;37,41,51! -> 1
5,7,11,28,33. -> 1
1,6,7,8,9,11. -> 1
2,10,21? -> 1
11,19;31,33,37. -> 1
2,5,14;22:32,39. -> 1
4,9,13,15! -> 1
2,6,10-12. -> 1
3:5,6,14;18,19,25. -> 1
1,3,7! -> 5
1,2,3,4,5,7. -> 1
5,8,12-13-14,15[16. -> 1
12,16,20. -> 1
2,6,7,11;17,18,22,30;31,32,36,40,42. -> 1
3,4,10,11,13. -> 1
7,12-18:26,31-33. -> 1
4,7;19. -> 2
4,12,20,31:37,43,46. -> 1
1,4,7,15;24,38:42,47! -> 1
2.6? -> 1
3,6,9;11,13,15. -> 1
14:23,34. -> 1
1,3,15! -> 2
1,3,19? -> 1
5:6,8,9,11. -> 1
9,13,15,18,26,32,39,49.58,66;73,75-81;90,99. -> 1
7,8,10,15,23,26;37. -> 1
0[4,9. -> 4
6,7,12. -> 3
4,9,17;19,26,33,49. -> 1
2;11,16. -> 1
5,9:10,12,18? -> 1
3:5! -> 1
3,10,14? -> 1
1,4,5,10;11,15,16,20. -> 1
3,5,7,9,12. -> 1
2-4,5,6,10. -> 1
2,10,14,18. -> 1
6;10,14. -> 2
4.6. -> 4
2,9,15. -> 11
1,5,9,12. -> 2
6,11-22. -> 1
4:12,19,27,59. -> 1
5,8,11,16,23;32. -> 1
6-14. -> 1
3,9,13,16,19,22. -> 1
5,13;22,30. -> 1
12,19,23. -> 1
1,2,4,9,13;14,15,19. -> 1
6,8-10? -> 1
1,5,14;16,25,35,59,70:93. -> 1
4,5;6,7,8,9,10,16. -> 1
9;26,30,39,48,51. -> 1
5;8:17. -> 1
6[8.8] -> 1
10,17;21,31;37,52. -> 1
9,11,14,23. -> 1
1,2,5,12,14,20:26,27. -> 1
2;7;18. -> 1
4,6.7. -> 2
2,5,12-18,26,33,38? -> 1
4,13,20-25-26? -> 1
9;10,13,17-25. -> 1
8;12,18,23. -> 1
6-8,10-11;16-19,22. -> 1
1,9,15;22,28. -> 1
5,8;18,22. -> 1
3;12,14,19. -> 1
2,4;6! -> 1
9.9[13. -> 1
4;7-11:18,27;33. -> 1
1,7,16,20,28. -> 1
3,7,17. -> 4
6,16;19,32,42. -> 1
8,9,15,32. -> 1
1,3,7,22. -> 1
1.2,6? -> 1
2,6;10,15,18! -> 1
4,10-16? -> 1
3-4,5,17,18,20! -> 1
3:8,16,25,34. -> 1
4,6,12,16. -> 1
3,8-13. -> 1
3,15? -> 3
8,14,19,26-27,35,40,46,59,68,84,91:98. -> 1
1,17-20. -> 1
4,10,26,28,32,37,41. -> 1
1,3,10-11;18. -> 1
3,4,7-9. -> 1
3;7,11,21. -> 1
1,7;12. -> 3
1,5,12,13,22,27,33,39,43;54,57,63,64? -> 1
9,17,23,26? -> 1
1,2,6,7,15. -> 1
5;20,21,30. -> 1
2,8,25. -> 2
10,13,23? -> 1
3,5,8,10. -> 1
7,13;18,25. -> 1
3,15,26. -> 1
7,9,12,26. -> 1
2,5,6? -> 3
3,15,22,26;28,36,40. -> 1
1,2,10,16,19. -> 1
1,3-5,7-10,11! -> 1
6,10,14,18,20. -> 1
1,3,4,5,6,7-9! -> 1
3,8;12. -> 1
5,11;18,22. -> 1
8,17,24. -> 2
1,5,10,11. -> 1
0[2,3,4,5.5]6. -> 1
7,9;15. -> 1
4,5;8,10,20. -> 1
1-2,4,8. -> 1
2,5,7,8;11,13;17! -> 1
3-4! -> 2
2,3,5:14,16;26,30;38. -> 1
4,6;17. -> 3
4;6,9,11. -> 1
1,3,9,16,28? -> 1
9,12,15,21,24,25! -> 1
9,10,21. -> 1
5,7,8,10. -> 1
4,9;13;22;30. -> 1
2,3,7,17. -> 2
2,11,16:32,44. -> 1
10,19,20,24,35,36,37,39. -> 1
5,20,36. -> 1
4;17,22. -> 1
2,3;9,14,17:22;26,35. -> 1
1,3,21! -> 1
5,9,13-18! -> 1
2,5,14. -> 5
4,7,10,20,36:40. -> 1
4,6,8,12,15,18,24,27,31. -> 1
2,8,13,15,20,23,29,35. -> 1
1,7,27,34. -> 1
10;13,18,24;39,43. -> 1
3,4,6? -> 2
2,15,30. -> 1
1,3,8,9,12,16. -> 1
6,7,14,16,21. -> 1
8,16;20,21,34,36. -> 1
14,19,25. -> 1
4,7,18? -> 1
4;7. -> 20
1,5,6! -> 3
4,12,15! -> 1
1,18:25,30,35,39;42,45,51. -> 1
8,11.12. -> 1
1,3,16,18,20,24;33. -> 1
6,8,10;12,13-15,22. -> 1
1,3,7,11;12,13,17? -> 1
14,21,26,28-31:42,46. -> 1
2-8,14. -> 1
1,7,16. -> 10
6,16-24. -> 1
4,12,20. -> 1
6,8,12,24. -> 1
1,3,4,8. -> 3
1,4,7,11? -> 2
18,22,23,25,31,32,34. -> 1
7,12. -> 55
4,14;32. -> 1
10,20,21,30,38,43. -> 1
3,21. -> 3
4;5,6,9;13. -> 1
8;12,18.26;30,35. -> 1
1,2,9;13,18. -> 1
1,2,11,15,17,22;27. -> 1
1,13,18;24,30,35,39,43,47. -> 1
5,6;11,17,23,28. -> 1
8,11,14. -> 3
0[2,3,4,7. -> 3
1,3,5,9. -> 2
4-10,11,14! -> 1
3,8:14. -> 3
1,2,3,8? -> 2
1,10;14? -> 1
3,14,27,36,37,40,45,55,58,66,74. -> 1
3:7;14;17,22? -> 1
6,13:16,20;28,42. -> 1
4,8,14,20,27-31-33. -> 1
3,11;21. -> 1
2,4,13:18. -> 1
7,8,15,21,25? -> 1
4,11,20. -> 2
9;15:22-23. -> 1
6,21,28. -> 1
2,5,8,10. -> 1
6,10,14. -> 5
4:13? -> 1
3,6,11,14:15,21,31,39! -> 1
4,9,21,30? -> 1
4,8,16? -> 2
12:21,31. -> 1
5,8:14,26,30,34;41;49,52,58. -> 1
6,8;12,15. -> 1
7,21,25,34,40;44,49,57. -> 1
5,10,17,24. -> 1
1,3;7,9,16? -> 1
1,4,8,10-11,14-15. -> 1
0[1]8! -> 1
1,4,14? -> 2
2-6,12! -> 1
3,6,11,13,15,19. -> 1
9;13,19. -> 7
9;17,26,33,35,38,42. -> 1
1,6,8,9,27,32,35;44;50,66,74. -> 1
7,11,15. -> 4
10,28;55. -> 1
13,27,33. -> 1
0]8,11? -> 1
5,9,11,26? -> 1
6,18;20,24,28? -> 1
5,14,18:26. -> 1
9,10,12,26. -> 1
2,9,20! -> 1
3,10.18;20-24. -> 1
3,8;10,12,18. -> 1
0]6,7;25;39. -> 1
10;14:17,20. -> 1
1,3-5,8,9! -> 1
7,9,11,22. -> 1
5,11,20:23. -> 1
2,6,18,28,33,35,39,46,51;60,68,83,84,86,93-109. -> 1
1,11,19,29;46. -> 1
2,5-6! -> 1
2,4;9,16,32,34,40,51. -> 1
1,2,6:15,18,32;38-42,43,52. -> 1
1,10,19. -> 10
3,5,7:20. -> 1
4,9,16,25,32:36,42,47,51. -> 1
15;26,35. -> 1
14;19,23. -> 1
13,17,24,31,39,56? -> 1
9.12,13,17? -> 1
1,4,6,8,10,14,19. -> 1
10,11,15,26. -> 1
1,14,17,26. -> 1
0]1,10! -> 1
3,6,9. -> 7
4.4] -> 1
7;14,22. -> 1
1,3;8,14. -> 1
4,16,40. -> 1
3,7,14,18,23. -> 1
4,10,16. -> 11
1,3,6,9,12,15,18,21,24,27,36,37,43,45,49,50. -> 1
17:23,29;37. -> 1
4,9,17,24-25,33-40-41:46. -> 1
3:9. -> 2
1,12:16. -> 3
10.16,18. -> 1
10,15.31. -> 1
4,8,17;24. -> 1
1,5,16,22! -> 1
11,17,22. -> 2
6,8,23. -> 1
4,13,22;23,26,34,41. -> 1
1,2,13. -> 18
1,2,4;8,11,12,18. -> 1
3,11;22,28,32! -> 1
5,11,13,23. -> 1
4,6,10,18;24. -> 1
4,13,22,26. -> 2
2,3,6,14,19,21,23,29. -> 1
4,9,26. -> 1
3,6,19. -> 1
4,6,12,22. -> 2
4:8,10,12,14? -> 1
3,4,18:26. -> 1
3,13.18,21. -> 1
2,3,5,9;27,28,36,40,47,54. -> 1
6,9,12,15,18,21? -> 1
1,6,8,12,19,25,33. -> 1
16;21,30. -> 1
11-14. -> 1
9,9(24,24)41,48;53,56,61. -> 1
1,5,12,17,22. -> 1
13,17,18;32. -> 1
4,8,14,24. -> 1
1,3;12,13,16,28. -> 1
1,4,8;17:22,26. -> 1
4,7,14;22,31,38:47,55,63. -> 1
1,6,13,22;27,36. -> 1
3,6,11,15,23. -> 1
8-9,19. -> 1
2,4,7! -> 6
2,3,11;12,18,27. -> 1
1,8;20,23. -> 1
5;6,9,18. -> 1
26;30,42;48,50. -> 1
2,4,6,8,10,12. -> 1
7,22,29;30,33,47. -> 1
6,24! -> 1
11,15,18. -> 1
1,2,3;4,8. -> 1
1,5,11,19,27. -> 1
6;8,10,18. -> 1
5;8,11,17,19,26. -> 1
1,8,14-16,19,26,36. -> 1
10,20,22,30. -> 1
10;14,17,19-30,46,50,53,55. -> 1
8;11,13,19. -> 1
12,22,28. -> 1
8;17,26. -> 4
4,6,8,10,14,16-17,26,36;45,56. -> 1
1,5,9-10,17. -> 1
6,18,24:35? -> 1
1,5,21;22,26,32. -> 1
1,4,10;20. -> 2
13,14,17,21. -> 1
4,10,17,24,28,40. -> 1
20,24. -> 1
2,5;11. -> 3
1,8,19. -> 2
2,7:17,20,29,33. -> 1
2,9,13,21. -> 1
11;26,31.32. -> 1
13,15,16,25,26:27,38;39,40,44,45-46-47,50? -> 1
4,5,9:10,17;18,25,35,36,38,47. -> 1
2,12,13,16,17-19. -> 1
1,7:16,26. -> 1
1,7;11. -> 1
2,4-9,25. -> 1
3,3(9,9)17. -> 1
3,6,9! -> 2
1,4,6,13,25! -> 1
6:17. -> 1
8;9,17,21;32;42;47,51,56. -> 1
18-23,27,29,31-32. -> 1
1,8,17:23-24. -> 1
7,22,33. -> 1
7,8,9,25,27-31,35. -> 1
2:8,17. -> 1
2,6,15,31;36,38,40. -> 1
10,18,24. -> 3
5-7,8,22,27. -> 1
1,2-3,6? -> 1
6,13,21. -> 5
3(4,10,19,22)26. -> 1
1,2;5,10;23. -> 1
3;4,5,6,7,8,9.11,15. -> 1
6-7,8? -> 1
1,3-4,5,9;10,20. -> 1
1,4,10;14,23. -> 1
8,15,23,33. -> 1
1,4,14,18. -> 1
2,3,12,21,28,34,36,45,56. -> 1
1,3,7,23,24,27,31.34,36,39,48. -> 1
4:13;28. -> 1
4,6,9;15,17. -> 1
0[4,5. -> 4
4,5;13. -> 2
9;15,24. -> 1
7,10,15,20,21,24,33. -> 1
14,15,17,24,40. -> 1
1-3,8,9,17? -> 1
1,4,13;23,31,42. -> 1
9,19. -> 44
6,7,10;28,38. -> 1
1,6,8;16,22.23. -> 1
0[1,5. -> 8
2,4,10:14,23(24,28,31)40;43. -> 1
1,5;10,16. -> 1
3,10,20. -> 2
5,9,10,20. -> 1
2,4,5,8,16. -> 1
5,6;8,21. -> 1
8,12;41. -> 1
4;12-14. -> 1
3,4,7,16. -> 1
1-2-3,4. -> 1
10,14,21,29. -> 1
5,6,19,24,27? -> 1
9,12,16. -> 4
8;9,10,17. -> 1
7,12;18,25. -> 1
7,8,14,19. -> 1
0]1,3,13? -> 1
3,7;11,18:20,24,34,37. -> 1
8,17;28. -> 1
7,10;20,27. -> 1
1-3,8! -> 2
1,2,5,8[9. -> 1
3-4,11? -> 1
4,12,15. -> 4
4;8:15,18;19,22. -> 1
4,6,11. -> 14
3,5,17,21,31,37? -> 1
3,4,15,29! -> 1
1,2,10,19. -> 2
6;9,10,18. -> 1
18;26,34. -> 1
3-4,6,10. -> 1
2,7,9,11,15. -> 1
2,12,16,26. -> 1
4,16,33,41. -> 1
7,18,27. -> 1
4,6,16! -> 1
6,15;29. -> 1
2;7,10. -> 1
1,6,9,18! -> 2
4,6,11:12,14,17,25,34;40,44,53. -> 1
5,9;16. -> 2
6;13;19. -> 1
6,8,10,16. -> 2
11,12,20,24,27. -> 1
0]2,5,12,15. -> 1
2,3,5,9. -> 5
0-0-0-0-0-1,2,3,16,21? -> 1
4-16. -> 1
5:11,14;18. -> 1
11,15,16,32,38,42,43,48? -> 1
7,8;12,18,25. -> 1
11;24:26,27-28,30,33,39,44. -> 1
0]1.4. -> 1
3,6;11. -> 4
1,8,16,20,24,31,35,42,45-55,60. -> 1
6,9,22. -> 2
3,7,9,16,31,43,50,57,69. -> 1
2:8.36. -> 1
1,2;16,22;24,34,43. -> 1
9,20:25,29-30,33. -> 1
1,4,12,20. -> 1
7,15,23,32,39. -> 1
1,8,13,25,29,32. -> 1
6,9! -> 5
6,10;16,20:29,38:57. -> 1
2,3;4,5,9. -> 1
1,2,3,4,28. -> 1
1,17,21. -> 1
7,15;20,23,31;36,39,46. -> 1
2,3,16? -> 1
2,12,13,18,22,23,27. -> 1
6,19,26. -> 1
4:8,10,16,26,33,40. -> 1
2,6,11,16? -> 1
10,11,12,17. -> 1
4,6,17,20;22,29,33,36;37,38,51. -> 1
7,10-11;15,22. -> 1
6,18;35. -> 1
5,6,13,23. -> 1
7,12,16,27. -> 1
0]3,8,17. -> 1
4,8,13,22,30. -> 2
10,18,19,23,30,38. -> 1
2,4,14. -> 12
1,12,13;18. -> 1
9,12;17. -> 1
6,13,19. -> 4
8,25,40! -> 1
7,10,11,15,26,35. -> 1
5,17,18,26,28,30,32,33,40,45. -> 1
1,2;5,8. -> 1
4,6,8. -> 8
1,4,9,16. -> 2
3,10,17,26. -> 1
14,23,27,32,40,47,70:93,100;101,105,113,117,124,147;154,163,168,182,185,187,201. -> 1
2,3,5,22. -> 1
16;22,24,33. -> 1
2,4:8,24. -> 1
8;10,11,13. -> 1
8;14,16,18,22,27,30. -> 1
3,7,10,15;22;30,35. -> 1
4,9;14,16,17. -> 1
5,6,19,33,44,51,54,65,72,77,83,91. -> 1
14:18,22,25,28,41.43. -> 1
1,3,5,11,18,26,34,38,40-44,61. -> 1
3,4,13,20,26,32,41? -> 1
1,2,4,12;19,24,30;34,40,50,55,61. -> 1
8,13,16. -> 3
1,4;15,20,29. -> 1
4,17,29. -> 1
7,10,17:20,25,28. -> 1
7-15. -> 2
1,10,14! -> 2
9;15,23. -> 1
8;14;16. -> 1
1,15,25,29,30,31,35,38,42,47,53,63. -> 1
2,3,6,18? -> 1
15,21-22-24,30,33,39,47:65,69,81,83,89,92,96. -> 1
2,8,11,14,29,37,46,63,71. -> 1
11,24,30. -> 1
1,2,14,22,28. -> 1
4,7,11,20,29,33? -> 1
6,17,24,31. -> 1
5,9,14:16,18,22. -> 1
3,4,6;20,21,29:36,41,51,59. -> 1
1,4,11;15,24. -> 1
1,2,4,11,13. -> 1
2,4,8,15,28;43. -> 1
1,2,6;9,12,21. -> 1
1,2,16,21. -> 1
1,3,11,14,20. -> 1
4,8;17,25. -> 1
4,10;20. -> 1
2,3:4. -> 1
2,19,22,25? -> 1
4:7,10,31. -> 1
17;29. -> 1
4,5,7,12,17? -> 1
5,7,25;27,48. -> 1
6,7;10. -> 1
6,9,18,25,34,42,48,51! -> 1
4,8,19. -> 3
8:16,23,29;47,56-58. -> 1
16,20-21,34. -> 1
2,5,6,11. -> 1
5,8,11,21:28? -> 1
1,2,7,11,16? -> 1
1,2,7,13. -> 4
13,15,16,22,27. -> 1
4,6,22. -> 1
3,11,13,16! -> 1
20,33,54. -> 1
2,6,11,16,30. -> 1
7-11;14,18. -> 1
12,13,20,32. -> 1
2,4,10,26. -> 1
3,6;9,12,13,15,18,22,26,34;42,51. -> 1
1,6;8,9. -> 1
6;9:27. -> 1
1,2,11,13,18;30,42,44,48,53,57,63,69. -> 1
2,5,12,26. -> 1
1,2,3,5,8;16. -> 1
1,5,10-11-14! -> 1
4,7,11,14. -> 1
24:32,39,55. -> 1
3,6,12,20. -> 1
1,3,4,6,16,20,26-31-32,43,47. -> 1
7,8,12,20. -> 1
1,4,9! -> 12
10,19;30! -> 1
12,23;24,26-27,40. -> 1
4,5,16-21. -> 1
0]10,14,19. -> 1
9,18;24,28;34,45. -> 1
2;10:12,13! -> 1
5,7,12-13,17,18-19-21. -> 1
3,6,10,13,16,19. -> 1
2,10,21,31? -> 1
1,3,19. -> 2
4,21,24:33,34,43. -> 1
1,2,6;14,22. -> 1
3;16;30,38. -> 1
1-2-3! -> 2
2,9-10,12-13. -> 1
1,9,18,33,42. -> 1
1,6,8,13,23,30. -> 1
18,25? -> 1
13-14-16,21! -> 1
3,8,20,29,33,45,56,59,64,70,76. -> 1
14,21,24. -> 1
10-11,17,24,25,26. -> 1
1,5,7,16,21,23. -> 1
14,18,22. -> 2
1,13,17. -> 1
2,5,7,8,17,19,21! -> 1
6,13,19,26. -> 2
2,8,14;22,35. -> 1
1-6,9. -> 1
1,2,7;10,13,24. -> 1
2,4,6,8,9,11,21-23? -> 1
7,11,15,22. -> 1
11,20,26,33,36,42,50,56. -> 1
2,16,22. -> 1
1,3;6! -> 1
5,8,16,32,33,40,49. -> 1
6,10,18,21,23-25,28-33. -> 1
9,10,17,27,36,44,45,48,54. -> 1
5,8,10,15,23,27,32,39. -> 1
3,5,11,20,20[23.23] -> 1
5,14,20. -> 1
1,8,17,18,20;21,26,31,35,41-50,58,62,74,79,80,82. -> 1
3,15,20;23,26,30,38,42,45,50,59;66,71,72,80,84,92,104. -> 1
8;11,17,21. -> 1
4,17,23,26. -> 1
4,5,8,21. -> 1
1.3,5;7,9. -> 1
2,8,10;13-15,21,26;31,32,35,38,48;51,59,60,63,66,68,69,72,78,80,81,82,87;91,92,93,95,99,102. -> 1
7,13,19,28,34,43,49. -> 1
1,4,8,12,20. -> 1
4,8,9,13. -> 2
8;9,11,13,16,22-30. -> 1
3,9,11,13,15,18,21,23,29,32,38,46? -> 1
0]16,17,21,34;64. -> 1
1,10,15,31. -> 1
1,2,3,4. -> 13
7,10-11. -> 1
2,8,10,11,19,26,27,28,29,30,31,38-40,44,49,56;57,63,67. -> 1
2,3,9,12-14,18,23-24,26-30. -> 1
4,9,22! -> 1
0]1,2,8. -> 2
1.9,10,16. -> 1
8,16,23,28,32. -> 1
1;6. -> 3
7,9,17;28,36. -> 1
1,2,3,12. -> 2
10,12,15,24,32? -> 1
11,17,19,21. -> 1
4,5,7,13,19. -> 1
10,18,27,36,42,57,62-72.73. -> 1
6,16,25,32. -> 1
1,9;14. -> 2
0[7,14. -> 1
3,9,15,20. -> 2
5[6]6,8. -> 1
6,9,12,16,23,26-27,32,36,40,41. -> 1
3,6,10,22. -> 1
1.2,5,9,16,19. -> 1
1,4,5,12,16,20. -> 1
2,4,8-9,24. -> 1
24:30,34. -> 1
22,23,25. -> 1
3;15;19. -> 1
11,18! -> 1
15,26,27,28,35,51. -> 1
2,7,10,15,19,22,29. -> 1
2,4,12,22,30. -> 1
3,5,11-21. -> 1
1,9,12,17. -> 1
4;8;21,25. -> 1
3,4,19,26. -> 1
10-12;18,21,31. -> 1
4,5,9,19,34,49. -> 1
11,21? -> 1
1,9,19,26. -> 1
12-17. -> 1
10,23,26. -> 2
7,23,25? -> 1
7;10,20,31. -> 1
0]10,11,14. -> 1
3,5,17? -> 2
5,9,12:18. -> 1
6,10,17,18,20,23,40,44,46. -> 1
1,2,3,8,15. -> 1
5,17,24,30,32,33,34,41,48;61;72,80,90,91,92,101,109? -> 1
10:11,16,26:28,33,41,44:45,47,56. -> 1
10,20,24,28;36,44,49,53,59. -> 1
1:9;10,17,25,26,29:38,58. -> 1
1,5,17? -> 2
3;4,13,19. -> 1
3:11,18;23,29. -> 1
10;18-29-31. -> 1
4;7,11,23,27. -> 1
1,5,6,10. -> 2
1,4,9,19? -> 1
13:23. -> 1
1,4,6,12;18-19-22,25,30,38. -> 1
6,12.13. -> 2
4,16,17,18,27? -> 1
7;9,11,12. -> 1
12-29. -> 1
4,20,25,28. -> 1
6,15,21,32. -> 1
1,2,2. -> 2
0[1]2,4,4. -> 1
2,10,14;21,31. -> 1
11,22? -> 1
0[4,8. -> 4
3,11,26;31,34,42,51. -> 1
1,2,9,15-16,21,24,31. -> 1
1,3,5,16. -> 1
7;16,25,37,41. -> 1
0]0[2,5. -> 1
1,2;7,17. -> 1
7,11! -> 3
4,7,9,13. -> 1
8,14:18,21,29:34,35,40,45. -> 1
6,7,10-12. -> 1
2,3,7,17,21,28[29]29,32,40. -> 1
9,11-14,19,24,27-30,40,43,46,49,53? -> 1
7,9,14,23-29. -> 1
1,3,12,18,25;32,39,42,50,55. -> 1
7;10:18,22. -> 1
4,5,11,25. -> 1
3;18;25. -> 1
7,11:12,16,21? -> 1
4,12,17,19,20? -> 1
12,16,24,32,36. -> 1
4,10,14,16,21,25. -> 1
2,3,6;12. -> 1
4:10:15,19;26. -> 1
1,3,8! -> 9
4;9;13,17. -> 1
1,3,11,12,16,23,24. -> 1
12,20,26,35. -> 1
2,6,10,13,19. -> 1
4;14,23. -> 1
1,12,17. -> 3
1,5,8,12-14. -> 1
0-0-0-0-0-2:3. -> 11
1-2,4,12. -> 1
14,20,24,31,46,53;69. -> 1
1,2,4;7-8-10,13,19,20,23-29. -> 1
3,9,11? -> 1
7,9,11,21. -> 1
8,12,15,24,28,30,33,38,41,45,49,53,57,59,61,63,65,67,69,72,74,80,85,86-91. -> 1
7,8,17,21,41? -> 1
10;13,18,29;41,46,50,58,59? -> 1
1,8-13,21,30. -> 1
3,4,9,16,17,18! -> 1
1-1-2-2-3-3-5,7. -> 1
5,12,26;38,45,46,55,56,60,65,75,87,101,110. -> 1
8,16,24,31? -> 1
1,2:5,8,11,12. -> 1
1,2,3,6,15! -> 1
1,4,5,12. -> 2
6,11;21,27. -> 1
7,9,17,23. -> 1
14;17-23,30,36. -> 1
1,4,5,10? -> 1
1,2,9,13,17,22,27-28. -> 1
8-9,17. -> 1
0]2,3,8. -> 1
3-4,6,8-9,14. -> 1
10-10-15. -> 1
4-5,6,9. -> 1
1,3,5-6,10-11,15,17-19,27! -> 1
3,5-6,8-9-10,16. -> 1
5,18? -> 3
4,8:17. -> 1
1,10,21? -> 1
3,9.20,27,31. -> 1
13;17. -> 5
1,3-5,7-9,11,14-16. -> 1
8,15-17. -> 1
7,22,27,28,35. -> 1
1,11,22. -> 2
0[2,11. -> 1
0]1,4,10. -> 2
24? -> 2
4,10,12,21,24! -> 1
23,26. -> 1
2,4,6;8,9,10,11,12,14,18,22,35,42,53? -> 1
11,15,20,25! -> 1
10-19. -> 1
1,4,9,12,16. -> 1
2,5,13? -> 2
2,3-4,7? -> 1
2,3,6,14,20,40,46,49. -> 1
8,16,24,32? -> 1
4,6,8,17,23. -> 1
15,22-24:32! -> 1
2-17:21,28;35,40,47. -> 1
0,10? -> 1
5,6,12;17. -> 1
1,2,3,10;18,24;27,33,36. -> 1
1,12;16? -> 1
4,10,19? -> 1
0,9,14,17,29. -> 1
10,28,34,38. -> 1
0[5;9,15. -> 1
3,15,24. -> 1
5-6,7-8,9-10,11-12,13-14,15-16,17-18,19-21. -> 1
3,12:13! -> 1
3,4,5,7,10. -> 1
6;7,11. -> 1
11,19! -> 3
1,2,4,5;6,7,9;11,12,15. -> 1
13,22,35. -> 1
1,2,26[27]27. -> 1
1,4,5,11,14,17? -> 1
1,4,11? -> 4
8-9,11. -> 1
9,10,14,18;19,32. -> 1
1,2,5,12;27;41,50,59,65,68. -> 1
12-15,33,41,55,62? -> 1
3,6;16. -> 1
0[0]1. -> 6
5,10,16. -> 5
8,18,24? -> 1
7,15,22,31,33,36,40,43,46,57,66. -> 1
1,2. -> 421
6,12,16.17. -> 1
7;13,21,30. -> 1
1,4,9,19,23. -> 1
5,8;25. -> 1
2,4,7,10,11,14;21. -> 1
1,10,19,21,22,24. -> 1
6-9. -> 2
17,19. -> 2
34;40,50. -> 1
3,5;6,8,14,16. -> 1
1,9:12,18,27. -> 1
5,9-11,15,21,26,33,34,35,36,38,39,40. -> 1
3,4,15,18. -> 1
5-13. -> 2
14,22,26-32? -> 1
9,11,19! -> 1
1,3-4? -> 2
10;21[22]22,46. -> 1
9,13,17,26. -> 1
10,17;25,27,28,30,31,32,35,42,47? -> 1
1,3,4,10,15. -> 1
6;10;18? -> 1
2,8,9,18. -> 1
8,13,18. -> 5
10,18,26,28! -> 1
2,4,6,11,16. -> 1
2,4,13,14,18? -> 1
4,12,17,23. -> 1
2,3,10;11,15,19,23. -> 1
8;11;15. -> 1
4,6:10,17,21. -> 1
1,4,7,12,14! -> 1
13,31. -> 1
3[3. -> 1
6,8! -> 5
5,7,9? -> 3
6-9,11,15,24,29,32:39,47. -> 1
4,6,13,16! -> 1
1;5;12,16,21,23,27,28,32;39. -> 1
2,5,16,27,29,32. -> 1
6,12,16,30. -> 1
6,8,10;14,17,21,22,26,27. -> 1
4;8,9? -> 1
1,5,7,15,24. -> 1
17,29,42,45,48,54;61,65,70,71,75,78. -> 1
8-10. -> 5
0[6,11,16. -> 1
8,13,20,24,30. -> 1
1,4,10! -> 7
2,5,9,18,24;28,36,46,50,55? -> 1
3,4,6,19,29,42,43,49,53;62. -> 1
5,8;16,20,22. -> 1
10,14,20,26,30,36,43,49,54,58,64,67,71,75,79,80-84,86:87;88;96. -> 1
0]1,5? -> 2
2;3,5,7,10. -> 1
1,5,6,13. -> 1
3:16? -> 2
7,33,44,50,63,78. -> 1
3;5,7,12. -> 1
7;13,18. -> 2
3,6,9,12? -> 1
6,19,28,34. -> 1
5,10,12. -> 1
2,8;8[9. -> 1
6-8! -> 1
9-10-25. -> 1
10-11-13,23. -> 1
0]1,3-5! -> 1
1,3,8,14;21,25:35. -> 1
1,4,16-21. -> 1
9,11,14;18,20,24:26,29,34,48. -> 1
2,10. -> 76
6,7-8;14-15,18. -> 1
5,8,11,27,47,49,50,53,63,70,76;89,98;101,105,107,113,118. -> 1
1,6,7! -> 4
3,8,23. -> 1
11,16,21:32,44;56,64,74. -> 1
8,11,26;31. -> 1
2,4-5. -> 3
4,14,18,39,47,52,56. -> 1
1,7.8. -> 2
9:16. -> 2
4,6,7. -> 9
3,22. -> 3
1-2! -> 8
4;12,20? -> 1
1,2,8,13,22,32. -> 1
8,17;18,25,34,40,50:66. -> 1
1,9;22,23? -> 1
1,3,5? -> 10
6,12,18,19,22,38. -> 1
4,5,19,23. -> 1
3-9;11,18. -> 1
3,4,7,15;19:23,27,31,38,47. -> 1
5:9. -> 10
1,10,13. -> 2
0]1,3,11,24,26. -> 1
29,30,32,48. -> 1
1,5,8,13. -> 1
1,8,9,12,15. -> 2
4,13,18. -> 8
6,9,25. -> 1
3,7,9,17. -> 1
4,18,29. -> 1
1,4-17,26! -> 1
0]6,7,14. -> 1
1,2,3,4,5,6,9. -> 1
6,14:18-19-23,32,52. -> 1
7,14,23,31! -> 1
2,4,12,18,23? -> 1
3,6,8,10,13. -> 1
1,3:6. -> 1
1,2,8;12,17;27,37;41,50,55;63. -> 1
8,15,32. -> 1
2,15-17,25,27-33,41,55. -> 1
1,5,9. -> 25
1,14! -> 9
8,17,21. -> 2
8,12-22,33-45. -> 1
9,14,19. -> 1
1,12,23:34,56. -> 1
9,17,32(36,39,41)45,49,53,55,56? -> 1
1,8;17. -> 1
8,17,22,25. -> 1
17,31,38,41,45,47,49,53? -> 1
6;10;14,19. -> 1
7;10,11,16,19. -> 1
9.12,17,25. -> 1
1,4:10? -> 1
1,7,13! -> 4
7,20,26,37,44. -> 1
1,2,7,25:31,33,37. -> 1
1,3,7,14;27. -> 1
3,5,6,9,14. -> 2
3,5;10,13-17,19,20,22. -> 1
4;19-20,24;35,38;45-53,67. -> 1
1,10,21,27-38,45. -> 1
1,6,19. -> 4
4,5,9,15. -> 2
1,9,13,16? -> 1
7,18;26. -> 2
13,22,25. -> 1
4,10,12,17,19,24,30,40-45. -> 1
8,13,14,15,17,20,26;34. -> 1
1,8;31. -> 1
14,20,23,38,49,55,62. -> 1
2,4,5! -> 2
8,14,15,27. -> 1
3,13,16,22,30,39,40,51. -> 1
1,4,14:15,16,23,36. -> 1
1,2,9-13. -> 1
3,5,8,15,20? -> 1
1,3:17;29. -> 1
2,5,16,31. -> 1
1,7:15,19,23. -> 1
4,9,11,17. -> 1
14,18-21. -> 1
8,15,24,33;34,41,43,49,67. -> 1
13,25;31,35,42,50. -> 1
10;16,22. -> 3
6,9,13. -> 6
7,16;17,21,24-26,32. -> 1
5,18,29. -> 1
6,16,20. -> 2
7,22,23,30,32,39,55. -> 1
10:17,19-20,26,31-32-33. -> 1
4,6-7,12,20,27,37. -> 1
1,6,7;11,12. -> 1
1,7,14;23;24,25,33,39. -> 1
2,13,15,17-19. -> 1
6,7:15:30,36. -> 1
1,9,16,24;33,46. -> 1
6,14,21. -> 1
7,14-15,22-23.26,33,39. -> 1
1,2,3,14. -> 2
6,12,21. -> 2
9,13-14. -> 1
1,10. -> 89
6,12,13,16. -> 2
3;12,18,19,21,29,33. -> 1
17,29:35,43,48,49,53,58,59,60,61,72. -> 1
1,21,32? -> 1
1,3,10,15,20. -> 1
0]1,4,6,13,23. -> 1
4:14,21,32;44,59. -> 1
3,5,9,18,25. -> 1
2,3,8,11,24,38,40,43,50. -> 1
4-5,10,15,21,34. -> 1
4;18-19. -> 1
6,9,15,20,30. -> 1
2,15,25,28. -> 1
5,15,16. -> 1
6-8,11,16,31;40. -> 1
3,7;13,21. -> 1
5,9,13-17. -> 1
2,8,18,31,38,51,60,66,74,78,82,93. -> 1
2,6,9,18,25,33,43,50,51,55,56,65,70,76,84,87,94,97. -> 1
9,18;23. -> 1
5-13-14. -> 1
4;7,8,10. -> 1
1,2,13,32,69. -> 1
1,10;17,19,20. -> 1
18,26,38:41,42,49,53,57,70,72,75-77,81,88,89,91. -> 1
1,8,14,15,19;22,28,38,44. -> 1
1,2,3,4,5,6,7,8,9,10,13. -> 1
2,14,23;28,31. -> 1
0[1.3,4,5,6! -> 1
4,7,10,14. -> 1
1.2,5. -> 3
11,15,20,26;30,42. -> 1
5,11-12,19. -> 1
8,15,23. -> 4
6,11,20,27,32,41;49,61. -> 1
8;15.16. -> 1
4,5,12. -> 6
6,10,13,15,25,26,29,37. -> 1
7-18,27,39. -> 1
3,4,11[12]12. -> 1
1,2,6-8;14. -> 1
3,11,23? -> 1
10;16. -> 8
2,4,13.19? -> 1
7,11,14,21,24,29,43,48,54,64. -> 1
4,8,16,24,28,32? -> 1
1;5;7. -> 1
3,9,12. -> 3
6-9:18,27. -> 1
7,14,26. -> 1
15;18,21,26,28,32,39. -> 1
6,8,10? -> 2
0[3,6. -> 8
7,13,17,20,25,31. -> 1
1,4,7;16. -> 1
4,10,19,26. -> 1
6:7! -> 1
2,4,8,9? -> 1
1,10,14,22. -> 1
0[3;4,6,9,13. -> 1
5,15,23-24;29:33,36,44,51,59,63. -> 1
5,13,27,36,40,43? -> 1
0]6;10. -> 2
1,7,13:27. -> 1
5;11,20. -> 1
4;12,18,23,27,33. -> 1
2,3,4,5,6,12. -> 1
4:10,18,32. -> 1
14,26. -> 3
5,18,33,40,47,59,64,67,74,80,86,92,93,96,99,105,112,116. -> 1
8,16,23;32,54. -> 1
5;11,15. -> 4
4,13;20. -> 1
14,26,27,36,41. -> 1
4;12-19. -> 1
4,8,12,19,28,33,41,44. -> 1
2,3,14,21. -> 1
7,9,14:22. -> 1
9,19,20,25,28,32,38,41. -> 1
3,12,13,19,22,26. -> 1
4,6,11,16,19,24. -> 1
2,3,6;13,21. -> 1
5.17? -> 1
3,5,7;13,20. -> 1
1,6,25,31,44,46. -> 1
6,11,15. -> 5
1,9,17. -> 11
3,4,4[12. -> 1
3;12,21,31,32,36,43,52. -> 1
1,3,6,10. -> 2
4,12,17? -> 1
5,7,13;26. -> 1
4;18,32. -> 1
0[5.5]7. -> 1
1,7-8,18. -> 1
9;12. -> 1
9,17:27,30:34;38,42. -> 1
3,22-24. -> 1
6,15,20,24,29,32:37,41,46,55;56,57,64. -> 1
1,3:9. -> 4
8;14,15;17,20,26. -> 1
7,11,14,15,23,29. -> 1
3,10,14,18,20! -> 1
6,8,17;26. -> 1
21,30. -> 2
0]0[2]11;20. -> 1
4,6,14? -> 1
2,4,7,12,18. -> 1
1,7:10? -> 1
4:23,32. -> 1
3,9,17;18,25,29,34;41;52;61;69,71;84. -> 1
8;16,23,28. -> 1
1-4. -> 4
3:10:11,13,15,19. -> 1
8,10-14. -> 1
1,4;17. -> 3
0]5! -> 5
3,8,13,17. -> 1
8,17:24,31? -> 1
6,16.16[20. -> 1
1,2,3,4,6,8,9,10,12,14,18. -> 1
6-8,11,12,13,15,22,23,31,39,56. -> 1
1,22. -> 1
14,19;24,35. -> 1
20-22. -> 1
3,10,22;32,38,41,48,54. -> 1
5,6,10,16;21,33! -> 1
4,15,17,22-26,30. -> 1
8,11,19. -> 1
3,4,5,12. -> 1
1.13. -> 2
2,3,5;9,13;14,15,17,18. -> 1
2,3,8,14? -> 1
2,5,9;13;18;33-34? -> 1
9,16,23;33. -> 1
6,15,27! -> 1
8,13;15. -> 1
7,12,21,32? -> 1
2,6,7,17. -> 1
17-18? -> 1
2-3? -> 4
8;18,27. -> 2
3,4,9,13. -> 1
8,9,15,25,33. -> 1
3,4,8,12. -> 3
10,15,21,27,37,43,49,55,64,68,72,76,79,82,86,91,96,97,100,106. -> 1
3,4,10,15,22. -> 1
16,25,34,37,41,48. -> 1
10,13,20. -> 2
5;13-14-16. -> 1
4,8. -> 203
1,5;11;16,22. -> 1
1,3,14,23. -> 1
1,3,12,16,22. -> 1
10,14,18. -> 4
8,16,18,26. -> 1
6,7,8,13,20:24;27;30;32;34. -> 1
0]7;16? -> 1
5,6;7,10,13. -> 1
1,3,6-8. -> 1
8,15:24,28,34,41;50,56. -> 1
11,21:44. -> 1
1,8;10,13,18,25. -> 1
2;9,13. -> 2
12;20,21? -> 1
16;24,31. -> 1
11:15,19,21. -> 1
1,2,4;6-9. -> 1
8,11,24;34. -> 1
7;23. -> 2
7,13,22? -> 3
12,15,17,19,22,24. -> 1
1,4,12:16,23. -> 1
2,4,12! -> 1
0-0-0-0-0-1,4. -> 2
2,4;9. -> 6
3,5,6,7,10;14,16,17,22. -> 1
2,3,8,12,26,31,42,47:54? -> 1
4,7,17. -> 9
14-15,20,23? -> 1
5,7,10. -> 7
6,8,11? -> 2
1,4,6,8. -> 4
2,5,8,13. -> 3
5:10,14:20. -> 1
8,12,17,19,20,22,24,26,28,30,32,34,40. -> 1
3,4;14! -> 1
6;10,16. -> 3
5,6,9,22-27. -> 1
3,8,12,15,23. -> 2
1,7,16,16[18. -> 1
4,5,15;27. -> 1
10,14,26. -> 1
5,14,22! -> 1
8,10,16,25,29. -> 1
4;10,17. -> 1
12,16,28. -> 2
4,10:17. -> 1
10,16,24,34,46. -> 1
1,3,5,10,15;19,24,30,36,41. -> 1
9:18,30,40. -> 1
2,4,6,9! -> 2
1,3,17. -> 3
2,3,6;11. -> 2
1,8;12,13. -> 1
7:10:23,27? -> 1
4,9,13? -> 2
4,10;14,25,27,29;42. -> 1
10,19,23,27,35. -> 1
2,8,15? -> 1
4,9,17,25;35.42;44,46,51. -> 1
10,11,13,18. -> 1
5,13,21-27.42,48. -> 1
4,6,9,21. -> 1
11,19,23. -> 3
9? -> 407
9,13,17,19,25,32. -> 1
1,9,15. -> 12
2,4,8,17,35. -> 1
8,11,32,36. -> 1
10,11,17? -> 1
5,9;15,19:25,29,33. -> 1
16,18,21,25. -> 1
1,3;13. -> 3
2,4;8? -> 2
12,16,20;30. -> 1
4,22,25. -> 1
6;9,14,20. -> 1
3,4,5,14? -> 1
3,8,18. -> 1
20,22,36. -> 1
1]9. -> 1
1-6-7. -> 1
8,13,16;18,20,26. -> 1
0]3,13. -> 1
8:12,13,16. -> 1
1,3,5;9. -> 3
24,28. -> 1
8,12,17,26,31,38. -> 1
8,14,16,22,33. -> 1
5,6,7,9! -> 1
9;12,17,21,30,31,40,46. -> 1
2,4,9;23. -> 1
10,17,21,22,25,31. -> 1
4,8:14,19. -> 1
4;8,11,13,14,20,23,26,30,36,43. -> 1
6,17;23. -> 1
3,4,5,10? -> 1
3,6,11. -> 8
1,2,5,9-10,15. -> 1
1,4,13,20. -> 1
0]3,7:8. -> 1
1-3,9. -> 1
8,17,22. -> 2
5,13,19,26,38,53. -> 1
5,11,14,26. -> 1
1,8,13-14,24. -> 1
4,5,11-12? -> 1
2,12,17;23,33. -> 1
4,5,10,17. -> 1
4,21,28? -> 1
3,4,5,6,10,15. -> 1
1,9;19:27;34.34[35. -> 1
2,4,8,27:33,37,41;51,53,57,65,70. -> 1
1,8,16,20,24,40,42,46,57. -> 1
2,3,6,11,14. -> 1
4;9,15,19. -> 1
0]1,8;16. -> 1
3,5,7,8,9,10,16. -> 1
3;7,10. -> 1
4,11;16,21,29,32,34,35,37,45,50,54. -> 1
2,3;5,7;9,11. -> 1
5;7,13,15-18. -> 1
2,5,17? -> 1
9,15,19,26. -> 1
6,7,12,15,19;30. -> 1
7,10,15,18,23,28! -> 1
0]6,11,18,22. -> 1
1,2,8;14,23. -> 2
9-10,22! -> 1
8;21. -> 4
6,14-16. -> 1
4,16;20,30,31,34,36,40,49,52,55. -> 1
9,13,27. -> 1
9,12,21. -> 2
4,5,10;22,28. -> 1
6,13,14,20. -> 1
3,7,25. -> 1
0]2,3,5. -> 1
6,12;17;21;32,40. -> 1
3,10;21,22,26,30,34,39,47. -> 1
0]2,10,19,31,39,47,51,57,62. -> 1
2,3,4,8,10,11,13,14,16. -> 1
7;13;15,17. -> 1
1,2,10,14,19. -> 1
3,4,9,21,34,42;46,52. -> 1
6,18,30,35,37,39,49,55. -> 1
3;7,12,15,21. -> 1
9,17,21;30;39. -> 1
2,16? -> 3
1,3,7,11,21,28. -> 1
1,4,8,14,24. -> 1
5,10,13? -> 1
4,13,24-25? -> 1
3,4,10,21. -> 2
2,10,23. -> 1
7,10,15,16,20. -> 1
11,13,17. -> 1
10:18,24,27;31,38,42. -> 1
16,35,38,42,54,59. -> 1
11:14,17,23;25,29:36,41,42,43,48. -> 1
2,9:15,26. -> 1
4-5,14,17,23,27,37. -> 1
7;13,16. -> 1
1,2:15. -> 1
1,2,15,17,19,22? -> 1
9,15,24,27. -> 1
14,22,27,36. -> 1
10,20,29,39. -> 1
4:22;40. -> 1
17,24,27-31,37? -> 1
8;11,13,15. -> 1
5,16,20,26. -> 1
1,7,9,12,20. -> 1
5,9,12,20,31. -> 1
5:9,19,23,33. -> 1
1,17,31. -> 1
4;13,18,25. -> 1
5,8,13! -> 2
3,8,11,16,37. -> 1
4,8,13;22,26. -> 1
9,12,15,17. -> 1
5,10,16,20. -> 2
1,5,17,21. -> 1
11-13,17? -> 1
10;14. -> 4
10-11,14,19. -> 1
6,12,15,19. -> 1
4,13;32. -> 1
1,6,14,22? -> 1
7,11,13,17. -> 1
10:15. -> 1
9,10,16,26? -> 1
5;18. -> 2
3,11,17. -> 2
6;14;16,18. -> 1
2,11,19,25. -> 1
12-13? -> 1
1,2,4;10,20,26,38.39. -> 1
5,6,20. -> 1
5;11-17,20,25:34? -> 1
3;8,15. -> 2
1,11,15. -> 4
9,12,17,21,25,36-38:44,53,61. -> 1
2,4,5,17;20,25,33.36,38,42. -> 1
2-7? -> 2
6,8,14,18. -> 1
2,4,8,13? -> 2
5,9;20,25,28,30;46. -> 1
13;20;26,33. -> 1
11,14,26,31. -> 1
1,4,10,14,21;30,38. -> 1
0]2,3,5,6! -> 1
1,5,10,20,28. -> 1
0]6,12,18,23. -> 1
0]1,4! -> 6
9,11,14,19,27-29,39;52,58. -> 1
4,8,15;25. -> 1
0]5,9,12,14,15;19;28. -> 1
4,6,10,14,24. -> 1
0]1,2! -> 14
4,10,11,16. -> 1
5,10. -> 149
8,12,17;25,34;52,78. -> 1
5.9,19! -> 1
6,17,31. -> 1
3,14;19,22,30. -> 1
4,12;21,22,25,31. -> 1
5;9,17,31,35. -> 1
9,12,18;34. -> 1
4-8. -> 4
1,5,12;24. -> 1
4.6,14? -> 1
1,4:8,16. -> 1
5,6,10,12? -> 1
13,28? -> 1
10,11,13,20,23,27. -> 1
3,5,15,21. -> 1
5;12;21;35;40,42,46,52. -> 1
8:26;45. -> 1
7,11,15;18;21,32. -> 1
10,18,26,32. -> 1
4,15,24? -> 2
2,4,11,15,19;21,23;24,30,36;39,43,45. -> 1
8,10,18,25? -> 2
1,2,8,11;13,16,18. -> 1
1,4,7;8,11,13. -> 1
2,4,6,9,11,15;18,22,28,30,41. -> 1
6,10;11,14,17-18,20,22,30. -> 1
6,9:13;19:23? -> 1
1,2,6,9;14. -> 1
1,4,6,10,13! -> 1
7,10,14. -> 4
9;16,17,18-23,31,41;45,46,50,53. -> 1
2,5-6-8,11,12? -> 1
6,8,9,19! -> 1
9;12,19. -> 1
1,5,6,9:17:26,28,30,41. -> 1
8,16,20,25. -> 1
2,3,9,12,15,17. -> 1
11;12,22. -> 1
4,9;14,18. -> 1
5,10,17,21. -> 1
14;17,20,29,37. -> 1
1,4,6,8,11:19,22,25. -> 1
1,4,10,19,23. -> 1
16,32,36,47. -> 1
1,2,3,4,5,6,7,8,10,20,29,32,33,36,38,41,44,54,62,65,70,72,76,79,83,88. -> 1
6:11;15. -> 1
9,15. -> 65
5;11;19. -> 1
0]2! -> 15
2:4,8. -> 1
10,20,29,36-38,52. -> 1
4;9:13,20. -> 1
13,18:30,39,41,49,52:68,71;84. -> 1
6,7;12. -> 3
0]6;18! -> 1
3,4,9,18. -> 2
4;13;26. -> 1
45-57. -> 3
3,7,15,23.29,42,43,45,49,55-57,60,67. -> 1
11,20;30. -> 1
1,15,20. -> 1
2,9-10,21. -> 1
2;7,9? -> 1
6,9,12,26. -> 1
5,9,11,15. -> 2
2,5;8,10;20. -> 1
1,3,7,13,19;36. -> 1
7:8,9,16,21. -> 1
6,11,15,24;34,36,42,45,54;60,64,77. -> 1
5,9;18. -> 4
1,6.7,8,13? -> 1
12,23? -> 3
4,11,15. -> 5
0]2,4,6,8,10,13,16,17,19,21,29:37,44! -> 1
10,11,18;26,31,39,47,61. -> 1
6,7;20-21,26,39;40,43. -> 1
2,8,17,25,34,46. -> 1
2,3,21. -> 2
4-5,11. -> 1
3,5,7,8,9,10,18,27,33,34,36! -> 1
5,8,10;17. -> 1
5;17,25,42,52. -> 1
6,9;21. -> 1
3,8,14,17! -> 1
0]2,5,6,7,8,15. -> 1
6;20. -> 3
1,2;29. -> 1
1,3,10,22,24,26;41. -> 1
4.10. -> 1
6,11,17;18,27,33-34. -> 1
4,10,26;29,32;45. -> 1
3,4,9,12. -> 1
8,25,32,45. -> 1
0]4! -> 9
4,10,20,29,37,44;47,48,53,62,78,89. -> 1
0]4,14. -> 1
3,5,10,19,27. -> 1
4,5,20:34,38. -> 1
1,2,3,5! -> 4
2,6-8,11-12-13,17,21. -> 1
0[9.9]13,15? -> 1
7,24;35. -> 1
3,8;19. -> 1
2,3,8,14;15,17,23. -> 1
3,4,16! -> 1
2,8,15,21. -> 1
2,4,9,10. -> 1
8,13,17,21,29,37;41,47-48,59,64,75. -> 1
6,12;13. -> 1
15,22,30,38,42,46? -> 1
2,4,14,21. -> 1
8,9,12,17,26,37. -> 1
6,10,13,16:19,23,27:34,38,42,54,67. -> 1
9,15;23,32. -> 1
3,8,9:11,15,20. -> 1
3,15,21. -> 1
9-10,12. -> 1
10.18? -> 1
1:2;4. -> 1
2,5,10! -> 2
1,6,11:17. -> 1
2,3,6,19,26. -> 1
5,9,17. -> 11
1.4,6,9,13,17,20. -> 1
9,18,24,35;38,47,52. -> 1
3,12,19? -> 1
3,4:11. -> 1
1,2,4;9. -> 2
5-9,18;26,29-35. -> 1
5-6-7.12,19. -> 1
4,9,12,20,27,31? -> 1
3-6-9. -> 1
4,6,8,10,13,15,20. -> 1
10,16.19,28,34. -> 1
5,18,37? -> 1
1,4,10,18;19,22,27,33,40. -> 1
6,10.14. -> 1
9;14,17. -> 1
5;6,7,10. -> 2
5,23-29. -> 1
8,13,22. -> 2
6-7,8,15,18,20,24. -> 1
2,3,4,7,8,10,15,21. -> 1
3,13.14. -> 2
1,8;11,12,16,18,26,33. -> 1
2-5,8,13,16:18:20-24,34. -> 1
0]7,11,23. -> 1
8,15;24;30,39;52;60,68. -> 1
4,27,43. -> 1
4;5,10,15,17-21. -> 1
5;12,23. -> 1
7,12,19. -> 1
3,4,10,12,13,19,21? -> 1
0]1,8. -> 5
0]3? -> 6
4,8,10,17. -> 1
16,26;32;37,43. -> 1
5,11,17,23-25,37,43,50. -> 1
9,17,23. -> 1
9,13:20. -> 1
4,9,11,12-13. -> 1
8,9,16. -> 1
1,2;3,4. -> 3
1,7,12? -> 1
1,15,19,25. -> 1
11;12,20,25. -> 1
7:10,13;20,30:42,46. -> 1
2,9,17,25.26. -> 1
3,5,9;13,18. -> 1
11,14,15,17. -> 1
1,6;19. -> 1
3,5,17,20? -> 1
3;9,10,12,18.19. -> 1
0]4,10. -> 4
3,4,10,18. -> 1
1,10,13,15,17;35. -> 1
14;23. -> 3
12;17;24-26;35,40.42,43,50,62. -> 1
8,16;17,18,25,32. -> 1
11;14. -> 3
1,7,13,17;19,21,24. -> 1
15,19. -> 4
8;32,36,41,47-49. -> 1
2,4,9,17,21;23,31! -> 1
2,5,9,19. -> 1
2;6;11,18,23,27,31. -> 1
8,9,12,16! -> 1
1,2-3-4. -> 1
1,3,4;10;18. -> 1
1,13,18,23,27. -> 1
4-10,26;34,50. -> 1
5;13,22,33. -> 1
6,14,17,20. -> 1
3,5,16. -> 2
5,15,20,25,30,33,40,41,50-51,57,60,69,73? -> 1
1,2,4,6;11;17. -> 1
9;12,15,21,23,25,30. -> 1
5;6,8,9,11,17. -> 1
2,5,11,12. -> 1
6;12? -> 1
3-4,10;14,19,26. -> 1
1;5,9! -> 1
0]3,8,17,20;25:29. -> 1
9,19,29. -> 1
4,6:10;15. -> 1
2,4,6-7,9,12. -> 1
1,3,10,16;19;27;31,37,39,40,49;52,57,63. -> 1
9,18,27-32. -> 1
4,11.20,20(27)30. -> 1
4;9,19? -> 1
6,12;13,15,17. -> 1
4,10,13,17,19,29,32. -> 1
12,13,15,28. -> 1
7-9. -> 6
5:13,17;21? -> 1
6;16.17. -> 1
3,4,7;10,15. -> 1
22,30,42. -> 1
3,4,11,15? -> 1
5,14,24,36,49,57,66,68,72. -> 1
20,22-28,37. -> 1
4,7,15,24. -> 1
1,4,11,21,30,35. -> 1
4,10,22,26. -> 1
2,4,9,11,16,29. -> 1
3,4,5[6]16? -> 1
4,12,26,31? -> 1
8;12,24. -> 1
13;20,30,37. -> 1
7,15,19;31. -> 1
7,12,19,31. -> 1
5,7,13,22,44. -> 1
10;20;30,43. -> 1
6,20,27. -> 1
16,21;24,26,42;52,56,60. -> 1
3:9,23. -> 1
8,14;19:33;41,46,49. -> 1
11;20. -> 2
4,5,8,10;17,21;25;34;35,42;46;47,48,50,51,65. -> 1
5,9,15? -> 1
9,11,18,26,27? -> 1
2,9,16,21? -> 1
2,3,11;13,15,17,21,23,26;35,41,52. -> 1
0-0-0-0-0-2:10,17,24. -> 1
9,11,15,17,21,23,24;36:47,55,56,63. -> 1
5,7,11,17. -> 2
3,5,10,20;22,24,31,38. -> 1
5;23,28,30,32,39,41,43,45,58. -> 1
5,12,14. -> 2
1,2,12;31,33,36. -> 1
3,5,13,19. -> 1
12,14. -> 4
2,4,8,9,11,16.17. -> 1
7,12,16,27,39,48,51,59,78;85,89,92,103[104]104. -> 1
1,3,16,24. -> 2
4,14,28,29,31,40,48,56,65,74,82. -> 1
5,8-14. -> 1
13-19,26-27,34. -> 1
0]1,2,3,5! -> 1
5,9,13,16. -> 1
1,15,19,21,24,30;45,50. -> 1
1,3;5,7,11,16. -> 1
6,9;24.31,35,44;48,57,62. -> 1
0]5,7,7(12)30,31,33,34? -> 1
9;18;25,32,39,47,55,64;65,71,82. -> 1
16,24-30,36. -> 1
0]7,15. -> 2
4,10,25,37,62;72,77,82. -> 1
4,8,9,11! -> 1
2,3:5,6,12,23. -> 1
1,18;24,27,35,48. -> 1
17! -> 5
8,9,18,28,42,43,47! -> 1
11-13. -> 2
1.5;22,28. -> 1
4,9,11,19,22,23,25,33,39:40,41,48,52,58,64,67. -> 1
8,16;23,26,30;34;36,42,52. -> 1
4;13,25. -> 1
1.8. -> 2
4,9;13,15,17,24,31;34-40,48;54;57,65;69,71,73;77,82. -> 1
7,15? -> 7
1.7,17,27,43. -> 1
5,10,11;27? -> 1
11,22,32,54,61,76. -> 1
1.6,10. -> 1
18;19,21,40,51,55,61. -> 1
1.6,18. -> 1
1,2-3;8-10! -> 1
1.3. -> 2
2,4,6;17,41,53. -> 1
4,6,7,15,20? -> 1
0]2,12. -> 3
4,5,12,18. -> 1
5,9,18,27. -> 1
7,10,26. -> 1
4,7:9,15. -> 1
8,10,27,41,46? -> 1
6,13,20,27,31,35,41:42-43,44-45! -> 1
6,8;11,15. -> 1
4,6;10,12:28. -> 1
2,4,7,24,33,34,37,38,41,48. -> 1
11;15,21,27? -> 1
8,11,19,19(30,30)41,53,63. -> 1
6;13,16,20;23,30,43! -> 1
5,6,7,13. -> 1
12,14,16. -> 1
3,7,11,13,15,19,24,27,34,35,41. -> 1
10,20,26,40. -> 1
9,14,23,33? -> 1
2,7,18;30,40;52. -> 1
16,20,25,31,38,47;51,61;64,65,67,72,80,83,89,95,106. -> 1
1,4;10,24. -> 1
5;14:18! -> 1
4;8,13,18,31. -> 1
1,5,9,22! -> 1
9,11,16;25,27-38. -> 1
3,12;25. -> 1
4,10:14,17,24,28. -> 1
4,12,22! -> 1
3,7,15:17,18,23,26,30,34-35,41. -> 1
7-9,15! -> 1
1:7. -> 2
4,6,10,17;32,41,47. -> 1
2;16:25;36,44,49,54,67,72. -> 1
3:8;17. -> 1
5,6;11,13,18,26;31. -> 1
4;10? -> 4
19;25,34-36. -> 1
6,14,20,26,34. -> 1
3:9;13,18,27. -> 1
4,5,12,23;28,36. -> 1
6;9,18. -> 1
24,32,49,58,63,75. -> 1
3,15,16,17,23,24,31,34,38,39,41,49. -> 1
4,8,17;28-30,33. -> 1
1,2,8,14? -> 1
4,11,20;35,41. -> 1
2,3,5,8;17,25. -> 1
2,3,11,30,36? -> 1
3:10;16,19,22,24,26,30,31,33. -> 1
5,18;22,26,32;40:43,48,51;64;85. -> 1
11;16,27. -> 1
1,2:8,13. -> 3
2,6:7. -> 1
8,17,23. -> 2
16,17. -> 1
6,7-8. -> 3
9;16:20,23. -> 1
7:8,13. -> 1
9;22,29. -> 1
8,16,19-24. -> 1
2,4,11,12,14,16,18-28. -> 1
3,20,22. -> 1
4:6-8,10,11,13,14,15,16,17,18,19,20,21,22,28;37,41. -> 1
5,6,9,12,17. -> 1
9,10,16! -> 1
9,17;31,51. -> 1
2,3,5,8;16. -> 1
3,11,14,17,23;29,41,52? -> 1
2,3,8;16,20,31:35,46. -> 1
1,3;7.13,15,21,28,29,36,43,47,48,51,56. -> 1
0]5,9. -> 4
2-3,4. -> 1
2;4:6,9. -> 1
9,12,15,17-20. -> 1
0]2? -> 5
2,4,13;25. -> 2
1,8:26. -> 1
13,24,28,44. -> 1
3,10:12,14. -> 1
9:14:20,24,25,28-29,37,43;47,49,59:64,66,68,69,77,89,98. -> 1
9;13,17. -> 2
10,15,17. -> 1
9,13;18,28. -> 1
13,24,36;52,57. -> 1
1:3,5,7,9,11. -> 1
0]8;9,13. -> 1
3;15. -> 8
4,16? -> 5
9;18;20,22,24;30;39;47,49-50. -> 1
4,6,18. -> 2
5,6,16,24. -> 1
15,17,19,25,28. -> 1
1-3.4,5,6! -> 1
8,21,32. -> 2
15? -> 60
10:36. -> 1
1,2,4,7,10,16,19,27,31,40;44,52,63,71.73,76,83,89,96-102. -> 1
6,8,12,14,17,26;31,36. -> 1
14,22,28. -> 1
3,12,13,16,20,29,34;39,50,54;60,66,68,71,81,84;87,95;104,108;121,125. -> 1
2,4,8,13;19,24,29,32? -> 1
3;5,9. -> 1
5;11. -> 26
9,13,17,26,34. -> 1
2,4,7,10,26,41;46,57. -> 1
3,8,10,12,15,23,29. -> 1
1,2,12;18. -> 1
4,14,28,31,37. -> 1
3,10,18,31,36,46,56,62. -> 1
15,30. -> 3
1,4,12,31,41,42,51,57;60,64,69,74. -> 1
1,2,4,9? -> 4
6,12,16. -> 1
6;18;22. -> 1
15-17,24;28,36,49;55,59,68,74.75. -> 1
2;6;8. -> 1
5,7,9,13;20,28,33;38,43. -> 1
1,2,7;15,17-18,22. -> 1
8-9-10;16. -> 1
12;19. -> 2
10,21? -> 4
3,7,23. -> 1
1,2,6,12? -> 1
1,5;7,10,15,17,18,20,26;32. -> 1
16,20,23,27,29-30-32-33,42. -> 1
6,10,11. -> 1
5,11:14,19. -> 1
7,25. -> 4
4,5,12,18! -> 1
5,15,30,36? -> 1
1,10,15,27. -> 1
9;15,20,29. -> 1
1,3-5! -> 3
11;14.16. -> 1
7:10,16,22. -> 1
2,6,9,11,14;16,18,19,23;24,25,33,41,50. -> 1
6.21.25. -> 1
3,9,20. -> 1
1,3;15;22. -> 1
1,4,9,14,16,19,27. -> 1
10,12;20:28,36,54;69,92. -> 1
5,6,8,10,13,17,22? -> 1
7;11-13. -> 1
2,10,16,20;27,29,34. -> 1
5-7,16,24,32? -> 1
17,18,26,30,35. -> 1
9,15,23. -> 2
9;14;20. -> 1
2,12,17. -> 1
5;22. -> 2
17,25,33. -> 1
2.3. -> 8
1,3,17? -> 1
1,4,16;21,27. -> 1
4,8,13. -> 11
0]6,10;16. -> 1
1,3,11;18. -> 1
1,4,8,17. -> 2
1,5,7,9. -> 2
1,2;3,4;5,6! -> 1
3,11;13-20,22,34. -> 1
9,11,14,17. -> 1
4,7,9,16,19,22? -> 1
3,8;9-10,12;20,23,26. -> 1
4,6,10,18. -> 1
2,3,5,11,20,28,34,42,46? -> 1
13,24;27,31,43. -> 1
1,4,6,8,11! -> 1
16;23-29,30,37,42,50! -> 1
1,9:12. -> 1
7,10,13. -> 4
1,8,21,27. -> 1
5,10,11,16,23,26,28,32,34,39,41,46,47,55. -> 1
6,8,19;22,23;24,27,46,58;62-63,64,67(69,73!73) -> 1
1,3,15,18;21,29;33,42. -> 1
3,10;17,24,28. -> 1
2,16,19;20(26,33)38;44,51,60,68. -> 1
6;14,17,24:33. -> 1
10,12;16,21. -> 1
10,17,33;40,49,56,65. -> 1
10,23)47;49,56-58,62;64,75;80,85. -> 1
15;19,24,35. -> 1
3;18. -> 4
5,6,8,18-20;21,26. -> 1
1,4,7,15! -> 2
2,4,20,22. -> 1
0]5? -> 10
0]1,4;9,13,14,22,26,34. -> 1
3,10,16. -> 8
4,9;13;14,18. -> 1
4;5. -> 5
1,5:8. -> 1
5,7;12. -> 1
4,8,9. -> 5
3,5;11,16. -> 1
7,9,10,15,16,18,20-21;28,37;50. -> 1
7:9,12,17. -> 1
3,4,6;8,9,14,16,20. -> 1
4,9,15,19. -> 1
8,18,21. -> 1
4,5,8;15,24,43,47;52. -> 1
7;10,15. -> 1
3,4;9,12. -> 1
3,5,7,14? -> 1
1,3,5,6,9! -> 1
8;9,12! -> 1
1:2-6:7. -> 1
6,10;12,16;25. -> 1
2,12,22;24,30,37. -> 1
7,10;19,29. -> 1
10;25,31,34,45. -> 1
2,4,7;8,13,18. -> 1
5,6;7,10;16. -> 1
2,3,8.9. -> 1
3,8,17,20,24,29,34,38,49-52-53. -> 1
13;19.19[21.21] -> 1
6;13,22. -> 1
11;25. -> 2
2,3,4-5,6.9. -> 1
12,18,27,30. -> 1
1,3;7,13. -> 1
11:14,14(23)27,35. -> 1
3,4,17,26. -> 1
4:5,9;11,17! -> 1
2,5,6,15,26.27. -> 1
2,3,5,6,8;12. -> 1
9;13,14,17,19. -> 1
3,5,7! -> 1
8,14;21,29;34;42,46,50. -> 1
4,5;11,16. -> 1
4,12,17,20. -> 1
1-3;6. -> 1
4,8,18? -> 2
7;8,10,12,18,20,28. -> 1
0]7,10,13,23;35,39,42,48,51;57,66. -> 2
3,11;16. -> 1
2,14-15. -> 2
1,2,4;9,11,18;21,26,30. -> 1
4;8,13,18. -> 1
7;10,15,25. -> 1
2,7,12;16. -> 1
7,10,23? -> 1
1,2,25;34,43. -> 1
5,8,11;25. -> 1
8,16,26. -> 2
0]8,11,20. -> 1
1,3,7,9,11,28. -> 1
6,13;29. -> 1
4,9,18,24! -> 1
6,7,17.26-27:33! -> 1
4;11;20. -> 1
1,8,11,13. -> 1
6,14;16,17;24,29. -> 1
1,2,5. -> 113
12,15,36,40,43,47. -> 1
9,11,12-13,17? -> 1
8,18,26-29,34. -> 1
2,8,11;12! -> 1
1,2,6,18,24? -> 1
7,12,13,19,24,33. -> 1
9:22. -> 1
1,9,16,22. -> 1
1,2,8,16,24? -> 1
6,12,19,24,28. -> 1
1,5,7,10,17;24,30,34. -> 1
9;15,21,25. -> 1
7;13,17;21. -> 1
7,13.21;30,35,39,46. -> 1
5-7! -> 2
12,29,37. -> 1
2,8,14. -> 9
2,3,4,5,9. -> 3
14,18,20,22,27,30,33,39,48. -> 1
7;10. -> 6
2,6;15,24,32. -> 1
4,6,14,22,23,26,34-39,41! -> 1
4,12,14,16;29. -> 1
1,7,17,23. -> 1
5,13:18,28,33;37:42,47,54,61;62,69,76,82;90,96. -> 1
14! -> 11
3:5,8(11)11,13,17,21. -> 1
6,7,19. -> 1
1,6;21. -> 4
1;10,12,16,25. -> 1
0[6]22,33. -> 1
7,10,17,19,23;25,26-27,33,42,46,50,55,67,76. -> 1
1,3,5,12,16,20,26. -> 1
5,6,10,15. -> 3
5,8,9-11! -> 1
7,13,15,16-17,19;28,35,38. -> 1
2-8. -> 9
10,20;24. -> 1
4,5,14,22,26. -> 1
4,8;13,18. -> 1
8,11,15,21-23. -> 1
5,10,18;22,28,35? -> 1
2,4,10,27. -> 1
3,7,11,16? -> 1
5;15,20. -> 2
1.4,6,9. -> 2
3,8:9,11. -> 1
9,20,29. -> 1
1-6. -> 1
10;16,18,28. -> 1
4,9;17,25,33,38,43;52. -> 1
1,5,9;14. -> 1
2,5,9;14! -> 1
3,4,10;11! -> 1
1,2;6,10. -> 2
4,9(11,17,20)25,31;37,43,49-50,59,63,67,79,86,96. -> 1
8,11,16,20. -> 1
7,9,14;26,31,37;45. -> 1
3,11,25! -> 1
0]4;17. -> 1
9,14,15,20. -> 1
2,4:11;12,15,19. -> 1
4,6,9,18! -> 1
3,13,22. -> 2
22,32,45. -> 1
2,8,18,22. -> 1
11,13,15! -> 1
11! -> 24
1,2,13,22,28;38,52. -> 1
9;16,19,20,21,22,28. -> 1
12,17,29,38,44. -> 1
17;27. -> 1
4,9,12,16,24. -> 1
2,3,7,18,31:39,49. -> 1
1,7;10. -> 1
3.5,7,13,15,25. -> 1
10,21,25. -> 4
4,7,15? -> 3
2,3,7,14? -> 1
5;16. -> 6
8,18,22,27,33:36. -> 1
3,10:20. -> 1
9,13,18,25,33. -> 1
9,16,22. -> 2
4,6;21,27,28,30. -> 1
4,7,11,16,26. -> 1
0]7;13. -> 2
3,4,16,26. -> 1
10,19,26,30,36,44,49,53. -> 1
17,32;35,49;52,63;69,72,78,83. -> 1
5,11,17:26? -> 1
16,23? -> 1
10-11,15? -> 1
1,7,8;14,24;27,32. -> 1
8:10,16. -> 1
2;5. -> 14
3,11,24,33. -> 1
5,9,13-19,27. -> 1
2,7,15,23;28-37,45,49,52,57;62,64,69. -> 1
11;12,14,18. -> 1
7;11;13,15;17;22. -> 1
5,10,16? -> 1
10(18)19:24,27,39,45;47,53,58.59. -> 1
1,2,3;8,17. -> 1
1,2,14? -> 2
7,11,15,19,23;29,31,35:40,44. -> 1
12,15,19;28,31. -> 1
1,4:7,9,13. -> 1
5,6,10,12. -> 2
8,11,16,22;25,29. -> 1
2,16,26. -> 1
0]2,6. -> 6
6:12,14,18,23;25,26,33,37! -> 1
5,9,13,16,19? -> 1
1,7,8,14. -> 1
7;11,14,17,21;28! -> 1
4,7,20,24? -> 1
1,5,9,10,14,21. -> 1
9,25. -> 6
8,11;14,15. -> 1
1,6,14,22,32,36,47,55,60,70,76. -> 1
5,8,9. -> 6
4;10,13,19. -> 1
5,14;20,26. -> 1
1,2,13,22,30,50. -> 1
1,4:8,13. -> 1
5;7,8,12:26,28? -> 1
5,10,18,23,36. -> 1
4;12-13,18. -> 1
5;9-18. -> 1
0]10;13,17. -> 1
6,8-9,12.13. -> 1
10,20;21,26,30,39. -> 1
1,7,13? -> 2
4;10,14,20. -> 1
2,10;11,15;17,22,24,27,31. -> 1
9,10-14. -> 1
1,4;10. -> 8
2,3-5. -> 1
2,4,8,13. -> 2
5:25;31. -> 1
3;6,7,16,21,26;31,37. -> 1
7,8,9,13. -> 1
15,23;25,27,32,36,40,43,49;58. -> 1
1,7,13,19. -> 1
3,9-17. -> 1
3,8;17. -> 3
11,13;18-19,22;23,28,32,33-38. -> 1
8,15,28. -> 1
1,4,18! -> 1
6,11.12. -> 1
1,7,12,20,28. -> 1
2,6,12,17? -> 1
10,15;19,24,45. -> 1
10-11-11-13. -> 1
3,6,16! -> 3
3,8,12,18. -> 2
1,5,16. -> 2
2,3,9,17;19,23. -> 1
10,26,27. -> 1
7:10,21,27. -> 1
4,6,19;23,25-29-31,41. -> 1
6,14,20,28,31,52? -> 1
8;19. -> 12
5;20,26,32? -> 1
3,4;11,14? -> 1
6,11. -> 89
6,12,22,26,28,31. -> 1
4:10,14,18;23,24,36,40,43,45,52. -> 1
12,23. -> 4
5,8;14. -> 1
4,9,13,18,28,34,38,43. -> 1
3;10,24;29,33,36. -> 1
9,18,29. -> 1
0]1,2,7,15. -> 1
1,3,18,37,44. -> 1
4,9;13,16. -> 1
1,8;10,11,14. -> 1
4;8;14;20,21,23. -> 1
3,5,6,10. -> 1
1,6,7,20,25,26,32. -> 1
1,3,12;17,28. -> 1
4,6-7,9. -> 1
10,24,32,36,40;58. -> 1
3,4,6-8,17,26;32. -> 1
1,8-9? -> 1
4,7,13,19,22? -> 1
4;6,11. -> 1
2,12,22,31,38,46,54. -> 1
8,22;44. -> 1
9,13,15,19;24,28,35-37. -> 1
0-0-0-0-0-2:9.23. -> 1
6-7,13-17-18,28? -> 1
1,2,12,22. -> 1
5,7-8. -> 1
2-5! -> 3
5,7;9,12.13. -> 1
0]3! -> 10
2,3-9,16,23;31,35,38. -> 1
2,5:21. -> 1
0[4,7. -> 6
3,5;10. -> 3
9,16,19. -> 1
7,10,16,20. -> 1
6;13,18. -> 1
0]1,3. -> 8
3,4,18,31,44? -> 1
1,3,11,18. -> 1
5-8! -> 2
9,24,30. -> 1
6,11-24;26,37;40,42,47,55,59,64,70. -> 1
1,9;15,17;20,25;29. -> 1
11,12,28,36,37,39-40,44. -> 1
4;7,9,13,18. -> 1
1,3,8,17. -> 5
9:23,41-43,52. -> 1
3,4;9,17,24. -> 1
0]1,2. -> 9
2,6,10,12! -> 1
0]13! -> 2
4,5,13. -> 5
2:6:11;24! -> 1
10,18,25. -> 1
1,3,7,19. -> 2
2,6,10,12,17,27,30,35,37,40;45,50,52,55,63;67. -> 1
9;14;18,22,29. -> 1
1,2,5,13,20.22,29,36. -> 1
2,5,14,30,32,37,42,47,52-60,70,73,74,80,85,94,108,110,117,137. -> 1
1,9;15,23. -> 1
11;15-20,22,29. -> 1
5;9,13,14,26. -> 1
2,4,8;21. -> 1
1,2,13.22;25. -> 1
7,22-23. -> 1
5,6;8,11. -> 2
2,3,4,5,7,8,10,14,20. -> 1
2,8.11,16;20,24. -> 1
1,4:10;11,21. -> 1
5:11,18;29. -> 1
9;12,20. -> 1
12,18.19. -> 1
11;19. -> 5
1;3,9. -> 1
1,3,4:8. -> 1
3,4;9,18? -> 1
4,9,15? -> 4
1,5-10,15. -> 1
0]17,21,27,37. -> 1
10;13,17. -> 1
3,4,11,17? -> 2
1,3;4,8;9,13;18,23. -> 1
4,10,12,15,19. -> 1
9,16;22,26,34,37,40,49. -> 1
2,5,18. -> 2
1,6:10? -> 1
6;7. -> 1
1-2,5! -> 1
16,19,24,31. -> 1
4,10,14,18. -> 1
4:7,14! -> 1
5,9,11,14. -> 3
25,29,40,59. -> 1
1,8,13,30,38,51;66. -> 1
8,16,25;30,39,55,68,70,77,84,89. -> 1
5;9,16. -> 4
4,7(20;25,36)40,51,54. -> 1
2,6,9! -> 3
4;14,17. -> 1
1,8,14,25,40,46,53,61,69,73,93. -> 1
8,17,26,30,33,36;38,41,45,53;72;82,89;93,99. -> 1
5,12,15-19;27,35,39,48. -> 1
10,24,28. -> 1
8,10,15. -> 2
3-5! -> 3
1,3,6,7,9. -> 1
4;26;36,37,38,44. -> 1
1,2;24. -> 1
6;7,14,22. -> 1
14,21,26. -> 1
1,6,10;16;17,27,30. -> 1
4,14,22,26,33,37. -> 1
0]1,8! -> 3
1,5,10:14,26,33. -> 1
1,19? -> 1
5,8,9,12,20. -> 1
8;18. -> 8
2,9,18;39. -> 1
1,10,18;38;53;77,91,99. -> 1
3,8;20,25. -> 1
2,7,14;17,19,23. -> 1
2,8;16. -> 2
7,10,12. -> 3
1,6,8! -> 4
7:16,27;36,46,53;62,71:75,79,89,99,108,116. -> 1
2,3,8;17,21. -> 2
6,9,18,34. -> 1
10,11,14. -> 1
2,3,4,7. -> 19
5,9,12,16,18. -> 1
1,3,9,12-17,23. -> 1
4,9;13,18,22,26. -> 1
8-12,20. -> 1
16-17,33;48,53,56;73. -> 1
3,5,8,14,16,18,23,31:32,41,49. -> 1
1,2,8,9,12,21. -> 1
3:6,7;15. -> 1
7:14,20.21. -> 1
4:7,10,13. -> 1
1-3,7(11-12)13,14,15,20. -> 1
11,12,17,21? -> 1
2,3,5,6,7,11. -> 1
1,3)9-11,24. -> 1
9,16-26,35. -> 1
4;5,6,7. -> 1
1,12,27-28,38;39,40,45;47,49,56,70. -> 1
2,3,4,5,8. -> 10
7,9,25. -> 1
9;17. -> 13
8,16,23. -> 3
6,14,18;30. -> 1
13:21,27-31. -> 1
0]3;6;9. -> 1
6:15,23;33,41,49;59,69,79,89,97. -> 1
2,3;11,17. -> 1
3,7,7(16,21,27,35)40. -> 1
1,2,4,6;10. -> 1
5,11;15,21;25,37. -> 1
1-3,7,8. -> 1
7,10,13,18,23. -> 1
1,5:9. -> 1
0]5-12? -> 1
5;10;16;23;28;34;38,39,45;53;60,65. -> 1
0]2,7. -> 3
1.3,4;7. -> 1
5,6,7,9. -> 2
1,3,4:16,26. -> 1
7,9,13:14,21. -> 1
1,4;12,20. -> 1
1,2,13,23. -> 1
3;4. -> 3
1,10,15,24,32. -> 1
0]1,2,7. -> 2
1,3;8:12,13-14:19. -> 1
9,12,18,20-24,26,28,32,39,41,44;62,66. -> 1
2;9;14,21. -> 1
5,8,9,12,14;24,30. -> 1
4,8;11,12,13,14;24. -> 1
1,7;14;15,16,21. -> 1
8;16,24. -> 1
4,14,16,18,24. -> 1
1,2,4,5,6,7,12,16. -> 1
1,5;11,19. -> 1
1,13,21,22,31,34:45,55;65,77,91. -> 1
1,7,11,24. -> 1
3;12,18.22,28;29,36,56. -> 1
3,4,6,16,23. -> 1
5,18,26,37-41. -> 1
4:16,17,19. -> 1
4,8-9,17;24,27,33,37;46,55. -> 1
4,10,14,23,32. -> 1
3,8,13,16,18,20,21,25? -> 1
1,2,3:5! -> 1
2,3,11,16. -> 1
1,2,10;18,29. -> 1
17;24,33. -> 1
11,12,17,20. -> 1
5,10;18;24. -> 1
4,7,9;14. -> 1
4,8;13. -> 2
1,3;8. -> 15
7,12,15,23. -> 1
7-7-13? -> 1
2,4:12,16. -> 1
6,7,11,15. -> 2
2,15? -> 3
6,19,23. -> 1
1,9,19;25,29,36. -> 1
1,8,12,19,31. -> 1
2,7,14,21,28,30,37:51,66;81. -> 1
1,4,9:10,13,13(28)37. -> 1
0]6,13,22,27,34. -> 1
1,2,5,8,13.13[19. -> 1
2,6,12? -> 2
3,12,17,20;27;31! -> 1
1,5,25. -> 1
5,10,15,20,33? -> 1
2,9,14-16? -> 1
7:17,25,31-32;35-37,42,45:54,60,63. -> 1
3(5-9)17? -> 1
1,2,3-5. -> 1
2,19! -> 2
1.5,7,8. -> 1
9,13,16,24,26,27,33,43,51,55,61,66,78,82,93,100? -> 1
2,12! -> 2
4,5,9,18,28. -> 1
2,4,6,11;14,16. -> 1
8;11,14,16,20;24,33,35-44-46. -> 1
4,8;14,18;23,27. -> 1
8;15,27;28,33,42,49,55-64. -> 1
3:4,6;7,8,11. -> 1
5;12;18,25,26,31. -> 1
4,5:17;24. -> 1
5:15,19! -> 1
7,14,23,27. -> 1
3,9,20,28. -> 2
3,13,16. -> 1
1,2,19,27;35,39,46. -> 1
2,6,25,34,43. -> 1
4,9,10,16,25,35;47,53,59,68. -> 1
12,19,26;27,28,31,34. -> 1
8;14,15. -> 1
0]4,5,8,12. -> 1
2;19. -> 1
10;11,14,21. -> 1
13,14-15,18? -> 1
6,19. -> 13
11;17-27. -> 1
1,2,8,9,16;23. -> 1
4,6-12,19;26,31(32,34!34) -> 1
11,16;23. -> 1
5,6,14,23;39. -> 1
1,2,11,14,20. -> 1
5,19! -> 1
1,2,4,8,16,22,34,50-51.59,67,69,71. -> 1
2,7,15. -> 10
4,4(12,23)27,31,32,34,49,58,62,70. -> 1
1,2;7,10. -> 1
2;4? -> 2
19,27;35. -> 1
9,11;25. -> 1
10,12,16,31. -> 1
6,9(12)15,22. -> 1
0]3,7,8,14. -> 1
1,3;17. -> 2
16,25;43. -> 1
1,4;14! -> 1
1,2,3,6,10,17,18,19,25,28? -> 1
16,22,23,26,41,48,52,59;74. -> 1
2.7;19. -> 1
3,4,9,11,13,19:28,30,31,33;36,48. -> 1
7:16. -> 2
2,6,14;20. -> 1
7:13! -> 1
2,4;8. -> 7
8,12;17. -> 1
1,2,7,9,15. -> 1
2,9:20,34. -> 1
0,1,6,10? -> 1
10,14,17,19! -> 1
4,5,8,15. -> 1
2;10. -> 8
11,24. -> 18
7,14,22? -> 1
2,3,7,8. -> 1
1,4;4[7. -> 1
2,3;7-9,14;18. -> 1
3,4,6,11,16,22,28. -> 1
6,10,14,21. -> 1
1,4,4[7]9. -> 1
0[4-5. -> 1
9,16;31. -> 1
10;12(16)22,27,32. -> 1
2,11,19,27,34. -> 1
11,12,15,18. -> 1
1,8,16-21. -> 1
4,9,11,14? -> 1
4,7,16? -> 1
6,7;9,14. -> 1
4,23? -> 1
6;15,17,21,25,29,34. -> 1
4-19,23,27. -> 1
3;11,17. -> 2
4-5,9,15-16. -> 1
4,10,20! -> 1
10,17;27,31;39,46. -> 1
1,4,10;16,19,24. -> 1
22;27. -> 1
2,3,7,9,12,15,17,22. -> 1
1,2,3,5;7,11,15. -> 1
4;16,21. -> 1
3:14,23,25,33,44,49? -> 1
19,27. -> 2
12,19,26:44? -> 1
7;15,18,23,31. -> 1
6,12-18;26,34;41,45,46,47,54. -> 1
1.2,7. -> 2
3,4;23. -> 1
2,11,22. -> 2
5;10,12,19. -> 1
12,17,23,29. -> 1
5,10;14;15,23,30. -> 1
17,22,26,35. -> 1
1,2,3,5;13. -> 1
0]2,3,4. -> 1
1,2,12;18,23,29,33. -> 1
4,9;11,17. -> 1
4,10,23-27,35. -> 1
1,2,4;10:19,28. -> 1
3,6;16;26? -> 1
5;7,21! -> 1
3,5;6,8! -> 1
9,19,24,28,29. -> 1
0]10,11,14! -> 1
4,5,9! -> 3
11,14;19. -> 1
15;28-30,33,35-43;46,50,52,57. -> 1
3,10;17. -> 1
3,4,7;12. -> 2
2-14. -> 6
2,3,5,8,12,13,17,29,41,45. -> 1
12,33;36,40,47,50-54. -> 1
15,27;28,31,36,42,48,57. -> 1
14,16,18,20,24. -> 1
1,5;7,9,12,16-17. -> 1
5,13;18;35;41,48,53. -> 1
9;11,14. -> 1
5;7,9;12,16. -> 1
3,10;14,26,34,37. -> 1
5,8,9;10,11! -> 1
0]3,4. -> 5
1,11,25. -> 1
4;9,12. -> 1
1.4;9. -> 1
5,23,30. -> 1
9,14,28,31! -> 1
1,14,18,25. -> 1
9,20,25-26;27,30,33,43. -> 1
0]8! -> 4
1,5:7. -> 1
11:20,30. -> 1
14,27! -> 1
2,6,10! -> 2
9,17,21,22,24. -> 1
6-9,16,17,22,25,34;36,42,46,52. -> 1
12,15,22,42. -> 1
10,14,24? -> 1
5:9;12;18;20,21,22,25;31. -> 1
4,10;14,22. -> 1
1,3,14;29,30,31,38. -> 1
8,15,24,26,32,43,54,59,65,70,72,75,80,85,93,95,98,103? -> 1
3,8-15.31. -> 1
2,12,20. -> 3
10,15,18,32! -> 1
7,10;16. -> 2
9;18,21,24. -> 1
5,6,8,12. -> 1
3,5,15,20. -> 1
1,4;15. -> 6
0]6;9,10,14. -> 1
4,8,12,15. -> 1
2,11.19,24;30,39,43,48,52,63. -> 1
6,10:15,18,21,26;31,32,34,36,44,47. -> 1
1,3;3[4. -> 1
7;18,26,34. -> 1
13,18,23;33. -> 1
11;16,19,20. -> 1
2,3,10,26? -> 1
3,4,27,36,37,39. -> 1
0-0-0-0-0-2:3-4. -> 53
4;29. -> 1
3,6,19,36,41. -> 1
19,20,21,22,27,48. -> 1
4:14. -> 1
1,16;21,26;29,34. -> 1
8:22. -> 2
18,36,40-42. -> 1
4,5;11,15,20;24,28. -> 1
4,16! -> 3
19,27,35,44. -> 1
4,6,12,15. -> 1
14,22,29,36:40,41,43,49:58,65,70,74. -> 1
18;28,34[35]35. -> 1
16;28. -> 1
1,6,13,20,24,25,30,37-39,42,46. -> 1
3:18,41. -> 1
4,12,20,24. -> 1
7,15,22,26. -> 1
3,6;10,17. -> 1
12,18,21,24? -> 1
4,4(19)23,29? -> 1
3,4,6,13,23-35. -> 1
4,10,17,34! -> 1
13;29. -> 1
10;17,29,35. -> 1
10,17,26. -> 1
3,8,21,27. -> 1
3,5:6,12,17;18,35,49. -> 1
2,7,11,17,21,24,32. -> 1
9-14;27. -> 1
8,10-17,24,25,32,38,44,51. -> 1
2,4;6,10,13. -> 1
17;35,42,53. -> 1
8,10;22,30,49. -> 1
6,11,13,20. -> 1
9,11-15. -> 2
10,20:27,34. -> 1
1,2;3. -> 2
4,7,9;14,17. -> 1
21;30. -> 1
6,10,14,24;28,39;43;44,50,55,61. -> 1
1,4,8;9,11. -> 1
2,4,9. -> 64
2,3,7! -> 2
6,10,11,13,18,26,29,33. -> 1
1;8. -> 10
1,5.28. -> 1
9:20,33. -> 1
7,9,18? -> 1
1,5,6,20. -> 2
6-8;21. -> 1
13:21. -> 2
2,3,11;13,16,22:23,26,35,41,53,55,61,66. -> 1
1,2,6,7,10,11;13,14,17,21. -> 1
11,13,21-22,34. -> 1
5,13,21,25,31,34,52? -> 1
2,3,6,10. -> 2
7,14,25. -> 1
9;14. -> 5
1,4,11,17;29;32,36. -> 1
0]9;15. -> 1
5,16,21,35.36. -> 1
4,6,12;25. -> 1
12,17,28? -> 1
2-3,4,10,12,16:22,34. -> 1
10,26;27,33,40. -> 1
10,20,24;36,45,49,50. -> 1
1,11;23. -> 1
4;8,9,10,11,14. -> 1
0]4,5;11. -> 1
2,5,11,15,19;24,28,32-33,36,40,44:45,47,52. -> 1
4(10)23? -> 1
3,4,6,11,16,18,20,23,24,32? -> 1
1,2,3;4,5. -> 1
1,14? -> 8
0]6,7. -> 2
7,10;12;18? -> 1
6,10,14,28. -> 1
7,14,22,31,40. -> 1
10,15,23. -> 1
9,21? -> 2
11,20,31,47. -> 1
2-13? -> 1
18! -> 8
4,5,11,17. -> 1
2,7,12. -> 8
14;22,29. -> 1
3,6,19.20. -> 1
3,6,11;16.17. -> 1
2,8,12;24. -> 1
6,15;18,21-22-25,34.35. -> 1
5;12,24,26,27,28,37. -> 1
1,6,18,36;45? -> 1
1,23. -> 4
5,14;15,22,27,30,44. -> 1
10,15,21,24. -> 1
7,11,22,33,41,55. -> 1
11,22;28(34)39,40,41,42,43,44,47,56. -> 1
8,14;18,22,26. -> 1
9,16,26:34. -> 1
2,4,9:23. -> 1
5,7,9,12. -> 2
1,2,7,9,21. -> 1
1,2,10,29. -> 1
1,2,4,12,19. -> 1
6,8,9,11,21,26. -> 1
3,4,22,28,33. -> 1
6;27;32(41)47. -> 1
10,14,28;37. -> 1
5,9:20,28? -> 1
6,17,24,33. -> 1
0]1,2,9,24,27,35,43,48,52,57. -> 1
1,9;12,17,26. -> 1
8,20,22,25,31. -> 1
1,3,9? -> 14
6,14,26;27,41,50. -> 1
13,19,24. -> 2
1,2;13,19,24,26,28,30,32,50,54. -> 1
6;9,12,15,16;21. -> 1
7,14,16,18,21? -> 1
0]3,17. -> 1
8,16,17(19)24,28,32. -> 1
0]1;6,9. -> 1
20,31. -> 1
0]1,2;8. -> 1
0]5,6. -> 2
4,7;17. -> 1
4;11,19,24;34. -> 1
8;25. -> 6
1,9;20. -> 1
0[4,6,9;12. -> 1
3,6,14,25,39;40,45,48,57. -> 1
8,27. -> 2
3-5,10. -> 1
3,4,9,19? -> 1
6,8:12,22. -> 1
6;13,15. -> 2
3,8,17,22:24,28,33. -> 1
6;9,16,21. -> 1
3,8,17! -> 1
1,10,24;33. -> 1
1,2,3,12,17,26. -> 1
1,4[8. -> 2
7,15,22,30. -> 1
17;34,42. -> 1
8,24,28. -> 1
2,3:9;11,12;20,24. -> 1
1.4,8. -> 1
15,23;43,48. -> 1
4:15. -> 1
2,5,20. -> 1
1,3,12,18! -> 1
1,10,18;20,23,32. -> 1
1,11,18. -> 2
4;15,33. -> 1
3,10,12(18)25. -> 1
1,9,10,16,17-21. -> 1
2,5.8. -> 1
3;7,9,11. -> 2
10,13,23! -> 1
9,13,21-22,37;40,44,49,56,69,72,77;86;95. -> 1
4,17,30. -> 1
3,4;10,12,13,15,20,28. -> 1
3.5,6,11,18? -> 1
0]11? -> 1
3;18,20,23,26. -> 1
1,9,15? -> 2
2,8,34. -> 1
8,12;14,28;34,35,37,50. -> 1
12,19,26. -> 1
1,7,9,13,14. -> 1
1,6;10. -> 9
10,17,22. -> 1
7,16;23,28,33:37,42,47,51. -> 1
5:12,21,27,40? -> 1
2,10,13,26,35. -> 1
6,12,16;23,32;37-39,43,47. -> 1
1,8,10,16,24? -> 1
4-6,10,11! -> 1
8,14-19. -> 1
5,6,7? -> 1
0[3,6,8. -> 1
1.4,10;14,15,17. -> 1
1,2,3,4,6! -> 1
1,9;14,20,28,36,40,44. -> 1
5-6,8-9,11-12-13. -> 1
2,4,5,15,23? -> 1
5,8,10,12,17. -> 1
1,2,7,23,31. -> 1
1,3,13,17,21,27? -> 1
9,13! -> 5
2,5,11;22,38. -> 1
8,13-15,18. -> 1
1,2,10,11,12,16. -> 1
5,18,25. -> 1
1,8,14-20;26? -> 1
1,3,14? -> 1
15,26,38,50? -> 1
1,3,4,8,13,20;23,30,35. -> 1
5,6,14,29. -> 1
4,17,22,26. -> 1
0[4,10. -> 2
5,6,9,25. -> 1
4,11;22. -> 1
3,9;19. -> 1
11,15,17? -> 1
3,11,15,24,28;32,36,43,44,46. -> 1
1,5,19,37,48? -> 1
3,15,23. -> 1
11-16,24,30,32,37,45. -> 1
0]0[1. -> 2
9:11,18;20,27,36. -> 1
3,6? -> 44
1,2,4,4. -> 1
4,10,18. -> 11
1,2,6,10. -> 7
2,6,11! -> 1
1,2,10;12,14,18,28,33;39. -> 1
8,10(11,12,13)17,20. -> 1
9,11,17,20. -> 1
11:14,23! -> 1
1,8;9,12. -> 1
4,8;15,19. -> 1
4;15-16-18. -> 1
1,13,16,19,25. -> 1
1,4;9,19,21,24,27. -> 1
0]5,6,9? -> 1
3,8,13;16,22. -> 1
1,3,8,10. -> 4
3,5,9? -> 4
1,3,8,15? -> 1
8,9,14,15,17! -> 1
0[6,7. -> 2
0[2,3,8. -> 2
9,17,30. -> 1
29;43,45-48. -> 1
0]4,5,8,20? -> 1
8,19,25;26,29,39;57. -> 1
1-2,4[5. -> 1
11:15,17? -> 1
0]4.15. -> 2
7,9,18,21;26? -> 1
5,9,17,22? -> 1
2,4,6,7! -> 1
8,19,26. -> 2
9;15,22. -> 1
10,16,27? -> 1
2,4;5,6,8,25,39,57. -> 1
9;15,19,40. -> 1
5,6! -> 8
14,16,21,30,33. -> 1
5,15,26. -> 1
10,12,14,18,30. -> 1
13-23! -> 1
1,2;3;7,9. -> 1
1,8,18,23,31-36,43! -> 1
5;21,29,34;39,42,46-50. -> 1
4,13,21,30. -> 1
10,11,12,17,21,26,30,32,33! -> 1
1,8,20. -> 3
5,9,18,19,27,34. -> 1
20,35,49. -> 1
6,10,17,22. -> 1
6,11,15,30,53. -> 1
5:8,14. -> 2
5,17;19,26,35. -> 1
5,12,16,20,24? -> 1
3,6,12,21,23,25,27,30? -> 1
4,11,18. -> 3
5,7,10,22? -> 1
4,13;15,23. -> 1
6:10. -> 5
6;9,14. -> 2
5-6;12,15,19;26,27,29. -> 1
7;19. -> 5
3,4;5,9,12:26. -> 1
3:8,17. -> 1
0]11! -> 1
2,3,13;21,24,32,34,39,42,43,44,45,46,50,53,58. -> 1
16,20-21,28,37. -> 1
1,6;16. -> 1
0]12. -> 4
2;6:8;8[15. -> 1
13;26-27,30. -> 1
9[10]28,31,36? -> 1
1,4,7;10,13! -> 1
4,9;14,20,24,27,30. -> 1
4,6,9,12,17;20,28,32:38,46,52. -> 1
5,14,23,30,37? -> 1
1,4,8;14,18. -> 1
1,7,13,14,24. -> 1
1,3:11,25.26. -> 1
1,3,9,15,22,26,30? -> 1
4,7,13,16. -> 1
2;8:11,17,21,32,39,46;47,52-68. -> 1
5,10,14,19. -> 1
6,7! -> 8
6,14,21,29:33,39,43,48. -> 1
4,11,17. -> 3
3,11;12,15,21,28. -> 1
9,15;20,23. -> 1
6,15;20,21,31. -> 1
6,15;16,18,23. -> 1
1,2,4-13. -> 1
4,6,11? -> 4
12.17,31. -> 1
5,16,31. -> 1
1,8,11,14,20,21-25! -> 1
4,10-11. -> 1
4;10,20;25,28. -> 1
2,3,8;12.13. -> 1
4,11;27. -> 1
6,8,10,18,25,29,34;37,44;47,50;56;64;73,82. -> 1
1,5,8;14,14[19. -> 1
1,2,4,9;15. -> 1
3,4,5,10;14,19. -> 1
7,9,11,12,23. -> 1
1,4,4[6.6] -> 1
6;8,14. -> 1
10,12-13. -> 1
22! -> 2
1,3,6,16;31. -> 1
4,6,10,11,30. -> 1
0]1,3,10,13. -> 1
3.11. -> 1
29;32,41. -> 1
2,14,15,25,37,43,58? -> 1
3:4,6,8,10! -> 1
3,6;7,10,13,22,27,28,29,30,31,35,43,52,56,61. -> 1
1,12,17,25. -> 2
1,2,10,16,25. -> 1
1.2. -> 4
4,7,12! -> 2
5,9,12,20? -> 1
8-9;16. -> 1
6;7,9,15. -> 1
8,16;25,32,35,40,45,49. -> 1
8,12:24,30;38:48,55:56,58,64. -> 1
7-10;19,22. -> 1
9,18;40. -> 1
4,5,13,16,25,35. -> 1
3;5. -> 8
6,10,20,24,33,39,44. -> 1
9,20;25,29,38. -> 1
13,14,17,26. -> 1
4;10;17. -> 1
3,7,14,21;38,47. -> 1
1,7,11,12,14? -> 1
2,10,13,21,25. -> 1
8,9,16,20. -> 1
6-15;16,23,32,36,43,52. -> 1
3,4,11;15,20? -> 1
8-9-11,19. -> 1
2:9;16. -> 1
1,4,11:13;15,23. -> 1
5,24;28,33,49;54,64,67. -> 1
2,13;25,34. -> 1
4,13,17. -> 1
2,3,5,10,14;19,26. -> 1
13:22,28. -> 1
1,2;7! -> 2
1,3,8,12. -> 4
4,13;28. -> 1
6,10;14;19. -> 1
5,6;9. -> 2
3,13;17,30;33,40,48,63;76,86,88,91. -> 1
23;28,34,36. -> 1
13;16,23,27,33-35. -> 1
1;7,15. -> 1
4;11,17. -> 3
4,8,15,24,27,40,46,54,56,65;86. -> 1
4,5,11;13,24,35,43. -> 1
2,19,22,25,32-36,42,47,58? -> 1
3,14;33. -> 1
3,17,33. -> 1
7-8;17. -> 1
5,13,19. -> 4
5,9,20. -> 5
3,9,14,22. -> 1
6,12,14,22. -> 1
5,14,21,23,29,30;35,43. -> 1
4,12,30. -> 1
2:3,4,8,12. -> 1
7;21. -> 5
3,10,16;19,25,26,31. -> 1
3,6.15. -> 1
5,9-10,26! -> 1
3,4,6,8,17. -> 1
4,6,9? -> 7
4,9;11,17,24. -> 1
11;18,20,24,30. -> 1
4;17,21;41. -> 1
12;13,16. -> 1
17,26. -> 2
3,10,14,21,30. -> 1
3;14. -> 3
5,11-15. -> 1
4;13,18. -> 1
16,19,37. -> 1
1,3,9,11,13,15. -> 1
3,6,10.11. -> 1
2,6,12,25,38. -> 1
6,9,14,18,20-22;25,33,40. -> 1
3,4,5,16. -> 1
4,8,14,17. -> 2
5;6,9,17;21.22,23,25. -> 1
4,7,11,17. -> 1
16,17,22,28,33,38,43. -> 1
4,7,12,15,24,40,47,54,57,60,62;66? -> 1
9,11,15,16,20-21. -> 1
1,3:11,17,19,20,22. -> 1
1,3,5,15. -> 2
1,4;13. -> 4
4,6-9,15,19. -> 1
2,5,18,23,26,32;45;52;56,57,59,61. -> 1
3,8:17. -> 3
7,12,18. -> 6
1:8. -> 1
1,2,11,17;35;50;54. -> 1
5,6;7,8,9,10;23. -> 1
5,6,10,15,25,30. -> 1
6;15;21;25. -> 1
8,10,18,23;31,36. -> 1
6,12! -> 4
2,3,12.18,26. -> 1
3,4,11,13,14,17,19,21,22,24,28,35. -> 1
3,6,12,16. -> 1
1,6,13? -> 2
4-5,6,8. -> 1
8[9]9,16,28,30,39,55,59. -> 1
3,5,15. -> 3
1,2-3,4! -> 2
1,17;24;39. -> 1
8,11,18,28,34,44,48,59. -> 1
7,13,15;24. -> 1
5;13,24. -> 1
3;5,6,13,27. -> 1
1;4:7,17. -> 1
1,11,13. -> 2
1,2,10,12-14,16-18,21,24,25,26,31! -> 1
9,17;18,20-23-24,29. -> 1
1,8,9,15. -> 1
3,7,15. -> 11
2,7,8,10! -> 1
8;16;39. -> 1
1,2,4,12,16,21,27,32. -> 1
2,16,25,33,40. -> 1
1,2;3,9,14. -> 1
3,9;14. -> 1
30. -> 5
9,23,30,37. -> 1
1,8,12,18. -> 1
3-14,23. -> 1
4,7,8,9,10,13,19,23,26. -> 1
13,21,22-24. -> 1
3,7,11,19. -> 1
1,6;13,18,21. -> 1
1,2,13! -> 2
8,13;20,33. -> 1
11,25,37. -> 1
10,27,37. -> 1
1,2,8,9,11,20,25. -> 1
8,16,20,22,25,32,40. -> 1
0[5.5] -> 7
15;25,34. -> 1
4,11.15. -> 1
4,5,7,11,16. -> 1
0]2,5! -> 1
2-2-8! -> 1
3,6,10,13. -> 2
7:10? -> 1
10,13:16. -> 1
1,2,5,11. -> 3
4,22. -> 4
5,7,11,21. -> 1
9,17,32. -> 1
4,8,11,13. -> 1
3,11[12]12,21;27,33,47,59. -> 1
1,2,3,6. -> 5
1,3;4,8. -> 1
8,21,28,32. -> 1
15,19,25. -> 2
1,4,7,13. -> 2
6,13,23;34,51,61. -> 1
11;18;24,31;38,45. -> 1
6,7,11,17,21,34? -> 1
1,2,7,12,13,19,20;34. -> 1
2,4,14,20,24,30,36. -> 1
15,31,37. -> 1
10,21,27. -> 1
8,9,10,11,18. -> 1
9,15;26-28. -> 1
1,2,6,11.19? -> 1
1,2,9! -> 9
6,9,14,17. -> 1
2,9,14,22. -> 1
3,7,8? -> 3
5,15,31,34! -> 1
12,16,20,25,29,34. -> 1
5,12;25. -> 1
7,9,10,19,32,41,48. -> 1
1,8,12,16! -> 1
10,13,15,19,31,38,42. -> 1
4:11,15,20. -> 1
18,31;39,50,54;56,58,76,91. -> 1
3,8,20. -> 3
5;11,20,28,29;32,37,46,52,63. -> 1
6,11,18,23? -> 1
2,5,12,19. -> 1
7,14,19-20,29. -> 1
9,13,28. -> 1
4,14;28. -> 1
1,2,4,7,13! -> 1
5,13,25. -> 1
4,5;9,12,17. -> 1
2,3,6-7? -> 1
5,11,14,21. -> 1
5,10,20. -> 3
7,12,13,15. -> 1
4.8;14,19. -> 1
5,14,19,26. -> 1
9,13,19,27! -> 1
1,8:10,21,28(36)36,45. -> 1
8,18! -> 4
1,3,10! -> 3
16;21,25. -> 1
4,8,15? -> 2
5,8[9]9,20,29? -> 1
5:13;21. -> 1
2,3,6;25. -> 1
1,9;16:22,26:32. -> 1
4,6;16-17,27:35. -> 1
7,8,12;16,18,25. -> 1
6;10,17. -> 2
8,16,24,30. -> 1
7,11,17,21,24,28,29,30,34:41,48,57,58,63:72,76,81,89,95:103,106,111. -> 1
7;16! -> 1
9,13,18,28,32,37;42,43,45,53. -> 1
3,7,9,11-11-13-13-18. -> 1
2,3,6:10,31;35. -> 1
5,11,14;16,17. -> 1
2,6,7,8. -> 1
3,5,14,36,50,57,69. -> 1
4,9,16.17. -> 1
1,4,8,14,17. -> 1
7,11,18,28,38. -> 1
1,4;6. -> 2
10,12,24:32. -> 1
4,7,19. -> 1
2,20. -> 2
7,9,12,15,19,22;33,38,44,49. -> 1
3,5,25. -> 1
9,17,25,31,33,35,51. -> 1
1,5,7,9,13,20,35. -> 1
4,25. -> 3
7;18;28,34-40,45. -> 1
11,21. -> 7
4,19,29;37,43. -> 1
5;9,14,15,17,27. -> 1
2-5? -> 3
5;9,13-14,18. -> 1
8;12;18. -> 1
4,8;11.13. -> 1
0]5,10;15,24-28. -> 1
3,7,14,23? -> 1
6;12;24,26,31,40. -> 1
7,13:16;19. -> 1
7,10,13,17,28-29,34,38,42,43. -> 1
5,8,12,14,18,26. -> 1
5,8,10,11,16. -> 1
3,7,21! -> 1
2,4,8;14. -> 1
4,8,10,12,14-21;23,28,30. -> 1
10;11,20,35. -> 1
0]10,16. -> 2
10;21,25,32,39. -> 1
4;4[6. -> 1
1,4,25. -> 2
7,13-15. -> 1
7-12-15,28-32,41. -> 1
5,7,9,13,25. -> 1
4,14,21.22. -> 1
1,3;6. -> 3
3,14,18. -> 1
9,12,19. -> 2
10,16,18,19,44. -> 1
3,4,6;13,22. -> 1
1,3-4. -> 1
4;7,8;12,18. -> 1
5(14)18. -> 1
16,36. -> 1
2,4:7,9;14,18. -> 1
10:14;19,28. -> 1
10,13,23. -> 1
4,8,13,17. -> 2
1,17,24,27,37. -> 1
6,11,13,30. -> 1
4,9;13,19. -> 1
8,16! -> 5
3,4,6(9)13. -> 1
0]1,2,6? -> 2
4,8;10,14. -> 1
6,7,12,22,27,37,55? -> 1
6,10! -> 8
8,10,14. -> 4
6,8,13;14,16,25,36,53,62,74,75,76. -> 1
7,14;20. -> 4
1,2,6;13,18. -> 1
4,5,6. -> 9
12,17! -> 2
6,14,23. -> 1
5,8,19,25,29. -> 1
1,4,17,22. -> 1
5;10,15:18,22. -> 1
1,8,13,16,22,25,28,32. -> 1
9,14,19,23,31,37. -> 1
6,8,15. -> 1
6;7,9,15,17,23,26,27,30. -> 1
4,14? -> 4
9;21;30,37. -> 1
6,12,20. -> 1
8;12,13,17. -> 1
2,4,13. -> 6
4,8,11,20,24. -> 1
1,5,12,21,37. -> 1
1,4,18;19,20,22,29,35-41. -> 1
6,13;17;22;28. -> 1
2,3,6,7,12. -> 1
8,11,21;23,24. -> 1
3,17,23;27,34,40,45. -> 1
4,5;8,13. -> 1
2,3,5,12;19. -> 1
2,3,13;23. -> 1
6,14,17,23,29,35,40,41,47,55,63;65,69,73,76,80. -> 1
12,16,21,25,32,32(34)34,35-42(44)44,45-49,54(56)58,61,65,80,86,90,109,114,117-122,125-135,136,142,145,169,181. -> 1
16,20,31,40. -> 1
3:12? -> 1
5,7,10,13,22. -> 1
10;11,21,29;30,31,32,33;44;52-53,59-68. -> 1
16,18,19? -> 1
2,10,17,27,33,34,37,45-46. -> 1
1,5,17.18. -> 1
1,11,18;21,25,34,37,38,48. -> 1
4,14,16. -> 1
8;14,18. -> 1
1,5;11. -> 7
8,11,15,21,28,38,47,53,59. -> 1
3,12,21,22,29,38,43;47,56,63,71. -> 1
1,3,11,13,19,33. -> 1
0-0-0-0-0-3,6,7? -> 1
16,35? -> 1
1,2,14,19,27,35. -> 1
18,29,37,41. -> 1
5,13,17,34;35,46,57,64. -> 1
3,5,14,27. -> 1
9,11,19? -> 1
0]4;8,9,14. -> 1
2,10;14,16,21. -> 1
5,13! -> 4
8,14;15,17:24;44. -> 1
6;10;19. -> 1
1,3,8:12,20;26. -> 1
4;8,13. -> 1
2,4;9,10,13,18. -> 1
5,19. -> 10
2,12,22-23. -> 1
10,16,22,28,31,35,38;39,49,56,65,67,68,70,85. -> 1
2,3,7,9,16;22. -> 1
5,10,16;22,26;36. -> 1
5-6-7? -> 1
3,18,24. -> 1
5;10. -> 30
15,25? -> 1
8,13;21,30-32. -> 1
3,18,24,31. -> 1
3,8:22;27. -> 1
1,8,18. -> 5
8,20;21,32,45. -> 1
9,22! -> 1
1,2,10,16,22,31;34,35,40,46,58. -> 1
2,8,12,16,21. -> 1
1,3:4! -> 1
2,3,8:13,15;16:21,26. -> 1
9,15;28. -> 1
18;27,37;64;82? -> 1
2,5,9,11;21,29. -> 1
0]9;16. -> 1
1,15,26. -> 1
1-1-3-3-3-3-8,9? -> 1
13,22,23. -> 1
3,7,10,15. -> 1
4,6,8,10? -> 1
4-6,11,26. -> 1
3,4,12? -> 6
14;17,29. -> 1
6,10,13-18. -> 1
1-11. -> 1
3,6;9,15. -> 1
1,2,3,4;11. -> 1
2,5,12,13,18,29,30,34. -> 1
2,8,12. -> 4
1,5;16. -> 1
1.6,16,20. -> 1
3:11. -> 2
0]1,4. -> 7
17;25,29,33;37,46,52. -> 1
0]2,3,9? -> 1
9,12;13,14,17. -> 1
0-0-0-0-0-0-0-1. -> 6
7,11,22. -> 3
3,8,10,18. -> 1
4,6;9,16. -> 1
4;11;18. -> 1
6;12! -> 1
3,5,7,9,21,22,25,45;59,78. -> 1
2,3;13,17,25,32,35;41,42,52,59;63,66,82. -> 1
1,20,26. -> 1
1,17;29;31,38,45. -> 1
1,10;17,20,29,37. -> 1
5-6,7-9,15,21,24,27. -> 1
2,7,9. -> 3
1,3;12. -> 2
10,15? -> 6
4,8,15. -> 12
10,17;20,27,32;40,53. -> 1
14,16,18,26,30,35,45;53,61. -> 1
1,14,16,21,42,47,51,54,56,63,75. -> 1
2,3,16,24. -> 1
4,10;14,17. -> 1
13;23,26,30;51,59,66. -> 1
13-23. -> 1
1-16. -> 1
6,17:25,29,40. -> 1
2,12;15,24,25,28! -> 1
1,2,6,8,14,21. -> 1
4,12;17,21,25. -> 1
5,7,11,13-15,24,33? -> 1
10,16-19? -> 1
4,7,16. -> 8
10,16,24,30. -> 1
4,10,14,18,23;37:40;42,46,49,55. -> 1
1,3,4-6,10. -> 1
12,13,14:21,37. -> 1
1,4,5,10,21. -> 1
16! -> 11
1,13,24. -> 1
0[2]6,7. -> 1
1,3,5,12. -> 5
9,11,13,17. -> 3
16,33. -> 5
2,6:23. -> 1
3,4,9,18,22,23,26,27? -> 1
1,4,10,11,13,14,18. -> 1
12,13,25,32. -> 1
8,14! -> 6
4,6,19,26,33,40,51,56,64:70,83. -> 1
2,6,7-11. -> 1
1,2,4,9,23! -> 1
13:18. -> 1
8,18,19,26. -> 1
10,13,21. -> 1
3,10,23. -> 2
4,7,14,16,22,29,33,38,45,48;57,65. -> 1
2;11. -> 5
3,4,8! -> 1
5,8! -> 8
2,5,14,20,23;29,36. -> 1
1,8,22,24;32,37. -> 1
2,9;26;46,49. -> 1
0]2,7,16,19,29? -> 1
3:23;27,28;31,32. -> 1
5.8,12;13,16,21,24-25. -> 1
1,4,9,17,25,35,38? -> 1
8,9,13,20,31. -> 1
6,13-14. -> 1
3,4,7,11,17,20-26. -> 1
10,19,24,32,33,39,43,49. -> 1
3,8,14;22. -> 1
1,2,3;8. -> 5
1.6,15;16,25,36;46,49,54,59,65. -> 1
2,8,16,22,26,30,31,34,37,39,48. -> 1
0]2,7,16! -> 1
11,17,18? -> 1
7,15,19;27. -> 1
1,15,24? -> 1
1,7;15. -> 7
1,6,7. -> 8
10,14,25. -> 1
6,9,16. -> 4
1,9,10,11,13,15,19. -> 1
4,15;37. -> 1
2,3,5,14,21? -> 1
1,3,8,12;21,26. -> 1
23! -> 1
4,12,16! -> 3
1,5;21. -> 1
3,10;12,14,16,18,20,26,28,30,39. -> 1
9,16,23,30:41,44,52,55,60. -> 1
12,19-21,23? -> 1
6,15,20. -> 1
3,4,13;25. -> 1
8,16,28. -> 1
4,6,7,11,19,23,36. -> 1
1,2,3,9,13! -> 1
4;11,22;26,28,29,31,43. -> 1
3,4;8,12,16,22. -> 1
1;5,9. -> 1
6;12;15,16. -> 1
3-8? -> 1
4,7,8,16. -> 1
9,18,19,22,30,41,51,59,69,76,83. -> 1
2,3,8;18,20,28. -> 1
11,14,17. -> 1
12;16. -> 3
10,14;32,43,48. -> 1
1,4,5,10,18. -> 1
14;20,29;34,43;48,60. -> 1
3,4,9,13,16,24. -> 1
4;10,18. -> 4
2,5,10,17,30,34. -> 1
3,9,13,20,22,27. -> 1
8,12,16,19,20,23,33. -> 1
10,19! -> 1
10,19-21! -> 1
0]5,7,10! -> 1
23,28,41. -> 1
4,7,14! -> 1
2,13,22. -> 1
7,12,21,29,33.34,43,55. -> 1
5:10,17,23-24:29,32;43. -> 1
0]4,12. -> 3
7,15;23,31. -> 1
1,4;5,6;20. -> 1
10,15,16,22,29,41,53,60,70. -> 1
9,15! -> 2
7,16-17. -> 1
1,3,8,16,19. -> 1
15,24. -> 3
2:15,22;30. -> 1
2,4,9,19,28,32,39,49,73,74,76;81,83,89,94,108;126. -> 1
4,5,7,10,13,16,18,20,22. -> 1
4,10;18. -> 3
1,2,4,19-21. -> 1
1,2,4,13,16,18,24,30,37. -> 1
20;30;38,46;49,54,63. -> 1
1,5;12;30. -> 1
9,19;23,29,37. -> 1
1,9;19. -> 1
1,15? -> 3
16,23. -> 4
3,4,12,16;20,25. -> 1
2,9,18;27,35. -> 1
4,12,20,27-30,34,37. -> 1
2,9,19,27. -> 1
4,9! -> 28
4:10,18,23;32,36;45;53;64:67;70,74;77;82;87;92;98,104,111. -> 1
7,15;19,23;38,44. -> 1
2,3,4,5,6,7,12. -> 1
0]2,3. -> 9
1,3,8,20. -> 1
8,19;22,23,30. -> 1
4;9,10. -> 2
6,9,18;22,27,35. -> 1
6,16;22;24-27-28;33. -> 1
9,14;24,29. -> 1
4,12,14,16,23,25,27,30,34,40,45;48,63,66,72,80. -> 1
1,7;9,14,17;18,25,32,35,39,44;50;55,60. -> 1
6,9,16,24,27,32? -> 1
4;9.24? -> 1
10,14,15,18,22. -> 1
5,8.9,15,23. -> 1
1,9.10. -> 1
10,23,35. -> 1
6,9,11. -> 7
0]1,7. -> 3
2,6! -> 38
5;9,13. -> 1
1,3,11,13,19,24. -> 1
0]2,7! -> 1
0]0[5. -> 2
1,3,7,17,20,26,28. -> 1
1,7-9! -> 1
1,6-7;15. -> 1
2,4,10:15,20,29. -> 1
2,4,12,25,30? -> 1
0[2,7. -> 8
0[1,6,7. -> 1
7,11,19. -> 4
7-9,15,25,34. -> 1
3,9,12? -> 3
2,8,18,36,41,45,46,49,54,68;70,74,75,78,89;94,99,103,114. -> 1
0[8,12. -> 1
2,6,8,19. -> 1
3-13,18. -> 2
0[1.9. -> 1
1,10,18. -> 7
6-14,23,41,42,57-63,83. -> 1
8,19;25,28;37,44,46,53,55. -> 1
8,18,23. -> 2
6,30. -> 1
3,4,5,13. -> 1
1,10,18,26,28,31,34. -> 1
11,19,28,37,45. -> 1
1,4;8. -> 12
2,5,14,22. -> 1
4,15,21. -> 2
19,20,23,25,28. -> 1
3-5,9;13;18,22;26,31. -> 1
6,19;31,32,34,39,42,43,48. -> 1
1,4,18. -> 6
5,15.19. -> 1
10,14,18,24. -> 1
16,23,29. -> 1
1,5,17. -> 3
3,8,15,19,25. -> 1
5,9,11-18;30,32,35,37,38,41,48. -> 1
5,9,13;20,24-28. -> 1
5,9;14,19. -> 1
14,17,24. -> 1
2,2[3. -> 1
1,3:8,13. -> 1
6,7,14,20. -> 1
7,18,45,48. -> 1
5-6,14,18,24,35. -> 1
1,6;12,17. -> 1
6;7,10,19. -> 1
2,5,13,22! -> 1
2,9;12,14,18. -> 1
1,2,8,9,10,16. -> 1
10,15;17,24,32:53,58,68;87,94,97,99,110,117. -> 1
4,5,7,16. -> 1
13,32. -> 1
13:14,15,19;20,27;28,30,32,35. -> 1
0-0-0-0-0-2:7,8,9. -> 1
2,9,15,25. -> 1
5,17,33. -> 1
16,21,26;33,49. -> 1
7,8,9,12,13,14,24? -> 1
2,3;7,9:13,19. -> 1
4,18,19,22,26,33? -> 1
1;18. -> 1
8;9,17,26. -> 1
1,5,12,17;27. -> 1
10,17,18. -> 1
4,5,19. -> 3
8,11,16;20,24. -> 1
16,21,35,50,68. -> 1
4,7,8,15,18? -> 1
14,26;33. -> 1
1,8,15,18,23-24,28;39. -> 1
2,7,8,9,14,17.19,26,33. -> 1
1,6,11;12,17,22;26. -> 1
6,21;32,50;56. -> 1
13,20,31,37. -> 1
13:23,28,33-36,39;51,55:58? -> 1
7,24. -> 5
4,7,16-33. -> 1
1,5,18,20,26;27,34,50. -> 1
2,3,5,14,29,39. -> 1
9:11,13! -> 1
3,5,8;10,11,25,40,50? -> 1
4,17,24. -> 2
4,7,10,14,18,22,32,36. -> 1
3,8-10. -> 1
2,5,6,9,18,31. -> 1
14,17:31,34,38,45,53,54,55,56,57,58,60,72. -> 1
10;15,23. -> 2
7,13,22. -> 1
2;8,14. -> 2
4,10;17;26,39. -> 1
22;30,39. -> 1
2,5,12,17. -> 1
1,11,19,25,31. -> 1
3,8,26,34,50. -> 1
1.1[2,7. -> 1
1,2,14:15,16,19,20,26! -> 1
3,6,18:22;39:49,58,64;73,81,91,94,95,96,98:104,108;111,117,121;126-127;132,139. -> 1
3,4,9,25. -> 1
2-14,26,29,36. -> 1
4,8,10,41. -> 1
5,10,18;25. -> 1
3,7;10,12! -> 2
1,5:17. -> 1
8,10,11,14. -> 2
8,12,15,19,22,29,34,38,44,50,56,65,70,86,87,88,89,90,91,92,95,99:102,112. -> 1
21,27. -> 1
3,6-7! -> 1
9,22-24. -> 1
3,7,12;20;27. -> 1
1,6:8,11,19. -> 1
2,8,18,27,29,30,37,45,53. -> 1
1,2,3:12,20,24. -> 1
2,4,8,14;16,28.37;53. -> 1
2,16,24;28,35. -> 1
19,25. -> 2
4,10.10[18. -> 1
7,13:23,26,27,30. -> 1
5,14,22. -> 1
2,15,23;31,43,44,47,53. -> 1
4,10;14,17,21. -> 1
6,15,25? -> 1
6:20. -> 2
0]5. -> 37
9,11,15. -> 1
2,4:15. -> 1
4,11,15;16,19,32,40. -> 1
4,5,12,20,26. -> 1
5;12,16. -> 3
1,2,15,17,39,48;59,67,78. -> 1
1,9;17,21. -> 1
2,23,31. -> 1
1,8,9,18;22,24,26,28,49? -> 1
1,2,10,20? -> 1
4,18? -> 3
1,4,11,15;16,20. -> 1
1,7:10,14,18,21,29. -> 1
1,8,9,15! -> 1
1.4. -> 5
3,8,9. -> 2
9,17,24,33. -> 1
3,4,12,20. -> 1
5,13,23;24,29,34. -> 1
4,6,7,12;14,16,24. -> 1
6,7,12,16,32,40. -> 1
5:9-14. -> 1
14-23? -> 1
11-16,25,33,40,49. -> 1
2,14,27,32,37,39,46;49,52,56;59,65,68;79;83:89,98,112,119,120;130. -> 1
9,10,13? -> 1
1,3,19! -> 1
8;14,17,20;22,23,31. -> 1
1,2,9,14,21. -> 1
11-13,25. -> 1
1,4,9,14,22,27. -> 1
7,9,12,15. -> 1
5.8. -> 1
6,10,11,15. -> 1
6,8,9? -> 1
2,3,5,14(29,40.40) -> 1
7,8,10,13,19. -> 1
3;8;12,18. -> 1
3,7,17,19,23,26,35,38,46,51,52,56,57,62,68,72,85,102,106,114,121,122,124,125,128,131,132,133,134,135,136,139:140;141. -> 1
3,8;25. -> 1
4[5]5;12,26-27,29,35,47. -> 1
5,9;17. -> 3
13,16,22,26,34. -> 1
1,18,26,34;42,51. -> 1
7,10-12,15,17,20,23-24;26,27-29,30-32;36. -> 1
14;25,34,39. -> 1
19,20,23,26. -> 1
4,15:24,38:46. -> 1
9;20,23. -> 1
2,8,16,18-19,24,32. -> 1
1,4;5,8! -> 3
1,4,7:13. -> 1
4,5,6,8,9,15,24;28,37,43. -> 1
4,6,11,19. -> 2
5,7,15? -> 2
1,4,13,22,25,29;38,45,49. -> 1
1,2,9,18. -> 1
5,6;14,18. -> 1
6,18;20(26)33. -> 1
9:25,30,33;38,43,53. -> 1
9,13-14,18,28,46. -> 1
1,4,9,17. -> 3
3,5.12. -> 1
2,11;13,23. -> 1
9,18,28. -> 1
3,12,13,15,27. -> 1
5,6,8,22,33;41,50,60,63,64,69. -> 1
6,15,19;24. -> 1
1,2,7,27? -> 1
1,2,3,4,5! -> 4
3,4;5,6;12. -> 1
1;5,8. -> 1
5,11:13,15;19;27. -> 1
10,14,20,29. -> 1
6,20,25. -> 1
1,4,16,30. -> 1
6,8,11,13. -> 1
6,12,13,15. -> 2
2,4,17,26(33)35,42. -> 1
2,4,6-18.21,22,36. -> 1
5;12,22? -> 1
14,23,41,50? -> 1
6;9,11. -> 1
9;18;19,26;32;42. -> 1
3,4(7)7,10. -> 1
7,9,15;27. -> 1
5,9,16. -> 4
4,9,10,18. -> 1
1,29-30. -> 1
5,8,11,17;19,21,25,32. -> 1
6,7,8,16. -> 1
0[11. -> 2
1,2,3,7,10. -> 1
2,11;23,26:51,63,75. -> 1
8;29. -> 1
1,2,9,17,25,33;34,49,59. -> 1
4,5;9,11. -> 1
0]2,3,6. -> 2
11,18-23. -> 1
3,4,12,13,15,19,21,23,25,35. -> 1
2,7,14,32,39,49,59,64,69. -> 1
2,3,4,5,6,7,8,12. -> 1
4:9. -> 7
7,14;24. -> 1
6,8,12,19? -> 1
2,15,22,31,37. -> 1
4,9,17,21. -> 1
4,5,8,11,20. -> 1
4,6,8,16,23;31,35,45. -> 1
5;12,15. -> 1
9;11,16. -> 1
4,12.13. -> 1
8,20,33. -> 1
0-0-0-0-0-2:4,7,14. -> 1
4,7,17,25,34. -> 1
3,11,26. -> 1
0]2,8? -> 1
0[4,12. -> 1
9,14.21;26. -> 1
3,4;19,21.22! -> 1
2,4;5,7. -> 2
3,8,11,16,24;26,32,38. -> 1
1,5,15. -> 4
0]3,7,16. -> 1
2,4,10,16. -> 3
1,5-8,13,27,45. -> 1
6,9;18,20,26,33. -> 1
2,7,22. -> 6
1,2;13,14. -> 1
4,15-19. -> 1
3,8;11,12,18. -> 1
1,8,17? -> 2
7;8,15,21,25. -> 1
1,4,6,12,18! -> 1
6-7,10. -> 1
1,4,6! -> 5
1,8,17. -> 14
4;9,13,17. -> 1
5,9,19,27,28,30,34,38,41. -> 1
3;11,18. -> 2
1,5:11,14,16,21;25,30. -> 1
4-6,7,10? -> 1
1,7,15,25,34,36,38,42:50,54,57. -> 1
2:4,11. -> 1
6,16-17;26,34,43,49. -> 1
2,10,19,27. -> 1
1,2;11,20. -> 1
15,23,31? -> 1
6,10;11,15. -> 1
15-16,20. -> 1
1,3,4;8. -> 1
10;19,22,26. -> 1
12,19,27? -> 2
3,11,18,24. -> 1
6;7,11;16-17,20. -> 1
1,3,6,8,13,18. -> 1
7,12,24,41? -> 1
1,13;21,30. -> 1
5,9,17,25,33,42,51. -> 1
1,14,23,28. -> 1
7,13! -> 3
8,14,25,32. -> 1
3,4,9,17;21,23;32,33,35,38,44-46. -> 1
4,9;18. -> 4
3,4,9:20,23,28. -> 1
7;9. -> 3
7,20,23-31,35,39. -> 1
2,15,19,27,39;49,50,56,61,71,78,91. -> 1
10,15,17,29. -> 1
7,11,15;23,31,36. -> 1
4,7,10,13,21,28. -> 1
5,7,10:18,23;26,27. -> 1
10,15,17,20,26. -> 1
8,15,33. -> 1
9,19;27. -> 1
3,6,14. -> 9
10,12,14,18,20,22,24-25;27,29,33. -> 1
9-10,19,23. -> 1
2,3,8,17:26,35,44. -> 1
3-5-6. -> 1
10,11,14,19,24,25,29. -> 1
1? -> 355
1,25? -> 1
0]15! -> 1
4,14,23-27? -> 1
4,8,14. -> 6
1,2,16,30. -> 1
9,11,23. -> 1
10,19-20. -> 1
1,2,7;19;28,30,35.38. -> 1
7,14;28;33,34,38,44. -> 1
7,12,15,16,19,22;25,31,35,52;60,63,68,72,74,75,78,85. -> 1
9;10,15. -> 2
10,21,28. -> 1
8,13-17;23,29. -> 1
5,8;15;21. -> 1
15-16-17,19,20,21,22,23,24! -> 1
17-19,27. -> 2
1,6,14;19,28. -> 1
4,9;11,13. -> 1
1,9,17:25;30,35. -> 1
9;10-18;21,27. -> 1
3,4,7,16:19. -> 1
3,7,14. -> 8
3,9,18. -> 9
1,15,17,18,20. -> 1
15,24,35,42. -> 1
1,2,8,12,16. -> 2
4;6,7. -> 3
3;29. -> 1
9,10,13,18. -> 2
1,8,12,22. -> 1
4,5,12,25. -> 1
17,25. -> 5
1,2,5,6,10;18,20,22,28. -> 1
1,2,3,5;17. -> 1
10,21-26? -> 1
2,8,14,25;34. -> 1
11,16. -> 16
2,3,16,26. -> 1
1,3,8,14;28,34. -> 1
3;7,9,15. -> 1
3,6,7,9,13,24,26,28,30,41,43,45,47. -> 1
8;9,16. -> 1
3,4,11;12,21,23,27. -> 1
10(17)17,25. -> 1
8,16;35. -> 1
3,6,12,15. -> 1
16,31;43. -> 1
7,21,36? -> 1
8,11,16,27,31,37,42,48. -> 1
8,17,22,29,35;39,47. -> 1
3,13,18. -> 1
4-6,7;11. -> 1
10-11;27. -> 1
2,3,7,14,21,32. -> 1
6;7,10. -> 1
5,10;15,18. -> 1
2,5,8,14. -> 1
4,5,7;16. -> 1
3,4,8,18. -> 1
1,4;10,21,30. -> 1
7,9-10,15,19,24,36. -> 1
4,9,13-18,26. -> 1
7,9,21,25. -> 1
1,5;15,24. -> 1
4,7,9,11,15. -> 1
4,12,18,25. -> 1
1,8,13,16.17. -> 1
1,2;4,8,12. -> 1
6-8. -> 5
1,3,12,17,25,32. -> 1
1:2. -> 2
9,20,35. -> 1
1,2,5,8-11,12,13,23,35. -> 1
4,8,16,23. -> 1
6,10,14,19,27. -> 1
9,12,16,25,29,31,40,48. -> 1
1,5;13. -> 4
7,8,16,18,27,32. -> 1
3;6,11. -> 2
1,2;8,15,23. -> 1
5:10;21. -> 1
1,2,7,10,35. -> 1
2,12,18,24? -> 1
5,9,19;27,38. -> 1
3,4,5,16,21. -> 1
5,11;24. -> 1
4;5,19-20. -> 1
1,3;7,10. -> 1
4,10,13. -> 3
5;6,9,13;19. -> 1
4,5. -> 195
2,4;5,9. -> 1
0]9,13. -> 1
2,3,9-10-13. -> 1
1,2,4,8;17,25,28,29,44. -> 1
1,4,6,19. -> 2
11,23,27;29,31,33,36,37! -> 1
2,4,9;16,20,21,22,23,30. -> 1
6:14,24:25,29,36. -> 1
2,7,10,19;34,38. -> 1
4,11,18,24,28,35,40,48;52,59,62. -> 1
8,9,17,23,27,44. -> 1
1,3,7,11,15. -> 1
5,7;15. -> 2
2,6,9;18,20,27. -> 1
3,4,9,19;27,36,37? -> 1
7,11,14,18,22. -> 1
2,3,8,12,16,20. -> 1
11;20,32. -> 1
2,3,9,19,24. -> 1
1,2,8,10-12? -> 1
1,2,5,8;12,22. -> 1
3,5,9,16? -> 1
5,7(8,10,12)17;23. -> 1
9,10,15,21. -> 2
17,25;44,53;58,66. -> 1
5;8,17,20,31. -> 1
2;17,24:36,41. -> 1
11-12. -> 6
7;10,13. -> 1
6;9,10! -> 1
5,9;15,19,28,37;41-46,48,55. -> 1
9,18,30:39,45;56;64. -> 1
2,5;11:17? -> 1
1,2,6,11. -> 5
5.7. -> 7
6;11. -> 17
1.2,3. -> 1
6;10,13,17-19. -> 1
6,10;15,20. -> 3
12:17,30? -> 1
15;24,32,48,62,65[66]66,68,81,91,105,118,128,138. -> 1
0]1,2-3,4,5,6,7! -> 1
9,11,18,25. -> 1
5,8,17,23,24,25,30. -> 1
2,3,5;9. -> 1
8,17;24,30,47. -> 1
17,22. -> 3
10,16,24,26,30,31,39. -> 1
7,14,21. -> 1
5,7,13;19,32;37,41? -> 1
1,3,18. -> 5
4,6,8;14,20,27,28,33,40,54. -> 1
3,6;11,17,22. -> 1
6,8,13;24. -> 1
2-3! -> 5
13;18,25,34. -> 1
16.21,26,31. -> 1
12,17,23. -> 1
1;5,10. -> 2
1,2,11,21! -> 1
1,2;6,8. -> 1
3,4,6-8? -> 1
1,2;3,7. -> 1
7,9;18. -> 1
1,2,4;5,8. -> 1
1,5,19. -> 1
3)32. -> 1
1,2,9,27. -> 1
2,8:14,23. -> 1
15,23? -> 1
5,11;12,14. -> 1
4,5,7;12,15:20,26. -> 1
3,4,11:12,15,26;35;36,37,40,49,54,61,68. -> 1
7:15;22. -> 1
2-3.5. -> 2
2,4,11? -> 5
7,9,13,15,17,26;29,37;44. -> 1
4,6,9,11,16,23:29,32,34,35,38,40,44,49,54. -> 1
1,2,3,6,9,10,16,20. -> 1
14,22;26,31,40. -> 1
4,8,20. -> 5
1,2,5;7,10? -> 1
5:18,25;34,40. -> 1
2;9,14,23,27. -> 1
10,14,16. -> 1
4;6,10. -> 1
5;7,10;13,14;17,18;20,22. -> 1
6,10,19,29,37-38,44-46? -> 1
1,4;8,10. -> 1
1,2,23,40,44,47,51,54,63. -> 1
4,8,9,10,11,20. -> 1
4,6,7,10,17? -> 1
1,5:9,12,15. -> 1
18,25,33,37-42,45,48,51,56. -> 1
7,16,19. -> 1
3,8;16. -> 4
0]1,2,4! -> 2
18,22,24,26,34,40. -> 1
4,10,17,23. -> 1
1,2,3,7,14. -> 1
4:8,10,19. -> 1
1,7,20,24. -> 1
1,3,16,25. -> 2
0]3;15. -> 1
9,11,12,14,15,16,18,20,21,24,28,36. -> 1
8;10,12,17:28,42. -> 1
8,9,12,16? -> 1
2,9,11-17,25,28,33. -> 1
1,3,9,13,17,25. -> 1
1,2,10,13. -> 1
1,8,16. -> 13
7,15;19,23,32;35,41,46,52. -> 1
1,2;10. -> 6
1,2,4;7,12. -> 1
2,4,5,10,16. -> 1
19,33? -> 1
6,14,18,28. -> 1
11,15,22,30. -> 1
1! -> 835
4,7,8,10? -> 1
10,11,19,23,28. -> 1
1,2,6;11. -> 2
8,15,18. -> 1
13. -> 298
1,4,9:17? -> 1
4,8,11,17;18,20,25. -> 1
5,11,23,24,26,36. -> 1
8,19. -> 20
2,10,14. -> 4
3,4,6,10;20. -> 1
2,4,6,8,10. -> 1
4;7,8. -> 3
1-2,4? -> 2
1,4;11,12,15,17,26. -> 1
4,5,7,9;22,24,27,34;39,57,65,68,75. -> 1
9:11,15;18,21;26,28;32,37,38,42,43,46,53,55,58;61,64,67,70,73. -> 1
1,12;22. -> 1
9,16,21,25,28:36,41;45,46. -> 1
1,6,9. -> 12
7,16;26,28,30,34:36,44,51:60,62-70. -> 1
4;8,12,16:20,24;34. -> 1
4;12,15,30. -> 1
14,16,18. -> 1
1,3;7,17. -> 1
2,5,8;15;19,24,29. -> 1
10,16,18,20,27,39,42,43,44,46. -> 1
3,4,9.10. -> 1
4,5,10,18. -> 3
1,5,6,11. -> 2
3,8,10,14,16. -> 1
1,9,11? -> 1
3,7;8,10,16,20. -> 1
9-10,11,12,15,22,33. -> 1
4,9;19,29. -> 1
1,3,10,18,33. -> 1
1,2,3,9,17. -> 1
1,16:20,21,25. -> 1
1-4,10,19! -> 1
3;6,9,14,32. -> 1
1,5,6,8,9,12. -> 1
9;11,18;21,23. -> 1
3,8;16,24. -> 1
4,5,8,10:20? -> 1
9;18;27;31,35;45,51. -> 1
0-0-0-0-0-4. -> 1
3,9;17;25. -> 1
3,7,10,12! -> 1
2,5;6,8,14. -> 1
17,18,25,26,27,29. -> 1
1,5,7,15,21. -> 1
1,9,19? -> 1
3,4,7,15,22. -> 1
2,3,10,13,20,22. -> 1
7;9,17,20,24,32,41. -> 1
3,12,16. -> 2
1,2,3,23. -> 1
2,10,13. -> 1
1,5,11;14,18,24. -> 1
5-6;10. -> 1
8,23,32. -> 3
5:10. -> 8
9;17,25. -> 2
6,9,12,18. -> 1
1,10,17,22,30;32,38,50,54. -> 1
1,6,17. -> 2
0[5,6,7,11. -> 1
9(10. -> 1
4;5,7. -> 1
3,4,9,15,31. -> 1
10;18? -> 1
4,10! -> 16
8,12,14-15,17. -> 1
0[3,5. -> 1
2,4;5,10,12:15,27;28,34. -> 1
4(9)9. -> 1
22,44? -> 1
4;5,18. -> 1
3;4,9. -> 2
1,7,9,16. -> 1
1,3;16. -> 1
16,17,20,35. -> 1
4-7;12. -> 1
2-10,18;30,37,44,48,55,68-70. -> 1
1,17-20,23,28,35. -> 1
2,6,7,9. -> 1
1,10;14,18,19,26,30. -> 1
8,14,18. -> 2
7;19,24,33,41;52(62)69,77. -> 1
5,14,17,23. -> 1
1,5,12. -> 10
1,2,14,23. -> 1
3,6,10:24;31. -> 1
8;11,16,20,25. -> 1
11,12,28. -> 1
4,9,20. -> 1
0-0-0-0-0-12,26. -> 1
2,7,13;22. -> 1
1,2,3,9,19;28. -> 1
2,4-6,14,16,23,27? -> 1
0[6,10;16,17.22;26. -> 1
1,3,8,12;16,17. -> 1
9,10,11,15. -> 1
14;23,27:38,47,53:58? -> 1
7-16. -> 2
3,4,16,22. -> 2
10,17:34,37,38,41. -> 1
4,5,6,7,11,17,24;30,36. -> 1
1,2;13:20,30,35. -> 1
10,13,21,25,28. -> 1
5,18,22,28. -> 1
7;14. -> 15
5,12,15. -> 2
2,3;12,17. -> 2
5,7,16;29. -> 1
6;18. -> 2
1,4-7,13. -> 1
1.11. -> 1
2-2-4. -> 2
7-8-9,19,26;34,35,36,48,56;63,67,72,74,77-78;88,92-98;115,132-133,138. -> 1
2,3,15,20. -> 1
9:14,23,26. -> 1
6,10,18. -> 5
6;17,27,35,46. -> 1
7;11,23? -> 1
2,5,13,15,21:31? -> 1
0[8,13;16:16]17. -> 1
0[4.4] -> 44
3,7,10,16:27,42,49,54;58,69,77;87,95,104,112;117,126,131,139,148. -> 1
2,3,8,11,17,22? -> 1
7-8,18. -> 3
3,4,5,6,11. -> 1
4,6,14,23? -> 1
1,3,7,21,28. -> 1
8,15,16,17,19,20,25,29,36,40,47,57,66? -> 1
8;11,16. -> 1
11,18,26,27,31,35;39,42. -> 1
1,18? -> 1
2,11,18? -> 1
5,14,22,28. -> 1
6:8,11;13,16;18,21;23,26;28,31;33,37;39,42. -> 1
3,6.7. -> 1
6,7,11,18. -> 1
5;10;17,21;26;31,37. -> 1
1,4,5-6. -> 1
1,4,8-23,31,38.42. -> 1
6;19,28,32,36. -> 1
3,4,13. -> 11
4,6,11:15,19. -> 1
1,4;11? -> 1
2,9,17,20,27;46,52,53,58,73. -> 1
1;9. -> 1
1,6;9,15,22;25,26,41. -> 1
2,4,13,19. -> 2
6,9,12,16,24,27-28,33,37,41,42. -> 1
7;25. -> 1
6,9,12,16,22,25-26,31,35,39,40. -> 1
6,15,24? -> 1
3,5;8. -> 5
7,10;17,19,22,25. -> 1
4,9;18,24,24(25,27,31,36)45. -> 1
3,5,9,16. -> 3
3,5,11;17,26,29. -> 1
0]14,19. -> 1
17,24,31,35,39. -> 1
1,5,14,23,32. -> 1
4,6,10! -> 3
4,8,16,17,22,27. -> 1
2,8,12,21. -> 1
3,7,23,31,34,35. -> 1
1,4,11;20. -> 1
3,11:13,17,19. -> 1
2,11,16,21. -> 1
2,5,11. -> 7
19,23,28. -> 1
14,21. -> 14
2,7,9,17. -> 1
14-15,30. -> 1
4-6,10,23,31,32-33,40,42-44,49. -> 1
3(9)17;27. -> 1
13,17,24,31:42. -> 1
5;6,8,12. -> 1
4,7;14;23. -> 1
2,18,21,22,25,33. -> 1
3,4,7;10,11,12,14. -> 1
8,12,15,18,22. -> 1
2,6,10,20;27,37. -> 1
2,3;14,19. -> 1
9,17,25. -> 7
0]4,7,13,20,21,27;39,49,52,55. -> 1
6:13,23. -> 1
4,6;13,23;26;27,30,36. -> 1
5,9-10. -> 2
1-4,6,9. -> 1
1,2,3-4. -> 1
3;5,7! -> 1
9;18. -> 19
5,14.15. -> 1
5,6;7,9. -> 1
9:19. -> 1
12,20;27,32. -> 1
2,6,12. -> 6
1,2,5,14,24. -> 1
15.16. -> 3
5:7,15,25. -> 1
3,8,12,15. -> 1
1-2. -> 7
1,4,8,13,17,21,25,29,36,41,45,57. -> 1
1,4,10,10(16)20,24,43;47,52,60,63. -> 1
1,2,7;11,16,25! -> 1
5,9,10,13,17:25,32. -> 1
26,33,40,47,54,57,69,75;79,85. -> 1
4,9,15. -> 11
3,5-11! -> 1
8:17,25. -> 1
9;11,15,17,22,29,34;42. -> 1
0]3,4,10? -> 1
1,6,10,20. -> 2
2,6,14;15,16,19,26. -> 1
2,7;20. -> 1
1,6;10;14. -> 1
1,3:8,15? -> 1
19! -> 4
2,13,16. -> 4
3,4,6(11)17;27,32. -> 1
2,4,17;24,29,31,34,44. -> 1
3,7,11,14,27,33,47. -> 1
3,4,5. -> 14
23,27,32,36! -> 1
8,18,23,31,32,34. -> 1
4,7,14;17,22. -> 1
5,10,25,26:33-35,42,46,50,58,61,64;72,75,78,85,87,94:98,109,113! -> 1
9,16,18,21. -> 1
2,5,20? -> 1
6,7,11,16. -> 2
1,7,12,17. -> 1
1,6,16,21:26,32;36,46. -> 1
10,14,20,20(31,31)35,45. -> 1
4,15,20,28;29,33,37,50,59? -> 1
1,5,13? -> 1
9,13,14.16-17-22. -> 1
1,4:12,14. -> 1
14:22. -> 1
0]6,13? -> 1
10-12,15,23. -> 1
8,17;21,27,44. -> 1
10,14,24,32,35. -> 1
1,8,12. -> 9
2,4,7,18. -> 1
1,2,3,11. -> 2
9;10,13,28. -> 1
6,10;14,21,27. -> 1
15,22,31. -> 1
3,23. -> 3
4:4[10.10] -> 1
2,10;16,24. -> 1
2,6,14,20. -> 1
7,11,30. -> 1
8,19,24,30,42! -> 1
2,5,6-8,10,12:22. -> 1
1,7,12,15,19,33,43. -> 1
5;11,16. -> 1
7,14,30. -> 1
2,3,4,8,20! -> 1
2;8.11,13,19;22,28,34. -> 1
9-10! -> 1
5,7,9! -> 3
8,12;22. -> 1
9,18;32. -> 1
6,10,16,21. -> 1
5,10,22. -> 3
4,9,12-13,24,32,36,41. -> 1
1,2,3,9,13. -> 1
10,19,28. -> 2
1,7,8,16,24! -> 1
9,24,25,28-29. -> 1
4,5,7,12,17,17(24,24)31,36:39,46,51,58,63. -> 1
1,4,9,19. -> 2
7,12,14? -> 1
1,3,5,13,18. -> 1
4-10. -> 1
4,10,18,25,32,41,49,63,64,68,81,88. -> 1
7,10,18,21,22,27,28,30,33,34,37,40,42,43,56,61-65. -> 1
1,4,9,19,21,26. -> 1
1,6,12. -> 11
7;15;22,33,44. -> 1
7,10;14,17;21,24;28,31;35,38;42,45;49,53;61,65,69,77,89. -> 1
5;9,10,24. -> 1
0]3;11,21. -> 1
8;17;18,21,25;34. -> 1
3,4,14;21,24,36,45,49. -> 1
4,7,9,14,17. -> 1
7;12,17,20. -> 1
8,24-26. -> 1
2,8.9. -> 2
17,21,25,27,33,42,45,49. -> 1
2,8;22. -> 1
1,2,6,10,11,16,25? -> 1
1,4,10,15. -> 2
2,3,6,11,14,35,47. -> 1
8:17. -> 1
3,18,21? -> 1
3,7,9,11;19,21,23,26. -> 1
10,15,18. -> 1
3,4,9;17. -> 1
1,6,11! -> 3
2,7,16;17,22,25,29,44. -> 1
8,16,20:31,40,48,57;67,75. -> 1
1,8;18;28,30,36,39,45. -> 1
2,9,26,35,39. -> 1
1,4,5. -> 36
4,6,9;13,19. -> 1
8,12-18,22,34;40:42,50. -> 1
6-9,16. -> 1
7,8,13. -> 4
9,13;19. -> 2
1,3;10. -> 6
1,3:8,16. -> 1
5-6? -> 2
1,4,10,12,16,26,28,33.35,41. -> 1
19,20. -> 1
5,9,12,17,25. -> 1
5,9,12,16. -> 2
2,3;10,28. -> 1
7,10,31? -> 1
1,2,4,8? -> 5
5,8,9,13,16? -> 1
6,11,13,15. -> 1
8,16;18,25,27,34. -> 1
3,21,34. -> 1
3,4,6,8,12,22,36,44. -> 1
4,10,13;27. -> 1
6,13;17,27. -> 1
4;5,8;13,14,16,18,20,26. -> 1
1,2,9.13,17,25-26;30,36,52. -> 1
6,19:23;24,31,44. -> 1
2,3,8,16,23,27,28,29. -> 1
22;36,41. -> 1
1,2,10;11,12,18. -> 1
2,5,8. -> 10
3,9,15,22. -> 1
6-7-8,10-13,19-21-22,27,31,36,43,48,53:55,56,58,67,73,77,85,90. -> 1
2,6,8,9. -> 2
1,2,5,10;14. -> 1
24,28,33,38. -> 1
12,20,31. -> 1
7;14,16,18,20,28;43,47,48,49,50,68. -> 1
4,7,10,14,16,22,26,34,41. -> 1
3,5,9,19? -> 1
3,12,23,35. -> 1
3,8,15. -> 9
4,7,12. -> 9
6,32. -> 3
18,27,32,45. -> 1
11;20,24,25,26. -> 1
3,9,17? -> 2
1)1,3,7,13,16,22,31,43. -> 3
2,7,15;32;39,47. -> 1
6,7,11,16,21;25,30. -> 1
3,8,13. -> 3
1,11,15:23,40. -> 1
1,8;14. -> 3
3,10,14,23,27-28. -> 1
13,25-26. -> 1
1,2,4,6. -> 6
5,18,33? -> 1
2,4,13,17. -> 1
5,9,10-10-11,14,24:34-36,41;43,53,55,60. -> 1
4,24;25,28,33. -> 1
5,9,13. -> 7
5,17:32,47;51,53,62,65. -> 1
11,17,33. -> 1
1,19. -> 10
4,21. -> 4
7,9,18;23,28,29,31,32,35,36,37,38,39,40,43,46;56,69;73,76;79,82;86,90;107,125. -> 1
1,2,4,9,11,16,29. -> 1
3,6,8:11,17,18,20,27. -> 1
1,10,19,25. -> 1
1,5,19:21,23,25,29,29(36)40. -> 1
4,5,11,15,18. -> 2
1,4,14,19? -> 1
4-8,18. -> 1
5;8;16. -> 2
7-8. -> 14
1,5,8,18,23:25-31,34,37,39-43,46,55;61,65,69;74,86,92. -> 1
26,36-36-37-38,50-51. -> 1
6-7,14,25. -> 1
4;7:13,22. -> 1
7,9,21. -> 2
2,3,7,16.17. -> 1
4,7-9,17. -> 1
18;26;27,28,33. -> 1
18,24. -> 1
5,6;10,11. -> 1
12,20,26,32. -> 1
1,4,5,7,11:18,20! -> 1
1,6;8,13. -> 1
8,21-22,26. -> 1
3,5,12,17. -> 2
5;12,20. -> 1
6;16,22. -> 1
8,12,16,22. -> 1
3,13-14. -> 1
4,6,9,16. -> 2
8.21. -> 1
9,17,25;33,36,42,60. -> 1
24;31,34,40! -> 1
9,15,25,30,48;56,66. -> 1
8,11,15,25? -> 1
3,12? -> 6
3,4,13,17. -> 1
5,16,22-33. -> 1
2,3,6,10,13,17! -> 1
1,9.15,20;25,30. -> 1
6,9,13,19. -> 2
1,4,8,13. -> 2
4,6,14,23,27,31. -> 1
2,3,12;22. -> 1
1,2,8,14,19. -> 1
14-15. -> 4
13,25,37,44? -> 1
5,10,14,30. -> 1
1,10,19! -> 1
5,11;17-18-20,26,29. -> 1
1,11,23;24,34. -> 1
5.5[6. -> 1
1,5,6. -> 15
10,13,20,22;24. -> 1
1,7,15,18,20:33. -> 1
11,13. -> 6
7,27;33-39-45-46,47,49,54. -> 1
6:7,15,20;21,24,32,37. -> 1
8;11;24. -> 1
7;14[15]22,28. -> 1
2,3,5,13. -> 2
5,9,13,18,24,28;44. -> 1
1,2,20;30,38,43. -> 1
9,18,21,27. -> 1
2,9,15;25,30,35. -> 1
12;19? -> 1
10,16;22,23,30;38,42;48;61;84. -> 1
6,8,13;22,28. -> 1
8,12;21,24. -> 1
6,11;18,24. -> 1
4,12,19. -> 2
1,2,3,9,11,14. -> 1
1,3,8,21. -> 1
2,3-7,12,17,26. -> 1
4,7,10,13,17,19,21:24,28,34,43-44,57,58,73. -> 1
9:17. -> 3
3,6;20. -> 1
4:12. -> 2
5;9,17,26,33. -> 1
7,14,24. -> 1
9,19,21. -> 1
5,6,9,21;46. -> 1
10,17,33,37. -> 1
6,8,16,25. -> 1
10,18;27,40,43. -> 1
4,5:13,16. -> 1
1,4,8,16? -> 1
1-2,4-5,9. -> 2
3,7,11,20,28. -> 1
4,7,8. -> 8
6,15,16,22. -> 1
2,3,9;11,12,17. -> 1
3,4,11,24! -> 1
2:12,17. -> 1
2,5,8,14,23,27,39,40,43,45,55. -> 1
3,12,15,20,30. -> 1
9,10,19. -> 1
4,12;16,23,29. -> 1
3,4:16. -> 1
6,14;21,30,35. -> 1
3-7,10,11,13:19,24-25.29. -> 1
7,12,20,21,27,37,39,43. -> 1
7,22. -> 12
8;11,18. -> 1
6-8,25-34:43,51,56,60,67. -> 1
5,10,13,22. -> 1
1,9,11,13. -> 1
9,18,25,36. -> 1
10,16,24,32,41,50,58,67,73,83. -> 1
1,4;8,11:18. -> 1
1,5,21. -> 4
1,4,6,20? -> 1
5;10,11,17. -> 1
6-7-8,13-14-23,26? -> 1
6.22;31. -> 1
5;7,10,14. -> 1
10;18,23,24,30,33. -> 1
3-14. -> 1
21;22,36,37,40,55,66,72,73. -> 1
3,5,12;27,31,45,49. -> 1
1,2,4,10,14,18,23. -> 1
4,11-17. -> 1
16,21,32? -> 1
8,17,29,38? -> 1
4,12,25. -> 1
5,9,14,21,28,37? -> 1
4,7,15. -> 6
10,16,20? -> 1
15;23,27. -> 2
3,4,5,7,8-10,12,14;15,16,17,18,19,22,25. -> 1
3,11;22. -> 1
6,18,26,36. -> 1
7,24,28,33,36,39. -> 1
1,2,7,20. -> 1
4,7;14,21,45. -> 1
1,6,12-24,36. -> 1
15;25,26,28! -> 1
15,17;30. -> 1
3,8,14,19. -> 1
5,12,18,22. -> 1
1-2-4! -> 1
15,21,26,36. -> 1
7,16;52. -> 1
2,4,10,25. -> 1
5,8,10,13,15,17? -> 1
12,19,25-26,37. -> 1
5,7,16. -> 6
1,5,12,21. -> 1
4,17-19. -> 1
0]0[7,13,18. -> 1
9,10,15-17,20,25. -> 1
12:15,20;30. -> 1
10,11,18. -> 1
11,22,24,26,28. -> 1
2,8,12;24-25. -> 1
8,10,14,20;24,29,32;33,37,41-42. -> 1
11;22,30. -> 1
7-8;18. -> 1
2,3:7? -> 1
4,10,25,38. -> 1
4,21,23,25,27! -> 1
1,3,5,13,18,23,31. -> 1
3,16;23. -> 1
2,7,15,23. -> 2
2,3,15,24. -> 1
22-26;34,46;57,63,64,68,72,77. -> 1
7,15,16,19,31. -> 1
7,18,27,35,39,42,50. -> 1
4,8,17,37. -> 1
9,15,19. -> 2
3,14;24,32. -> 1
16;32. -> 1
3,4-5,9. -> 1
1,3,12? -> 2
16,20. -> 3
31? -> 1
2,4,10,17,21? -> 1
3,5,13. -> 5
1,6,10! -> 2
19,30,39? -> 1
13,16! -> 2
1,3,8,9. -> 2
12,18,25,36. -> 1
4,7,11-15. -> 1
2,7! -> 24
3,10,26. -> 1
6,9;11,14. -> 1
3,7,12,20,27,34. -> 1
8,11,13. -> 1
4;5,12,22. -> 1
1,4,10,26. -> 1
16,23,40. -> 1
4,16,21,24. -> 2
2,9,19. -> 5
4,7,14,20,22. -> 1
11,16,21,26. -> 1
1,6;8,10. -> 1
5,13,21-22,31,37. -> 1
3,9,20,25:33,40. -> 1
4,11,18,22? -> 1
5,14;20. -> 1
1,3,12,31. -> 1
1,6,15! -> 2
5,6,8? -> 3
4,9,17;34,37. -> 1
1,3,7;16,28. -> 1
2,5,15,18. -> 1
7;10,16,25. -> 1
18:26. -> 1
1,9,10,19,36;44,51;59;65,69,73-81. -> 1
1,3,10.11. -> 1
2,7,10,23. -> 1
1,19! -> 3
16,25,32. -> 3
11,12,13,14,19,25,26,30,45-46. -> 1
4,8,18. -> 7
1,10,12,15,23;24,26,36,38,41,45. -> 1
1,4,5,9. -> 3
2:7;12-14;22-23. -> 1
17? -> 46
4,5,7,26.30,36,53. -> 1
1,8:10,20,31. -> 1
5,11,20,24. -> 1
7;12;20,23,29,34. -> 1
1,2,5,10.10[14. -> 1
6,9,19,26. -> 1
1,7,8,13,21,23,29. -> 1
1,2,7,15! -> 2
1,3,9,26. -> 1
1,3-8,22? -> 1
3;7? -> 1
5,18-19;23,27,34. -> 1
3,11,30. -> 1
8,9;10,11,13. -> 1
1,2,17? -> 4
6,7,11,13. -> 1
1,8,12,17? -> 1
2,8;15,18. -> 1
11,12,14,20;21,22,30,40,42,49,58,67.68. -> 1
1,4,9,13,19. -> 1
2,8,17,26;35. -> 1
1,2,7-8. -> 1
5,15,17. -> 1
3,7,12;16. -> 1
1,11;22:34. -> 1
5,11,15,20,24,26;28,32,37;40. -> 1
2,9:14. -> 2
6,9,12,19,23. -> 1
4-5:16? -> 1
1,2-5,14;25,27;45,51;62-65? -> 1
3;4,6,7. -> 1
3,11,23. -> 1
5,9,10,11,13,18,22,28. -> 1
18,22. -> 3
3,4,9,18,24,29;47. -> 1
1,7,11. -> 5
4,5,8;12;18,22,27,30. -> 1
7,13.35? -> 1
1,8-10! -> 1
18,41;42,45,54. -> 1
7,18:25,36. -> 1
8,20,30. -> 1
9,20,25. -> 1
1,2,10,12,18-19,33,40,50. -> 1
4;5,8,10;13,18,22:27,31;38. -> 1
3,8,16. -> 10
3,4;10:25? -> 1
4:10;13;26:30,35,44,47,48,52. -> 1
3,4,18;19,27,34,43,57,61,65,66,67,68! -> 1
4;18. -> 5
1,3,9,14,20. -> 1
3,7,11;15,22. -> 1
13,19,26? -> 1
6,8,10,26. -> 1
10,15,20. -> 2
5,9;11;24. -> 1
10,13,25. -> 1
1,13,22.23. -> 1
2;12-13. -> 1
1,3-5,14:22,29. -> 1
5,7,9,12,20. -> 1
0]2,6,10,19,23:31. -> 1
0]6;12. -> 1
5,6,8;13,21. -> 1
1,2-4! -> 1
15,40,48,56. -> 1
4,9;10,14,15,19,22. -> 1
7,13,16. -> 3
1,2;12. -> 3
0]7! -> 3
6,7,9,18? -> 1
5,11,13. -> 2
1,8,19:24,25,26,34;42-59. -> 1
2,4,10,12,14,17. -> 1
3,32. -> 1
7,12,16. -> 3
0]3,7;8,11,19. -> 1
7,14;18,24. -> 1
5,15,19. -> 1
2,6,8,12. -> 1
3,8,14,24. -> 1
14,28;30,39. -> 1
1,3.4. -> 2
3,10,24. -> 1
13,18-20. -> 1
10,20,26,32;44. -> 1
2,8? -> 26
1,2,4,8,25. -> 1
7;10,17-20. -> 1
3,4;10. -> 3
3,4,5,8. -> 2
6,15,22. -> 5
1,3,7,9,11! -> 1
2,3;4,6. -> 1
1,2:11. -> 1
2,7,13? -> 2
7-8? -> 5
5,8,11,16,21,26;34,38,42;45;51. -> 1
5:14. -> 2
8;9,22,25,28. -> 1
7,12,17,24;26,29,35. -> 1
9;10,13,17,19,22. -> 1
5,15;21,23. -> 1
10,18-24;32,38. -> 1
1,12-19,22,29,30,34,44. -> 1
9,17,27,36,46,63. -> 1
4,8,9? -> 1
9,15,19,22. -> 1
1:11. -> 1
2,13,21. -> 1
1,4:9;13,23. -> 1
3,7,10. -> 11
4,17,26,32,42,50;66,71,80. -> 1
3,7,9. -> 7
4,5;9,15-16. -> 1
3,5;24,29,32,36;49,67? -> 1
5:8,18. -> 1
1,16,26,34,42;56. -> 1
1,8,10,17;19,31;37,42-49. -> 1
1,6,15,22. -> 1
4,10,16,27-31. -> 1
8,15:21? -> 1
8,11,23,31;44. -> 1
11,20,29,37;47,58. -> 1
2,11,13,19! -> 1
1,4;15,21,28,35,39,47,51,60;64-72,79-87;100;108,113. -> 1
2,6,12,15,27,33,39,42,49. -> 1
4,9,23:32. -> 1
0[3,12. -> 1
16,30. -> 2
6,20-21;25. -> 1
1,2,4,11,18. -> 1
5-9,14;19,24,32. -> 1
4,12,22? -> 1
10,22? -> 2
1,3,15,22. -> 1
8,14,22,36. -> 1
11,12,13,14,19. -> 1
6,12,25. -> 1
2,5,10:19,24,28,31,37,47,55,62,66. -> 1
2,12,25? -> 1
1,4,7,9. -> 3
4-6,9. -> 1
3,9,10! -> 1
1,2-3:9. -> 1
1,5,7,16,18. -> 1
9,15;17,25,35,42. -> 1
3,6,10,14,21,33. -> 1
4,6,10;20,24,27. -> 1
4,5,7,16,21,30? -> 1
3,4,7,9. -> 1
10,26,34. -> 1
17,30? -> 1
7;12. -> 12
3-4,10,17-21-23,32;40. -> 1
9;13,32. -> 1
4(11)23. -> 1
7;15,25,32,38,55. -> 1
6,22. -> 4
2,9,10,13,29. -> 1
19;31,33,39,43,55. -> 1
3-7,9-13,26,35,48. -> 1
4,13,17,24. -> 1
10,21;25. -> 1
1,19,26,34,38,41. -> 1
1,9,18. -> 14
1,6,10,13,23! -> 1
7,18,29. -> 1
2,3,10:16. -> 1
3,4,25. -> 1
1,2,3;12,19,23. -> 1
1,3,4,13. -> 2
2,14,28,36;44. -> 1
4,12,13. -> 1
7,8,12. -> 4
2,3,4,7,10,12,13,14,17,21-23,38,44,46,48,53. -> 1
1,2,19. -> 1
3,7,12? -> 2
10,22;30. -> 1
10;14,27. -> 1
1,8,14,16,23. -> 1
9,17,21;27,37;41:46;50,51,53,55,56-57,63;72,78. -> 1
10;16,20. -> 1
1,7,14,15. -> 1
14-15,24,30. -> 1
6,9,12,16. -> 1
9,20:34,39:48;56. -> 1
1,2,4,9,11,25,27,30. -> 1
1,2,4:8. -> 1
2;8. -> 15
1,2,5,9. -> 9
1,2,12,18,20. -> 1
16,17,19,27. -> 1
9,22. -> 15
1,3,6,15. -> 1
2,5,12. -> 7
9,19:23,31,36,43.50,60. -> 1
3,9,10,14,20;25,31,40? -> 1
19(22)28,34,43. -> 1
2,3,8,24? -> 1
8;22. -> 2
0[2]5,9. -> 1
1,8,15,19. -> 1
1,2;10;16,25,36;40. -> 1
3,7:13,15,21,22,24-27,31;39,46,55. -> 1
5.10. -> 3
4,9-10,18. -> 1
14,21;29;37,44. -> 1
9;26. -> 5
9,13,19! -> 1
10;15,27. -> 1
2,8:14. -> 1
1,2;7,12,16. -> 1
3,4,8,20,28? -> 1
0]4[5. -> 1
4,10,12;15;22. -> 1
4,8,12! -> 1
1,4:13. -> 1
4,14! -> 2
6,8;17,27,32,35. -> 1
1,4,13,17. -> 2
1,4,4[7,13.13]25. -> 1
0]2,6? -> 1
9,17,20,35,45,55,61. -> 1
1,3,5,14! -> 1
4,14-15. -> 2
0]7? -> 9
0]3,24. -> 1
2-7-9,16. -> 1
1,2,4;5. -> 1
2,3,13,21? -> 1
0]5,6,7. -> 1
4,5,13,22,32. -> 1
7,9,11,13,19. -> 1
2,14,21,25. -> 1
1,2,9,15.16. -> 1
2,16;25. -> 1
1.3,10,18. -> 1
7,10,13,19,23,28. -> 1
17,19-21,22,28,37,45. -> 1
1,4,18,23. -> 1
1,3,7,11. -> 3
4,8,12,18. -> 1
2,7,11. -> 6
2,8.11. -> 1
1,7,14,18:24,36. -> 1
5:15. -> 4
5,8,12;21. -> 1
3,4,7,15. -> 2
21,25,27. -> 1
1,5,13,21. -> 2
1,12? -> 5
14;16,17. -> 1
3;9. -> 33
5,7,14;18,25,30. -> 1
2,8,15,25,41! -> 1
2,11! -> 5
16,35,36,44. -> 1
3-4-15-17. -> 1
1,2,6! -> 10
3,5,8,15. -> 2
2,4,11,18. -> 1
1,3;8,16. -> 1
6,8:13,27;36,40,44;54,58,62. -> 1
3,13. -> 30
7,13,21;36,44,61. -> 1
8;24. -> 2
4,7;16,24. -> 1
15,23;33,37,57. -> 1
5,17,34. -> 1
2,3,4,10. -> 1
8,9,11,18. -> 1
8,12,17,26. -> 1
7;17. -> 3
4-5;15. -> 2
3,9;18. -> 4
2,4,9? -> 25
3,8. -> 150
4,9;16. -> 4
2,7:15,19. -> 1
5;11;20,24;34,39. -> 1
0]6,8,13? -> 1
2;12,18. -> 1
4,8,15,28,35,39,42,45. -> 1
1,2,3,9. -> 5
9;14? -> 1
0]9,16. -> 2
1,5,14,19,25. -> 1
3,5,9,17,18,19,21;23,26,31,35,38,42;46-57,60-61,62,64,69. -> 1
7,18,26,32? -> 1
1,2,7.11. -> 1
7-8,12-17! -> 1
1,2,13,24. -> 1
1,6;10,11;18,23. -> 1
16,20? -> 1
1,2,11! -> 5
1,5,7;21. -> 1
0]5,10,13. -> 1
13;21,27. -> 1
8,28. -> 1
1,3,3(9,17)27;29,43,51. -> 1
11,27. -> 2
9,15,18,25. -> 1
2,4,7,16,25,34,44,61. -> 1
4;8,10,24. -> 1
13,20,28,35. -> 1
1,10,11,14,17! -> 1
5;8,14,19. -> 1
4:8(16)25. -> 1
1,2,9,16? -> 1
0]3,6? -> 1
3:13,14,19,20. -> 1
14,16,18,25,29,37,43,52,55,56,62. -> 1
3,4,11,16,30,39,42. -> 1
9,33? -> 1
6,10,20. -> 4
4,9,13,19. -> 2
0[1,6. -> 3
6;15,31. -> 1
4,8-9;12,27. -> 1
2,12,18,34. -> 1
2,12,21,37,52. -> 1
1,2,9,12,22. -> 1
4;7,16. -> 2
1,8,14;23. -> 1
11,32,34;40,49;56. -> 1
2,3,12,13,24,27,28,34,45,46,49,66. -> 1
1,3,8,22,29. -> 1
2,4:9,12. -> 1
2,4,13;21,33,37;45-51,63. -> 1
1,10,14? -> 2
1,4,9;15,22. -> 1
5,9,15;16,19,20. -> 1
4,13:19,28,34. -> 1
2,4,4[10. -> 1
1,4,14! -> 1
8.12,22-26,32. -> 1
5,8,10,13? -> 1
2,16,23. -> 1
6,8-21. -> 1
6,9,11! -> 1
5,12,16,18,35,42;59. -> 1
8-8-16? -> 1
2,4,6-21? -> 1
9,18,26,34,43. -> 1
3,7,8. -> 6
4,6;10,16. -> 1
2,3,4! -> 17
1,3,5.8. -> 1
5;8,10,16. -> 1
5,7,10,23. -> 1
1,2,18,30. -> 1
10;11,14,32. -> 1
9,11,13,15;16,19,22. -> 1
4,11,19. -> 2
1,2,6,11;21,24. -> 1
2,12,18:19,23. -> 1
10,13,18? -> 1
3,12,24;29,37;40,44,45,52,57;59,61,62,66;69,85. -> 1
5;10.15. -> 1
0]9,10,11,16;25;42. -> 1
12,17,22,36,42? -> 1
1,5,18,27. -> 1
1,2;10,16,25,27,30. -> 1
4,9,15:16,18,20,34,45? -> 1
3,4,10,15,28,37. -> 1
16;25,32. -> 1
4,7,21? -> 2
1,8,19,28;34,37,45. -> 1
12,16;20,24. -> 1
5,6,11,18,30. -> 1
7;8,14. -> 1
10,15,28. -> 1
0]5,6,11. -> 1
2,3;8. -> 21
5,9,15,21. -> 1
1,6,12,21,29,37;51. -> 1
1,7;11! -> 1
6,9,15,19,20,24,31,34,35,40,42-50. -> 1
2,17,27. -> 1
4,10,12. -> 2
8,11,12,13. -> 1
6:9;13;15;22;26-30. -> 1
4,27;35,43. -> 1
1,2,8,22,31;39. -> 1
5,13[14]14,18. -> 1
6,13.14,15. -> 1
1,10;18. -> 1
5,6,15,23,40,50,53,58,65,76. -> 1
4,6,10,14,20. -> 2
3,16,28,32,49. -> 1
0]5,11;20,27. -> 1
3,11;19. -> 1
3,13,18,21,38. -> 1
0]2,9. -> 2
3;9;10,11. -> 1
2,7:12,15,19;20,31. -> 1
5,23. -> 3
2,4,9,13,17. -> 1
10,19,27. -> 2
3,9,10,14,16,26. -> 1
9;13. -> 9
1,8,15-18,26,36. -> 1
4,7,24. -> 1
1,6,11,14? -> 1
3,14,22,27,35;48;55,56,62. -> 1
2,8,14,24-28. -> 1
0[5,13. -> 1
4,5,8,15,21,23. -> 1
1,11,24,26,32,40. -> 1
8;13,19-20. -> 1
3,4;18,23. -> 1
11,12,16,25. -> 1
6,14,16,22,28. -> 1
0]2,16? -> 1
4:20? -> 1
4,8,17,24. -> 1
15,26;33. -> 1
9,26. -> 4
4,6-9,18,28. -> 1
3,16,23,28. -> 1
1,2,4,10,14. -> 1
0]1.6. -> 1
3,5,8;9,10;11,12;16,17,18;19,20;21,22,25,26,28,29,30,36,37,40,41,42,46;49;57,76. -> 1
1,10;20. -> 3
1,12,15,20,23. -> 1
9,17,27,35? -> 1
9. -> 1155
8;13,15. -> 2
9.14,20. -> 1
2,3;7? -> 1
11;26. -> 4
3;15,25. -> 1
4,24. -> 3
4,7,13. -> 7
6:10,13,16,20? -> 1
8;9,14,31. -> 1
2:11,13,18. -> 1
3,6,13,18. -> 1
3:11,24,33. -> 1
2,14,16. -> 1
3,5,7,8,13,23,27. -> 1
7,12,17,21,35. -> 1
1,7;20:30. -> 1
2,3,7,18. -> 1
4,14,18. -> 1
11,20,29,33:43,44,46,51. -> 1
4,7,9. -> 5
4,7,10. -> 6
0[15. -> 1
0[9. -> 8
3;7:15,23;34,40. -> 1
2,8,12,17. -> 1
3,11,19,28. -> 1
1,15;25,34. -> 1
1,3,5,7,9-10. -> 1
9,16,21,27. -> 1
1,4;8,12:23. -> 1
5,9,16! -> 1
6.8,12,13;20! -> 1
7,13,15. -> 2
9,13,34. -> 1
7;12,15. -> 1
10,20;34. -> 1
8,15,19. -> 3
1,10,18,26,31,41. -> 1
3,4,14,21;25,30,55,66;71,81,84;96. -> 1
12,31-34. -> 1
13,18. -> 14
1,3,4,5,8. -> 1
7;14,16,20-21. -> 1
1,2,6,20,28;31,35! -> 1
3,13? -> 3
9;15,20,26. -> 1
2,17,21,29,36,43. -> 1
8,10,17? -> 1
5,25. -> 4
6;9,13;19,34. -> 1
1,9,15;23,31. -> 1
5,7,15! -> 1
12;13,21,25,29,35. -> 1
6,14,19,28. -> 1
4(9)18,27,34,42,51,65;80,84,88,96,100,106,110,115. -> 1
8,15,21,30? -> 1
1,2,10:18,26,40:44,48. -> 1
11,31? -> 2
1,4,8. -> 45
5,14,19. -> 4
13;15,19. -> 1
4,7;8,16,25,29. -> 1
3,10:16. -> 2
3,9,13;16,18. -> 1
1,2,7,10,15,24,38. -> 1
1,2,14,19. -> 1
2,3,7,11,21,22:23,28,32. -> 1
8-9? -> 2
2;4. -> 9
3,4,7;12,17. -> 1
4,5,8,12. -> 1
8,15,26,37[38]38,41(46)48,55;78,81,84,92,100. -> 1
2,3;4,5,6;7,8,9,10. -> 1
10,20;21,23,30:34? -> 1
1,3-9,22,33. -> 1
6:17;21,25? -> 1
11,25. -> 5
1,3,7,13. -> 3
0-0-0-0-0-2:14,18,24,39. -> 1
1,4-10,19! -> 1
10,14,17,19. -> 1
1,2,4:7,10. -> 1
10,18:20,21,22,27;45. -> 1
3,4;11,18. -> 1
5,6,19. -> 1
1,5,8;10,13,14. -> 1
10,11,17,22. -> 1
2,9.17,24-26,31. -> 1
7,13,16,20,33,38. -> 1
14,17,20,24,37. -> 1
13-22. -> 1
12,14,15,18,19,22,25. -> 1
2,26. -> 2
4,7! -> 18
10,18,30,34. -> 1
3,13,14,19. -> 1
1,16,22. -> 2
3,5,9! -> 3
7,13,22,32. -> 2
8,15,19,26. -> 1
2,4,6! -> 17
0[1]3,6,14,26,35,40. -> 1
1,4,10,12,17,23! -> 1
0]5,8. -> 5
2-4,12,16;25;31,40,48. -> 1
3-5. -> 4
0]5;12. -> 1
6,7,8,9. -> 1
1,8;10,12,25,36,41,45. -> 1
15,27,38? -> 1
2,9,14. -> 6
1,13! -> 5
8,25;27-34,41. -> 1
1;4,5. -> 1
4,6,8-11,19,25. -> 1
1,3,6,8,11,12. -> 1
11,19,29. -> 1
11,13,17,20,23. -> 1
6,12:22,38-42;49,52,58,60,63. -> 1
8,10,16. -> 4
4,6;9. -> 4
8,13,17. -> 3
1,2,7-8-9. -> 1
8,12,17,25. -> 1
7,12-13,22. -> 1
6,14:21,32. -> 1
0]4,10,19. -> 1
3,14;17,23-25;31;38;50. -> 1
4;7;13,16;19,20;26. -> 1
2,5,6,7,13. -> 1
6,10,11,16. -> 1
1,2! -> 452
4,5,14,24;36;49. -> 1
0]1,3,8,16,22. -> 1
1,8,13. -> 6
17,32. -> 2
7,8,14,20. -> 1
7,18;25. -> 1
4,5,8;13. -> 1
2,10! -> 12
2,8,9,25,31,36,39,42,45,56,67,75,78;90. -> 1
7,16,26. -> 3
4,8;11;12,15;18,19;23;26;29;30,33;36,42,49. -> 1
2,4,10,15,22. -> 1
9;15,18,23. -> 1
3,10,17. -> 4
1,11,16. -> 2
1,6,15,17,22. -> 2
1,9;14;18;23. -> 1
11,26. -> 3
1,2,5! -> 16
1,18,23,26,35;39,49,60,75. -> 1
7,15,33. -> 1
1,12,13,19. -> 1
7,15,23,26,30;34,39:43,48. -> 1
1,7,17-18,30,33,34,37,41,50. -> 1
22,29. -> 2
8,17,27,34. -> 1
9,10. -> 8
6,13,17,18,21,27,38. -> 1
9:11,12,18;23,24,26. -> 1
4,6,10? -> 3
5,12,26. -> 1
12,31. -> 1
1,2,4,10,15;19-24. -> 1
12;22. -> 1
1,2;9,11,13. -> 1
4,6,9,20? -> 1
2,3,9,14,24,30. -> 1
13;35. -> 1
3;7,16. -> 1
8,16:25. -> 1
1,5,6,9. -> 1
8,13,29. -> 1
0]2,6,7,14;17;22. -> 1
6,8,10,12! -> 1
9,19,24. -> 2
1,4,7,12,15. -> 1
3,8! -> 27
3,14? -> 4
1,20. -> 5
16,24. -> 8
1,2,4,10. -> 10
2,8,16,23,31,46. -> 1
0(1.1) -> 1
3,6,8,12;29. -> 1
3,4:9! -> 1
6,8,10,12;44. -> 1
4,13,17! -> 2
3-6? -> 1
9,14;24,33. -> 1
1,9,19. -> 6
5,9:14,18. -> 1
0]1,5:11? -> 1
1(2,6)8,9. -> 1
13! -> 19
11,12,14,21,28. -> 1
1,5,10,16. -> 1
9,11,15,22? -> 1
2,3,9;16,18,22. -> 1
6,13! -> 6
1,6:15,23.24. -> 1
0-0-0-0-0-11. -> 1
3,14,24,33. -> 1
4,14,17,25-27? -> 1
13,20,28. -> 1
1,10,20. -> 3
1,3,6,16,22,32,36,41,46. -> 1
10;14;17,18. -> 1
2,3,11:24. -> 1
0]1,5. -> 7
1,8,11,19,31,32,41,43. -> 1
3,4,8,12,23,27? -> 1
9,19,23,28;36,37,41. -> 1
0-0-0-0-0-20,28,35. -> 1
3,5,9,12,17. -> 1
8-9. -> 12
1,2,5;7,9. -> 1
1,8,19,34. -> 1
2:8,11. -> 1
8,12,20. -> 4
6,8,15;33! -> 1
2,5,7,13,28,39,45. -> 1
10,12. -> 7
2,5,9,15,18. -> 1
2,3,7,18:21,23,29,43. -> 1
8,21. -> 10
3,4:23. -> 1
1,3,6,18. -> 1
6,10;28. -> 1
7,12,15;23. -> 1
17,25;35,39. -> 1
2,7;17. -> 1
1,7,15;17,30;32,44(50)50;56;60,62-63-66. -> 1
0]1,6. -> 4
4,8,15,16,21,33. -> 1
9,16,20;28,34,37,41,47,52,56. -> 1
11,14:21,29;39,48,54;58,60,63,66;73,81,85,88? -> 1
1,4,15? -> 2
4,5;8,17,19-24,34,36,43. -> 1
16,19,24,31,39. -> 1
10,16:20. -> 1
7.8. -> 5
3,5,14. -> 10
3,11,16. -> 4
2,9,13,14,16. -> 1
1,12! -> 3
1,2,13,20:25. -> 1
2,7,10. -> 7
3,9,19. -> 2
13;28. -> 2
14,18,28? -> 1
10;14;24. -> 2
3,16;25,38,44,48;60,67. -> 1
0]2,3,4! -> 2
8,26;42,50,57-59. -> 1
6,9,17,23. -> 1
3,6:10? -> 1
1,4,8,15,19,31. -> 1
2,3,8,16,24,30. -> 1
8,14,22,32. -> 1
8,13,23. -> 2
9,18,26! -> 1
2,3,5,6,20. -> 1
2,4,5,8,18. -> 1
6-8;18. -> 1
8,13-14? -> 3
7;11. -> 6
1,9:17. -> 1
12;21,27,38,44. -> 1
1;7,14. -> 1
11,17,25,31,35. -> 1
4,11,16:26,31,34,41,47. -> 1
8,18,23,46. -> 1
1,16,17,21. -> 1
1,3,20. -> 2
7,11;13,14,15,16,17,18,19,22. -> 1
2-5,18. -> 1
3,29;37,47,62,74. -> 1
1,4,8,13,16,23! -> 1
8,11,18,25,38;49,62,71. -> 1
0[2]12. -> 2
5,9,15! -> 1
8,13,17,24,31. -> 1
9,15,19,24(31)31,39,43;51,54,58,64. -> 1
7,16,23. -> 2
12,22,23,24,35,38,42? -> 1
1,5;19,31,46[47]47. -> 1
7:12? -> 1
0]8,9. -> 2
4,5,11,15. -> 1
4,8;14,24;30,39. -> 1
6,8,16,31,35,41,49,52. -> 1
7,10,13:15,18,22,29. -> 1
8,17,26,34;40,43,50,60,70:78,85,89,93,102. -> 1
1,10,21,26. -> 1
5,10! -> 11
4,11! -> 5
13;20,33,39,46,54. -> 1
7,14,20! -> 1
21! -> 1
2,3,8,14. -> 1
15,19,26,42,51. -> 1
0]1,3,13! -> 1
6;14,17,21,27,35,41. -> 1
4,12,24:31,45,50,53,56,59,66,69. -> 1
7,16;19,24,27. -> 1
4,8;11,15;17,21;29,37. -> 1
8,22,25,26! -> 1
1,2,11,22? -> 1
19,25;34;42. -> 1
1,6,10-12. -> 1
1,6,7? -> 2
2,10;13,15. -> 1
7,14,21,26;29,33,40. -> 1
2,8,12,15,19,25,40,47,51,53,56,63. -> 1
3,13;14,16,18. -> 1
10,17,23,26,29,42.50,52,58,61,65,69,78:84,92,103. -> 1
3,8,12? -> 1
8,17,23,27,29;35,41. -> 1
1,4,8,12. -> 1
4,10,12.13. -> 1
2,12,22. -> 1
6,10,19? -> 1
7,10! -> 6
8,14;21,33;43. -> 1
12,20,28,35? -> 1
1,2,4,6! -> 1
5,10:17,23,28,33,38,43,53-56,58,59-60,62,67,73. -> 1
2,3,10,17. -> 1
6,23. -> 5
5;11,22,23,24. -> 1
7,9,16. -> 2
5,6,12. -> 5
12,16,20,26,27,28,31. -> 1
4,13,34:47,60,68,72,76;85,89. -> 1
4,9;11,18,28,34,38,41,42,48;54,57,62:71,75,76,81,85;89,93. -> 1
11,12,13,16. -> 1
2,5,8,13,18. -> 1
0]1,7,9,19. -> 1
7,14-15,22. -> 1
4;10;11,12,13. -> 1
1,3,9,20. -> 1
0]2,3,4,7. -> 2
1,2,4,11;21,33. -> 1
8,11,13-15,28,33. -> 1
1,4,11,20:27,40. -> 1
4,8:14,15-16-19,30. -> 1
7,17:22. -> 1
3,12,18. -> 2
1,2,6,13. -> 4
4,6,8;15,24. -> 1
5;22! -> 1
4,6-9,12,15,19,29,33,37,42,45. -> 1
7:13,16;21,34. -> 1
11,34. -> 1
7,10,15,24,40,58. -> 1
5,9,14,18;27:29,37;46,54. -> 1
14;21,30. -> 1
4,10,13,16,19,34. -> 1
1,7,8. -> 4
8,18,22,25,29? -> 1
1,5,8,9,12,17-23,29. -> 1
8;14,24. -> 1
3,7,12,19. -> 2
1,2,7,16. -> 3
3,5,6,26. -> 1
2,3,7,14,18,29,34,41. -> 1
7,15,20. -> 3
10;13,15,17;26,38;47,51;52,56,58. -> 1
9,17,21? -> 1
1,3,10,18,30,37,38. -> 1
8,15;21. -> 1
4(15)17-20,34,47,52,56,58;61! -> 1
5,7,12,21,28? -> 1
8,15,19,20. -> 1
2,9,17. -> 6
7,9,18,28,37,44,61;66,67,74? -> 1
5,9,21,24,32. -> 1
2,6,11,20. -> 1
19,29. -> 1
5,11,20. -> 7
8:13,16,20;29,37,45. -> 1
8,14,15,19,21,24,33;47,53. -> 1
7,19,27,28,42;76. -> 1
7,11,14! -> 1
5,10;14,19:20! -> 1
9,17;26,32! -> 1
12,18,22,30:39,43,45,51,56-57,66. -> 1
6,8,15? -> 2
9;12,19,24,36[37]37. -> 1
10,18,21. -> 1
1,2,15,21. -> 1
10,16,20. -> 1
14;21,29. -> 1
6,19,34. -> 1
5,6,8,19,29,33,39? -> 1
5,8;17;21. -> 1
14;30;38,43,50,58. -> 1
2.9,12. -> 1
3,13.16,20,22-23,27,41;55? -> 1
4,9;13,24. -> 1
2,6,17,21,25. -> 1
2,4,6,9;12:16,28;32,45;48. -> 1
9-11,26. -> 1
5,8,16,21,23,25,32;38;49,56. -> 1
10,16,20,32. -> 1
5;8,11. -> 1
1,12,18,21,23,27,32,44,52,60,68,80,82,84. -> 1
13;19,26. -> 1
3,5,11,14,19,27. -> 1
6,7,13,28;40-42,43,46,49,50,53,59,65. -> 1
5;13;18:20,22,24,26,31. -> 1
5,6,9,13. -> 2
2-6,12. -> 1
7,19,30,35,61,74,77,80;90-91-93,102,110;130,133-134-151. -> 1
2,3,11? -> 2
1,4;6,7! -> 1
7,14,15,21,26,30,37. -> 1
9;25,32. -> 1
2,4,5,7,17. -> 2
12;23. -> 3
9-10,16. -> 1
7,16;24,34. -> 1
3,4,9,18,28,35. -> 1
12,23,27? -> 1
1,8,10,15,25. -> 1
11:31,34. -> 1
11,17:23. -> 1
1,24,26,30,37,46. -> 1
11,21,30,34,46. -> 1
1,7,10,13,15,20,27,30,45,51. -> 1
4,8,9,22-23,36? -> 1
6:8,9,17:23,32;35,42. -> 1
2[3]3,7. -> 1
9,19,26,35,38? -> 1
8,10,14,16,18,22. -> 1
2,8,13,20. -> 1
2.2] -> 1
12,21:23,27,31,34,39. -> 1
3,13,17. -> 2
8;18;26;28,31,36;39,45,60,63;65,69,75. -> 1
1,3,8,12,23,26,34. -> 1
4-5,6,7,10. -> 1
8-9;13,16. -> 1
4,8,18,24. -> 1
0[1]5. -> 1
6,7,10. -> 8
4,9,19. -> 4
7,13,14,21. -> 1
1,2,3,9,24;27,33;37;48,54;59;66,70,76. -> 1
7,11,16,31. -> 1
3,4,8,14,27,31,44;53,60,62. -> 1
11,16,22. -> 1
6;14:27. -> 1
7,8,11,13,14,16,17,28,44. -> 1
13;21. -> 2
1,2,11,16. -> 1
7,13,32,39. -> 1
6:10,14,17. -> 1
6;9,19. -> 1
3:14,24,25,26,27;35,42. -> 1
13;18,36,47. -> 1
13,20,30,36,38;50? -> 1
1,2,3;16. -> 1
0[1]7. -> 1
3,4,7,9,14,16,18,20,24,33,34,38,48,52,58,63,68,73,80,84;85,98,103,108,111,115,120,126,134;143,149,152,155,159,162,165,168,171,173,180,184,190,197,198,202,211,212. -> 1
6;13,16,17,19;25. -> 1
3,5,6;11,15;21:26;27! -> 1
2,7,12? -> 2
3,9,13. -> 5
7,16.17. -> 1
5,7,8,9,12,19,28. -> 1
2-3;10. -> 1
4;11? -> 1
1,2,5,7,23,28;34,37,39. -> 1
1;2. -> 4
2:6,15,17. -> 1
1,2;8? -> 1
7,8,17. -> 2
1,5,8,14,19. -> 1
4,11,14,19,39. -> 1
1,8! -> 23
0]7,12. -> 3
9,20,21,28! -> 1
6-9,18! -> 1
1,4,20. -> 4
2,3,5? -> 6
4.6,7,14,22. -> 1
9,14,27;34,42. -> 1
25,27. -> 1
2,6,9,14. -> 3
2:6,12,18. -> 1
5;12,17? -> 1
2,3,6,11,16,23,25,27,35,38,39,42? -> 1
0[2,3,4,5,8. -> 4
2,13,23! -> 1
1,3,12,15(16,19!19) -> 1
2,8! -> 23
4;15,19. -> 1
2,3,7,15,33,38. -> 1
2,6,15;17,20! -> 1
1,4.8? -> 1
1,11,15,19,30;37;43,50,55,61,66:67,73,82,86:98,104,119;129,137,140,148,153,167. -> 1
1,9,11,14,19,24,29,40,43! -> 1
14,19,24,28,33,39,52:65,70,77,89,97. -> 1
1,10,15. -> 6
1,7,12. -> 12
4:8. -> 6
4,9,12,19,25,28. -> 1
2,4,5,6,9. -> 2
3,5:17,26,27,30? -> 1
10,14,16,19. -> 1
9,18,19,37! -> 1
12;17. -> 3
0[7. -> 32
2,8;11,15;22,35;43,50. -> 1
9,17,18,19,20,28:34,44. -> 1
2-9,16. -> 1
2,4,6,8;10,19. -> 1
9,14,23,29. -> 1
4:8,27. -> 1
4,10,13,18. -> 2
3,10,16,24. -> 1
4,9,13,27. -> 1
0]8,12,18;27,33,36. -> 1
9,11-17,26. -> 1
11,18,22,26,32,37;49,57,66,69,70,72,78,82,83,88:92,99,107,109,112,115. -> 1
11,16,20;24,30,40;62;65,69,82,96. -> 1
4,14,18,19. -> 1
10,12;14,15,22:27,38[39]39. -> 1
0]5;10! -> 1
1,4,10;15. -> 2
1,5,7,8,10? -> 1
3,16. -> 17
10,18,23,26. -> 1
1,3;3[5. -> 1
1,5,14. -> 7
3-5,10,15,18,21;27.33,35. -> 1
4;5,8. -> 2
6;11,14;21;28. -> 1
8,15,21,28. -> 1
7,15,34. -> 1
2,6,9;13,20. -> 1
6,12:19,23. -> 1
3,5,13,21. -> 1
2;4! -> 3
5,6,10;24;30,42,44,46,50,57,63. -> 1
16,21;36. -> 1
5,6,10,14. -> 1
8;9,13,17,23,27. -> 1
2,3;11. -> 1
5,12;20;23. -> 1
7-14? -> 1
10,39,44,49. -> 1
2,3,8,22. -> 1
4,5,11. -> 12
7,8! -> 5
0[2,3. -> 6
3,4,14,19? -> 1
3,14,18;31,35,43. -> 1
5,7,23. -> 2
2,3,10,17,22,26,36? -> 1
0[1.1] -> 333
4,9,15,27;30,37,43;47,57-60. -> 1
9,10,16. -> 1
7:11,16,25,36,38,41-44,47,51;55,59,64. -> 1
1,3,8,17,22. -> 1
8,20:28. -> 1
3,6,8? -> 1
4,6;19. -> 1
10,18,21,23,31,36,41,47. -> 1
9,15;20. -> 1
10,17,18,20? -> 1
2,4,6:7,12;19,23. -> 1
6-7-11,15. -> 1
7;12,21;28,30,34. -> 1
7,13,23. -> 2
1,2,9,25. -> 1
3,5,10;14,20. -> 1
14,26:42. -> 1
2,12:22,27. -> 1
15,29. -> 6
3,16,19,21,24:33,42,49. -> 1
2,10,13:20,33. -> 1
1,9:14.15. -> 1
5;8! -> 2
10;16,27,34,42? -> 1
4;12,23. -> 1
3,9;19,39,42,45,52. -> 1
4,5,15;23,30,30[31. -> 1
4;13,21,29. -> 1
2-5,9? -> 1
2,11,15,21. -> 1
1,3,7;10,14,20. -> 1
3;12? -> 1
2,14? -> 3
1,4,9;11,15,19. -> 1
5,8,10,17. -> 1
1,4,6;26,37. -> 1
1,9! -> 36
7,9,13. -> 2
2,8;13,22. -> 1
3,4,16,22,27,30. -> 1
3,6,18. -> 1
1,4,6,8,9! -> 1
4,12:18;19,32. -> 1
3,4,12,19,20,26,32,33,36,43? -> 1
12,30. -> 1
10,13,17,20,30. -> 1
10;18,25. -> 1
0]6,8,13;15,16,19,20,22,28. -> 1
8,19:26,33,42,47,52,62. -> 1
7,10,12? -> 1
17,20;21,25,28,36,54,66. -> 1
3,6,10,12. -> 1
1,2,9,10,19,28,35. -> 1
13;19;32. -> 1
1,7,8;12,16,25. -> 1
9,14,18. -> 6
13,20,29? -> 1
3,8,23,46. -> 1
4,11,21,30,35;48. -> 1
3,8,17;20,24,28-33,37,42. -> 1
1,3,6;14. -> 1
4,7,10;17,24. -> 1
13,17. -> 15
1,2,6-7;20. -> 1
9;19,32. -> 1
2,3,9,15,16,17,18,20. -> 1
7,8,13,17. -> 1
3,4,7,9,25. -> 1
6,26;34,44. -> 1
6:22,28. -> 1
11;12,16-18,23. -> 1
1,2,6,11,17. -> 1
6,11,21. -> 1
1,3,6;13,18,31,39,49,50,54,56;66. -> 1
1,8,9. -> 5
1,7,17. -> 3
14,17,21. -> 1
2,5,6! -> 2
15,32,38,45;56,62;63,75,85,103,108;123,128. -> 1
10,11,21,25,38,43. -> 1
4,5,15,22,30,39. -> 1
5,12.14,21,28,40-42. -> 1
7,17,26,35. -> 1
13,20! -> 1
5,8. -> 90
11,19,33. -> 1
1,6,16;20,34. -> 1
1,7,11,15,24. -> 1
7,10,16. -> 4
3,15,22,30,34;38. -> 1
2,5;14. -> 2
2,16;25,28;35. -> 1
2,6:11. -> 1
9,21:37;43,52[53]53. -> 1
1,11,13,21,24. -> 1
2,6,8! -> 5
5,6,10,26;27,34,37,41,45. -> 1
12,18,19,32(34)35. -> 3
6,16;21,35. -> 1
2,4,10,14,19:24,28,32,37,41,52.66:79,84. -> 1
4,6,12. -> 7
4,5,9,10,14,18. -> 1
2,3,20;30:45? -> 1
12;18,27;33,38. -> 1
6,7,10,19. -> 1
4,7,12,14,19. -> 1
5,6,12,23. -> 2
6,7,10,13,21;25,29,33,38,41,45. -> 1
1,2,7;17. -> 1
1,3,8;10,17. -> 1
4-6,12,33? -> 1
8,11;23. -> 1
8,9,13. -> 3
6;10;16-37. -> 1
0]15,27. -> 1
2:3. -> 2
6;16. -> 14
8,13,17,18? -> 1
10,14,19? -> 3
1,2.3. -> 2
8,14,20. -> 3
1,4;14,23,29. -> 1
2,5,12,20? -> 1
5,8,22,31,54:55,58,71. -> 1
2,9-10. -> 2
10,22;30,35. -> 1
0]4,9. -> 8
5,11,17;18,20,25,41. -> 1
10,13,17. -> 2
7;11,21. -> 2
5:6. -> 1
10,12,26,32,35,38,41,58,64. -> 1
5.15. -> 1
9,14. -> 53
14,28. -> 2
16-17,26. -> 1
2,7,8,15? -> 1
1,3,9,17,25,29. -> 1
2,15. -> 17
3,11;19,23. -> 1
8,13;23,26. -> 1
5,9;23. -> 1
3,7,14;16,17. -> 1
1,4,9. -> 57
17,23. -> 7
2,12,16;26,32,36. -> 1
9,15:31,42;69. -> 1
14,22-24,30,35-38,45,52,57:65,73,75(77)88:90,92-96:104. -> 1
4,15;28. -> 1
1,2,3,7;12,16. -> 1
8,11,12,15. -> 3
9,14;18,32. -> 1
6,10,17,29,41,45-50,59. -> 1
1,2,6,14,21. -> 1
3,19. -> 2
3,4,7;23;27. -> 1
2,21? -> 1
5,7,13,17,28;34,37,42,49,60,75,85. -> 1
0]1,4;8? -> 1
2,3,9,16,20,27,38. -> 1
8,9,12,16. -> 1
14,24,32;36. -> 1
4,15,24! -> 1
1,7,9. -> 5
1,2,5,25,26,34,42. -> 1
1,5,7. -> 9
10,21,28,29-30,32,34,36,41,51,71,80,97;110,113,120,127,136,143,153,168;180. -> 1
1,9,13! -> 1
2,11,17,24. -> 1
7;8,15. -> 1
6,8,10,14,18,26,34,44! -> 1
6;22. -> 1
7,12;15,20;28,33,34,39,40,41,52,58,64,69,74. -> 1
8,10,15,16. -> 1
7,20. -> 12
6,10,12,19. -> 1
4,5:12. -> 1
19;24,30,34,37. -> 1
1,2,10,16,24,42-43,50. -> 1
8:19. -> 2
5,13,16,32;40. -> 1
3,4,5,6,7,8,11. -> 2
5,10,16,28? -> 1
7,8,11;21;27,30. -> 1
13,16,22. -> 2
1,6,11. -> 10
4,6,12,18. -> 1
3,4,15:20,25-26,34,40;50. -> 1
3,4,10:17. -> 1
8,14:18-19. -> 1
3,4,7,10,12,16. -> 1
0]8,13,20. -> 1
15,27. -> 2
6,8,12,17. -> 1
11,14,16,23. -> 1
6,13,18,22? -> 1
3,6,7,21? -> 1
4,6,15;28,34,42. -> 1
3,9,16,21,27,44. -> 1
0]1,6,10. -> 2
1,2,10,25. -> 1
1,4,7;20. -> 1
1,11,26,34,58;68. -> 1
13,15;22,25,30;40-50. -> 1
1,10,19,27,43;53,61. -> 1
8,11,21. -> 1
3,14,19,21,27,36. -> 1
0]2,11,15,26,30-34,37-40. -> 1
2,5,14,20,24;33,41. -> 1
2,10,16. -> 3
9.20,25,30. -> 1
4,5,7,9;16;21;34. -> 1
2,5,10,15,21. -> 1
1,9,16;26,31,45. -> 1
16,19,27;35,42,45. -> 1
2,3;10,24.25. -> 1
7,12;27? -> 1
4,5;10,15. -> 1
3,4,11,19. -> 3
1,3,6;8,10,15. -> 1
3-4;9. -> 1
2-8,15. -> 1
0]7,10. -> 2
1,5,15,21,31. -> 1
10,14;25;39. -> 1
22,32. -> 4
2,4,10:20;36,42. -> 1
8,15;18,22,25,29. -> 1
8,19,29. -> 1
3,13,23. -> 2
2,3,8,11,14,20,29,33,37,44,56? -> 1
9,18,21-27,34. -> 1
9,14,21. -> 1
4;9,18;24;30;40. -> 1
1,3,8,9;12;19,29,44? -> 1
9;19. -> 14
9,19,27. -> 2
2,14,19,22. -> 1
9,10,11-12,13,16;21,36. -> 1
8;17;22,29. -> 1
5,8,14. -> 7
3:12,24,28. -> 1
10(11-13!13) -> 1
1,2,13,19,32,33,37,38. -> 1
6,10,13? -> 1
3;6. -> 14
8,16,20,27. -> 1
4,6;9-10. -> 1
2,8,18,28. -> 1
5;19;26,31,44. -> 1
4,10;23-27,29. -> 1
3,6,15,17? -> 1
1,4;6,8,9,13,20. -> 1
4,11,14. -> 2
8,22,30,34. -> 1
4,9,13,17? -> 1
2,7,11,17. -> 2
3;17. -> 3
0]2,5. -> 7
4,16,25,28,33,42,46,50,58,63,67. -> 1
5,10;15,23,31,33,35,38. -> 1
9;15;25,35. -> 1
11,16,20,30,34,41. -> 1
13,24. -> 6
0]4. -> 205
5-9,19. -> 1
1;10. -> 4
0[1,4. -> 6
1,4,14,16,18;19,28. -> 1
3,5,7;17,18,22,27,31,37,44. -> 1
8;9,14,22. -> 1
3-4,5-6! -> 1
8;15:21;29,38:46;68. -> 1
1,2,6,8[9]9,26. -> 1
3,4,16. -> 8
3,6,10,22,27. -> 1
0[5. -> 138
4,5,9,15.32,36,42,46,53,60.61. -> 1
8,18,27;36,37,43,52:55,60,73,83,88. -> 1
0]9. -> 28
6,7,9,11? -> 1
10,13,22,30,34,34(51,51)64,69,83? -> 1
5,9,20;32,43,52[53]53. -> 1
0]5,7. -> 3
0]9,14? -> 3
10,22,23,24,27. -> 1
0]14. -> 7
13;17,25,33,38. -> 1
3;7,24. -> 1
2,5;8,16. -> 1
14,17;24? -> 1
3,4,11,18. -> 1
7,17,21,28. -> 1
1,2,7:18,22. -> 1
6:17,28. -> 1
11,18,26. -> 2
3,4:5,6. -> 1
9,17;21,27. -> 1
1,4,12,15! -> 1
9:19;25,32,49. -> 1
5;10,21,32:38! -> 1
5,11;17,19;27,31,38. -> 1
2,5,16? -> 1
0[3,4! -> 1
9,14,18,27! -> 1
2,7:14,23. -> 1
3,8,17. -> 8
1,2,6;10,20. -> 1
6;10;16. -> 1
12,16,20,25. -> 1
1,6,15;34. -> 1
9,16:26;36. -> 1
1,4,16. -> 6
10,17,21. -> 3
1,8,9,12,18. -> 1
24,28,36,41,44,46. -> 1
5:10,14,17,24. -> 1
11;16,27,38. -> 1
6,9? -> 17
1.2,5-10,16,33-36. -> 1
4-24. -> 1
3,4,12,16. -> 1
7,10,15. -> 6
2,11;18,22. -> 2
4,10:34. -> 1
4,10,25;29,39,43. -> 1
2,3,12,17,19,30,38,44. -> 1
5,8,11,13-14,19,26? -> 1
6,10,15,26. -> 1
3;11. -> 7
4,15,20,23,28. -> 1
8,9-10,19. -> 1
6,11,33-34,41. -> 1
1,13,21? -> 1
1,2,12. -> 17
0]1,2,4;11,13,15. -> 1
5,7,10;23,33,39,44. -> 1
1,4,8;15. -> 2
2,6,10,19,28,36. -> 1
11;18,22,29;32,45,49. -> 1
6,15-16. -> 1
6;14,19,25;34. -> 1
3,7,11,15. -> 3
15,22,25. -> 1
2,4,17,22,31;41,44,64. -> 1
2,8,10. -> 3
2:3,5;11,18-20. -> 1
9;10,18,23,30:41. -> 1
1,5,8,15. -> 4
13;26,33. -> 1
11,17,34. -> 1
1,4,10;18,26. -> 1
6,8,9,18;26-29. -> 1
6,10,22? -> 1
4;7;11. -> 1
11,16,28-30,40. -> 1
10,21-22. -> 1
8;15;17,22,25,31,37-38,52,55,56,58,61,66. -> 1
1,6,13:22. -> 1
1,6,11;19. -> 1
1,2,4,14. -> 2
4,15;20. -> 1
0]2-4,9,16,22. -> 1
8;18,26,30,40,51,57. -> 1
2,3,8;10,11,15;17,18,22. -> 1
10;24;56. -> 1
8,16;18,24,27,37,43;48,53,60. -> 1
2:2,3,3,4. -> 1
13,15,20,24,36,46. -> 1
6:13,17? -> 1
13;21;22,26,34,37. -> 1
0-0-0-0-0-2:2[2]2[2]2. -> 1
2,3,7;15.16. -> 1
3,5,11,18;32,39. -> 1
0[2,3,6. -> 10
16,17,23;26,30,38.39,45;49,55. -> 1
5,10,13,17? -> 1
2,3;9. -> 3
5,11,18? -> 1
5,7,10,11,23,27,31,40? -> 1
1,5,9,18,27;34,42. -> 1
2,4;5,9? -> 1
4,6,12,22;35. -> 1
5,7,10,19,25. -> 1
5,6;9.11. -> 1
8;13;17. -> 1
7,10. -> 40
3,4;6,7,8,9,15,22;30;34,35,44,50,61. -> 1
4,7;16,23. -> 1
1,2;3,4;5,10;13,16. -> 1
4,8,9;21. -> 1
1,15! -> 5
1,8,24. -> 1
6,8,9,15,24? -> 1
1,3,13,16. -> 1
1,5,13. -> 10
2,3,5,20;22,30,35. -> 1
1,2;9,15. -> 1
3,4,7,11,15? -> 1
8,17;20! -> 1
5,8,19,23,31,41,47,54,63,66,70,73,79. -> 1
6,7,8,12. -> 2
4,9;13,18. -> 3
12;18,21,26,31. -> 1
1,7,12,18. -> 1
9,17,26;29,30,38. -> 1
5,6,13. -> 9
0]6! -> 6
1,8,10,12,17;26,30,34;43,53;62,69;78,87. -> 1
2,3;11-12,19;28. -> 1
2,6,10,18,22,32. -> 1
3,10,10[12,13,15]21,23,24,28,34. -> 1
4,5;12;23. -> 1
1,13;18,25,30. -> 1
12;24,34. -> 1
2,3,12:19,23,44,49. -> 1
4,9:15,19,22;28. -> 1
0-0-0-0-0-0-0-0-0-0-0-0-0-0-9,16,21;34. -> 1
7;8,11,17,22,31. -> 1
6,10,12,16,19. -> 1
6,16. -> 41
5;11;12,16,19. -> 1
15,23. -> 4
8:11,13. -> 1
4;11,15! -> 1
1,10;28. -> 1
5,6,9,10,11. -> 1
9;13-16. -> 1
1,2;3,4;8,10,14. -> 1
0]3;10,15,19,27. -> 1
1,2,6,11,14,15,23,28? -> 1
4;13. -> 13
11,19,26? -> 1
1,5! -> 71
2,4,15. -> 5
3,6,14,25,28:31,34,34[37. -> 1
3,7,15,24,28,33,40-42? -> 1
8,10,14,26. -> 1
5,6,9,17. -> 1
4,5;15.16. -> 1
6,11,17,22. -> 2
2,11,24-26? -> 1
2,5,10,20. -> 1
7,17;29-30-35. -> 1
1,8-11,19,26. -> 1
4;26. -> 1
5,9;15,18,21,29.32,37? -> 1
2,8,11,15,19,23,31. -> 1
15,25;29,31,34. -> 1
1,3;10,23,28;36. -> 1
3,5,10,11,18,20,25,27,35? -> 1
4,5,16,20,23. -> 1
8! -> 112
5,6,8,21.22. -> 1
6:8,12. -> 1
1,6! -> 67
8,9,14,18,27,34. -> 1
4,14,20. -> 6
1,3,13? -> 1
16,17,26,29,41,49. -> 1
3,5,10,28,33,53,60. -> 1
3,4,18,19,22,25,28,32;37. -> 1
16,19. -> 1
3,4,8;16,23. -> 1
12-14. -> 2
2,7,27? -> 1
5,8,18. -> 3
4;5,6,9. -> 1
14,22,35. -> 1
2,8,14,23. -> 1
2,3,27. -> 1
9;24,29. -> 1
4,8,25;38. -> 1
7,16,22,26,30,34. -> 1
0]1. -> 1110
6,15? -> 6
4,7,14. -> 16
1,3,7,11,15;27,31. -> 1
10,29,41? -> 1
1,3,9! -> 3
3,4,7,16,19. -> 1
1,3,5,6! -> 1
7,8;18,20,30,34,40. -> 1
3,11,15,19,24. -> 1
8;13,23. -> 1
8,15,27-28-29,31. -> 1
5,7,8,13. -> 1
2,5,11-17! -> 1
1,2,7,14,16? -> 1
2,3:12,21. -> 1
4;10,19. -> 1
10.11. -> 7
4,6,10,11,12,14,22,29,37,45:48,53,60,70:73,78,82,93. -> 1
5;8,13. -> 2
6,26,33. -> 1
3,11,29-31;40,57. -> 1
9,15,19,23. -> 1
14;15,17,25! -> 1
3,4,7;20-22. -> 1
1,4,32;46. -> 1
3,9,10,11,12,15. -> 1
4,10,18,25. -> 1
2,5,18,25,29,36;45,52,60,64,67,77,81,88? -> 1
2,6,16,24,28. -> 1
0[2]4,5,9. -> 1
1,9,16,23;27,28;32. -> 1
2,3,8,15;22,32,40,47,55,60,61,66,70. -> 1
14,16,23,28,36,38[39]39. -> 1
6:10,12? -> 1
1,4;8,16. -> 2
1,1[3. -> 1
3,5:7,13,26. -> 1
0[4,6,9. -> 1
1,5,8,16. -> 2
5,13;19,25;28,29,30;32,35,36;40,44. -> 1
1,8,12! -> 1
4,6-11,14,23? -> 1
1,11. -> 58
9;15,19;20,24,34. -> 1
5,6,9,13,18. -> 1
5,9! -> 11
7,20.21. -> 1
3,5;10,19;27;35;41,45. -> 1
0]1,4,17. -> 1
8,17,28,39? -> 1
12;17-29,36. -> 1
10,19,31. -> 1
7,17? -> 5
1,3,14,16,19,27. -> 1
1,7;14. -> 3
2,3,5;13,24. -> 1
3,4;13. -> 4
4,7,12,19,20,32;41. -> 1
3,6,9,13,22;30. -> 1
6:8,15,18,24. -> 1
1,8? -> 69
1,3,5:12,20. -> 1
2,3;5;11;13,14,15,18,23;29-30,31,39. -> 1
4,10;14,20. -> 1
4,20,31? -> 1
5,11,17;20. -> 1
2,6;7. -> 1
1,2,11;20. -> 1
16,27. -> 6
1,4;9. -> 15
1,8,17,35,43,49,55,64. -> 1
3,5,8! -> 4
1,3;9. -> 12
4,5,9,19. -> 1
2,3;16;20,24. -> 1
6,7,9,12. -> 1
4,5;6,9,16. -> 1
5;12. -> 23
5,13;17,22(38)38,44. -> 1
3:10,15. -> 1
10;15,17,19;24,29,32. -> 1
6:15. -> 2
2-3-6. -> 1
5,7-10! -> 1
1,7;12;17. -> 1
18,26. -> 2
6:15,15(19,23,27,27)35,40. -> 1
2,6,9;21;22,25. -> 1
2,5,9,16. -> 1
1,11;12,13,14,16! -> 1
9,17;27,35:50. -> 1
1,2:5. -> 1
1,2,8;11. -> 3
1,11,15;26,27,30,40;44,46. -> 1
7,23,29. -> 1
3,9,15. -> 4
10,14,21,27. -> 1
10,22. -> 10
24,29. -> 2
8,13;23! -> 1
2,14:17. -> 1
9,11,13,17,25. -> 1
7-8,12,15;23,30. -> 1
5;13. -> 19
2:13,20. -> 1
4:16. -> 2
15,27-28,37. -> 1
4,10,15,16,18. -> 1
8,16,25. -> 2
5,6,9,12. -> 3
6;11,16! -> 1
9,20,31. -> 1
2,5,6,9:14? -> 1
0[2,3,4,5,7. -> 1
2,5;17;24. -> 1
0]2,4,10,21. -> 1
3,4,13,37. -> 1
8,14,22,29. -> 1
20? -> 12
9,13,22,23,24,28. -> 1
2,6;22. -> 1
4,6,19,34. -> 1
10,27,41,47-48. -> 1
0]0[1.1] -> 5
1,10? -> 27
3,6;10. -> 2
6,11,17,36. -> 1
8:15,22,26,32,36,46,56. -> 1
5,9,15,17. -> 1
15;19,24. -> 1
5,8,13. -> 11
3,6,25. -> 1
2,11,15. -> 1
2,3,9,15,27,34;43,53,64;67. -> 1
4;13:20! -> 1
13;20,26,36,46,50. -> 1
5.6. -> 13
1,7.12,21. -> 1
2,3,8,16,22,26? -> 1
0]4,6,9,18. -> 1
2,9,23. -> 1
2,6-16;25,29,34. -> 1
14,15,19,24? -> 1
14,20,27,33;35,36,50. -> 1
19;28,32,35,38,45-50,59. -> 1
4,11,15! -> 2
3,4,7,17,26,40;43,45;50,53;55,60. -> 1
11,15! -> 1
1-5;6,7;8,9. -> 1
1,2,14,19,24? -> 1
18;25,26,44,46-50-60;69,78. -> 1
4,15. -> 43
18,22,30,38. -> 1
2,3,6,9,17. -> 1
0]2,3,9,12,16. -> 1
10,14,15,18,25. -> 1
3,4,11;12,17;21,26,32. -> 1
1,4,5,14. -> 2
7,8,11,13,16;25;27,30,35;43,57. -> 1
8:19,28. -> 1
1,2,8,12,16,20. -> 1
1,8,15,16,18? -> 1
4;9,14. -> 1
2,4,6,15. -> 1
9,11,12,13,14,18. -> 1
1,3,6;15;32. -> 1
1,4;8;12;17;20;24;29;35. -> 1
2,3,4,5,7,15,23. -> 1
1,2;18;25. -> 1
1,3;7. -> 16
14,18,25,29,33. -> 1
0]12! -> 1
3;8. -> 31
2,3,10,14? -> 2
5;20. -> 2
5,6,9. -> 20
4,7:14,22. -> 1
3,7,9! -> 1
7;15. -> 17
2,16;20,26,27,29,35. -> 1
7;11;18,24. -> 1
3,4,6,13. -> 1
1,2,10,18:24,28,31,34,37,38,39,41;46,49,54;57,65. -> 1
0]1,3,4,11? -> 1
6,8,10,12,17,27,30,32,42. -> 1
15,18. -> 2
1,6,14? -> 1
6,10,14,17,23. -> 1
2,6,8,13,17,21,29,36? -> 1
1,3,11,30! -> 1
2,6;10,15? -> 1
9;19,24,32,34:39,48. -> 1
14;16,22,30. -> 1
8,18,26,33:39,44;48,53,60. -> 1
0-0-0-0-0-2:4,16. -> 1
2,3,13,18,38,49,51,62,80,84,97,109,115,125,132;140. -> 1
4,18:19,20,21,22,30. -> 1
9:18,22,26;27,35,41:47-49. -> 1
2,8,12-16. -> 1
1,11,18,21-29,32,35,42,46. -> 1
2,3,4,5! -> 2
2,7;9,11,14. -> 1
3,4,12,19,36. -> 1
10,17,27,42. -> 1
1,3,8? -> 15
2-10,17. -> 1
1,5,11. -> 13
1,3,7,18? -> 1
0]13. -> 8
9,10;21,25. -> 1
1,2,6,12,18,22:34. -> 1
6,11,24. -> 1
3,6,7! -> 1
2,3,18? -> 2
5,10,13,19. -> 1
11;12,14,21. -> 1
1,6,18,27,29,30,31,33,44. -> 1
1,10,26. -> 1
2,9;19,29. -> 1
7,11,25:35,38,39,40,41,44. -> 1
1,4,8;15;24,33. -> 1
14,17,27;36,37,52-53. -> 1
10,11-12,15. -> 1
1,9:11,19,24;27,31;38. -> 1
4,6,13,29,41? -> 1
1-2-3,5! -> 1
3,5;11. -> 2
11;15. -> 3
4,9,16,21,24. -> 1
8,12,16,20,27,33. -> 1
1,3,6;6[7. -> 1
2,3-4? -> 1
1,3[4]4,10. -> 1
4,6-15? -> 1
6,23! -> 2
1,2,6. -> 96
7,15,17,19,22. -> 1
10,14,24,29,43? -> 1
2,3;8? -> 2
9,14-17,25,33:42,44,46,47,50. -> 1
1,4,5,10,14. -> 1
1,13,21,30? -> 1
5;15;20;21,22,24,33;40,45. -> 1
5,7,8,10! -> 1
3,6,8,10,16,19,24-26? -> 1
2,5,12,15. -> 1
4:7,19. -> 1
9;22. -> 7
12,24;32,42,49. -> 1
4-5,11,13-14,19,24-29? -> 1
4,7;27;30,32,38. -> 1
10,14,17,19,24. -> 1
7! -> 125
3,4,17-29. -> 1
16,19,32? -> 1
2;5,10? -> 1
2,8,16,25. -> 1
3,9,14-18-23,29,32,38-40,48. -> 1
6,11,13,22? -> 1
1,2,5;10. -> 2
3,4;9,18. -> 1
0[6. -> 67
0]6:9,16. -> 1
11,15,17,19,20,28. -> 1
10,27? -> 1
5,13,21;31. -> 1
1,7! -> 31
6,16;23;34. -> 1
3,4:8,12;18,23. -> 1
5,12;15,34,38,43:47,53. -> 1
7-15,26. -> 1
9,21,26. -> 1
3,4,6-9,17. -> 1
8,14,18,22. -> 2
8,14;31. -> 1
4;9:14,20,25,31. -> 1
3,8;18. -> 2
12,13,14,21,28,34,37. -> 1
0]4;10. -> 3
6,10,13-15,21. -> 1
8,13,16,24,42,49,56. -> 1
9:13! -> 1
8,24. -> 10
11,19,35;46,51-60. -> 1
3,11,16;19,26,28,35,37,40,48;50,71;80,82-83,88! -> 1
17;30,34. -> 1
1-2,3-4,6! -> 1
2,7,9;15.16,17,26,29;32,35;39,43. -> 1
1;9,17. -> 1
4,5;18,21! -> 1
0]1,2,3,4,5! -> 1
4,8;13,16,18,23;28,33. -> 1
1,22,27,32. -> 1
1,2;9. -> 6
1,6? -> 80
25! -> 1
2,3,23-25;32,42;48,61,71-73. -> 1
3,4! -> 52
9,16,23;29:36,43,58:67,74,77,83,92. -> 1
4,10,15,24,31;36,42,53. -> 1
7;15,20,26. -> 1
6,18. -> 11
6;10. -> 20
1.2,11,16:26,36. -> 1
13,14,25,32. -> 1
9,13,24,27. -> 1
10;16,19;29;33,39;49,59. -> 1
5,18;27,28,36,46. -> 1
1,15;18,30;32,37,44. -> 1
6;9,13;25. -> 1
10,14,20,30. -> 1
7,10,13,24;32,42. -> 1
3,4,7;14. -> 2
4,9;12,18. -> 1
5,11;26. -> 1
13;14,16:20;26;42. -> 1
7,14,19:26,33,40. -> 1
1,2,16! -> 2
8,10,19,22,30. -> 1
13,24,33,41;49. -> 1
1,15,29. -> 1
7,8;15. -> 1
1,2,5,6,9! -> 1
3;7,12. -> 1
5-8,13. -> 1
3,7;17,23,26. -> 1
1,7,12,15,18,19,21;30,35. -> 1
15,20,36,45;53,64,77. -> 1
1:15,26? -> 1
7,15,23,27,32;37. -> 1
4,12,16;19-21,25;30. -> 1
5,13,16,20. -> 1
2,3,6,11,15,19,24,30? -> 1
2,6,7,16. -> 1
1,9;12. -> 2
9;10,11,12,18. -> 1
3;8.8[9. -> 1
4,5,12;18. -> 1
6,15-18? -> 1
6-11? -> 1
5-6,12? -> 1
6,12,19? -> 1
2:6,7,12,15,18,28,34? -> 1
2;14? -> 1
11,24,30,33,39,51? -> 1
4,5,9;17,23. -> 1
13;25;35;36,44. -> 1
1,7,12,17,29. -> 1
4,22;28. -> 1
8,10;15,20. -> 1
12;19;29,38. -> 1
11,23;33,37,48. -> 1
2,4,7? -> 7
6,9,13;23. -> 1
2,3,7:14. -> 1
5,7,12,16,21. -> 1
1,10,22;28,36,42. -> 1
14,27,31,40:53:59,62,71,83. -> 1
9,18;28,36. -> 1
4;15,23. -> 1
1,2,3;4,5,6,7. -> 1
7:14,29:43,54;56,57,64,74. -> 1
4,5,14,19;25,29,32,39,54. -> 1
11;13,14,16. -> 1
1,3,8,17,29. -> 1
7,25,33,43. -> 1
14,19,24,32,39. -> 1
14;18,19,27. -> 1
3,12,23. -> 1
5! -> 262
6,14;23,32. -> 1
12,22,28,34. -> 1
12,20,23. -> 1
1,4,8,10,16,18,27;34,42. -> 1
8,10? -> 6
0-0-0-0-0-9,15,22,29. -> 1
9,13,22? -> 1
2-7,33. -> 1
6,16,20,29,36;37,39,44. -> 1
6:11;27;29,30,45. -> 1
0]2. -> 827
0[1]7:10. -> 1
1,2,13,17,24,34. -> 1
7,12:19;31. -> 1
1,9,17,24,25-26,33-34;36,40-42,45,49,58,66,72. -> 1
3)15:17:23:25,26[28]29:32:33:35. -> 1
5;15,25,33;39,45. -> 1
2,9,16,22,27. -> 1
6;11.12,16,22,24,26,33,37. -> 1
9,11,18,22,31. -> 1
8,13,21. -> 3
5,8,11,13,17,25,29:42;51. -> 1
2-15,16,18. -> 1
6,17.27. -> 1
4,10;11,16,21,25. -> 1
4,5,9,19,20,49. -> 1
1,3,8,23. -> 1
2,10;19,27,31,33,35,38. -> 1
4,8,17,22,27;30,38,47,50,54. -> 1
2,4,7;13,14,16;23,27,29,31. -> 1
3,6,7,9,11,15;19,29. -> 1
0,0]1. -> 1
1,4,8;13,18. -> 1
4,11,16,25;39,49. -> 1
6;12. -> 18
3,5-8,17,20,25,30,35,39,40,44. -> 1
16;28,30,41;42,45,51;57,66,86. -> 1
1,3,7,11! -> 1
1;7-27! -> 1
9,10;12,19. -> 1
8-9! -> 1
2,9,15,18,25,30;35,45? -> 1
5:9,18? -> 1
4,9,18,23-27. -> 1
3;6,8,11,14. -> 1
4,8,14,22. -> 2
8;14. -> 18
7,9,12. -> 5
4,7,10,14,26,31,40,45,51. -> 1
2,4! -> 158
1,4;6,8,16,23,33,41. -> 1
2,5,10;17,20,22,27,39. -> 1
3,4(7)9. -> 2
3,11,12,14,15,20. -> 1
3:7,8,12. -> 1
2,11,13,28;33. -> 1
8,16,24,32. -> 1
0[4. -> 307
3,13,17,21? -> 1
1,2,3,10-13,32. -> 1
4,11? -> 13
15! -> 16
4;5,6,10,19. -> 1
2,3,13,17,21;22,26,37. -> 1
2,7;10,12. -> 1
3,4,12-13. -> 1
8,16;24. -> 1
1,3,13,19;26;45. -> 1
9,16! -> 1
4,14;23;34;45,49,54! -> 1
6;8,10,14. -> 1
15,20;28,33,39. -> 1
2,3,17? -> 1
3,4,24? -> 1
2,16,17. -> 1
0,5! -> 1
1,6,7,8,10,11. -> 1
1,2,6,8-9. -> 1
7,8,10,12:25. -> 1
1,4,5,16. -> 1
2,4,9,15? -> 2
7,12,21:31,36,41,45,49. -> 1
12:19;26. -> 1
0-0-0-0-0-2:5,9. -> 1
8;22,27,31,35. -> 1
1,4,18,21,22,31. -> 1
9,17,26,35. -> 1
10,12,21,27:36,37,41,54. -> 1
9;20,24. -> 1
15,30;32,41,47. -> 1
0-0-0-0-0-2:6,22,26,29. -> 1
8,16,19,22,26,27. -> 1
4,5,13;21,28,31. -> 1
2,5,16,27,42. -> 1
1:4,8. -> 2
8,16,30. -> 1
7;8,11,15,19,25,29-30. -> 1
9,12,23,28. -> 1
8,13,16;17,20,25,33. -> 1
2,3,4,9! -> 1
1,8,11,21,26,32. -> 1
9;17,24. -> 1
9,11,19. -> 2
11,15,21. -> 1
8,18,22-38;44,48,53. -> 1
6,9;13,19. -> 2
9,18,24. -> 3
8(13)23,33. -> 1
5;12,19! -> 1
9,19,37? -> 1
5,6,9;13,15,20,25. -> 1
5,10,18? -> 2
1;3,8,27. -> 1
8,14,17. -> 4
6,9:14;19:24;28. -> 1
4,10. -> 209
1,2,6,17! -> 1
8,15,19,24,31? -> 1
6,10,16,20. -> 1
2-6,9. -> 1
11,14,15. -> 1
3,5,12;19,29. -> 1
6,14? -> 7
9,16,31? -> 1
14,19. -> 12
3,4,9,19,23;30,34,40,46. -> 1
21,24,32,35? -> 1
7,11,20. -> 3
11;22;31-33,42? -> 1
11,19,28,35. -> 1
3,7;12. -> 2
4,14,22. -> 3
5,10,14,18,22,27,35,39,45,51,61,68. -> 1
1:2,3,4. -> 1
7,10;22,28,36,40;49,65,89.110,117,123,124,130;132,143,153[154]154. -> 1
6:10,15;19,27. -> 1
4,5,7,9. -> 1
7,19:24,31,32,33,37,44. -> 1
3,6,15,22. -> 1
4,9,18,26,27,36,50.52-60! -> 1
4;10,17,19. -> 1
2,7,21,28,33? -> 1
10,17,19,21,32:36,48,56,66:75,81,84. -> 1
8,16,23-24,25,30,31,47,51,59,64,71,75,83. -> 1
11,19,28,37. -> 1
6,7,9,13,20;30,34,44:64,75. -> 1
6,10,14,19,23. -> 1
0]6:10? -> 1
5,13,16,17,19,21. -> 1
2-4. -> 4
1,13,29! -> 1
9,16,26,30,36,42;46,54,73? -> 1
4,9;29. -> 1
8,17,22-24;32. -> 1
3,5,6. -> 11
7,11;17,21,34,39. -> 1
11,14,20,28,35. -> 1
0-0-0-0-0-2:4,8. -> 2
10,13,20,27,40,46:61,68. -> 1
2,4,10,14. -> 3
8,11:12;16,23,33. -> 1
1,4;11:17,18? -> 1
6,21;29,31;51. -> 1
10,16;20;28. -> 1
4,6,7,9;12,16. -> 1
5,6,13,23,34,47,53. -> 1
9,18,35. -> 1
4,8,15,28;36,38. -> 1
0]4? -> 20
0]3,4,6,7,13,16,21,25;30,36,38,39! -> 1
1,8,14,15,19;21,23,24,26,29,35. -> 1
5,9,14,19. -> 1
6,19,28. -> 1
6,7,10,16. -> 2
1,3,8,11,16,21,40. -> 1
2,8,14? -> 1
5;6,7,10,28. -> 1
1,3,4;5,15. -> 1
8,12,18,28. -> 1
1,2,21. -> 2
1,26? -> 1
5,8,12,15? -> 1
3,8,11;20,30,36,49. -> 1
1.1[5. -> 1
8,18,22,27,30,35. -> 1
1,7,14,27,34,37,40. -> 3
4,6;7,13,25,31. -> 1
4,5,10,19,35;42,49. -> 1
3,7,11,17. -> 1
9,18,41,67! -> 1
0[1,3. -> 2
8-9:15. -> 1
4,8,15,35. -> 1
3,13-18. -> 1
10,21,25,30,32,38,42,45,49,58,64,74,82,89. -> 1
11,18,24. -> 1
10,19,24,28,36:40,46,50,54,58-63,72. -> 1
5;13,14? -> 1
2,4.4]5. -> 1
1.12. -> 1
1,3,8,11,16,21,34,36,42,51. -> 1
8-14,23,33-35,45,57. -> 1
10,24. -> 10
9,17,19,21,26,30-35:44,55,59,65,74. -> 1
6,18,29. -> 1
2,4,9,14? -> 1
0]8,11. -> 2
8;9,11,16. -> 2
1,3,4,5,7! -> 1
20;28,38? -> 1
15,21,33,42. -> 1
5,7,10,33,41,49,58,67. -> 1
9,35. -> 1
10,17. -> 29
0[2]12;20. -> 1
10,20:28,35,45,54,59,62,65,70. -> 1
7;9,13,30,36,55,62. -> 1
3,15,22. -> 1
8,9,14. -> 1
2,7,14,15,16,30,31,33,37,47,52. -> 1
5,8,14,22;24,35. -> 1
2(4)7,14. -> 1
2,3,9,11,19,25;30,33,35,37? -> 1
7;14;17,19,22,24,26,34. -> 1
10,19:24,28,31,37.39(43)52,58,64,68. -> 1
2,3,5,6,12,15,25,26,27,28,29,37,52,53,54,55,56,64. -> 1
10,16,22,30? -> 1
3,5,13? -> 3
3,7,10,15,24. -> 1
1,15,20,34,38. -> 1
11,19,30,33,38. -> 1
3,14,23,32. -> 1
1,9,22. -> 3
1,2,7,9,10,15,24,26,32,34,36,37,39,44,46? -> 1
10,12,15. -> 1
1,4,14,19. -> 1
6,15,20,34. -> 1
4,11,24. -> 1
4,16,26,32:40,49,58,66:79. -> 1
2:2,6:9,14,15. -> 1
5,7,12,16,21,23,24,29. -> 1
12,17,21,30,34! -> 1
2,8;18! -> 1
0]5,11. -> 2
14:18. -> 1
8,16,27,28,33,43. -> 1
6,14,19,31,38,45,49. -> 1
12,19,36. -> 1
4,8,13;16,19,23-24. -> 1
13,15,17. -> 1
2:10,13,19,28,34,39,46,48,49,55. -> 1
7,16! -> 2
6;10,14,16,19,23;27,32;35,37,39,43,47. -> 1
13;16,28. -> 1
4,18,23,33. -> 1
2,6,12,13,16,19:22,23,29,41,45-49,52,56,61. -> 1
16,20,24,33! -> 1
11,15,31. -> 1
5,9,13,18,20,27. -> 1
0[4;5,7,8,11. -> 1
3,8-10,18,33,38? -> 1
10;23. -> 1
16,22,30. -> 2
9,13,16,23,31. -> 1
7,12,13,21,30:46. -> 1
3,9,15,21,28,33,38,54,66,70,77. -> 1
8;16,21. -> 3
10,20,28,36,39,46,51,54,59,69:76,86,93,96,100? -> 1
3,4:31. -> 1
4,7,11,29. -> 1
5,9,15. -> 5
5,9,18. -> 7
6,16,34,35,37,43. -> 1
9,21,26:29,34,42,49,56,62. -> 1
13,19;20,23,26. -> 1
1,2,8,11,22,30,40. -> 1
5,8,9,12. -> 2
12,24:29? -> 1
4,10,20,25,29,34. -> 1
4,10,19,23,29,35. -> 1
4,9,16,23,32,40,47-49,66. -> 1
0]1,5;11. -> 1
6;14,16. -> 2
1,2,8,12:16. -> 1
9,17,23,30,38,47. -> 1
7:15;20. -> 1
1,4,5,6,9-10,19. -> 1
9,13,18,29,38. -> 1
1,4,9,28. -> 1
5;11,19;22,27,42. -> 1
4,11,21. -> 1
10,14,20. -> 3
1,4,6,8;20. -> 1
1,2-3,5! -> 3
6,7,15:21,26,33,42. -> 1
5,9,13,18,27,34. -> 1
1,7:8,9,14? -> 1
3;17? -> 1
8,15,21,26,29,38,40,42,44,46,48,56,64. -> 1
5,9,15,19. -> 1
8,13,20. -> 3
4:6. -> 2
1,5,8? -> 3
4,9,17:26. -> 1
3,8;9,26,30. -> 1
5,6,14,26;28,30,36,52. -> 1
5,14;16,25,31,37. -> 1
3,6,13,22,30. -> 1
1,4,21,33? -> 1
6,8-9. -> 1
1,2,6,10,13. -> 1
7,16,23,26,29:33,35,40,48,66. -> 1
4,6;11,21;23,24,27. -> 1
2,3,5,10,14. -> 1
1,2,7,14,18,23,27,31,34,40:52,60,69,71-73,76,80? -> 1
10,12-14(19)28:36. -> 1
6,17-18,26,31,34,39,43;50. -> 1
8,17! -> 3
4-5;14. -> 1
9,19,23;24,28,33. -> 1
2(4)8,12-17. -> 1
5,11,25? -> 1
5,9,13,17,23,26:30,35. -> 1
3,10,15,21,32,35,38,44,59,68. -> 1
8,17,25,30,33! -> 1
11,16,21. -> 4
10,20,22,30,36. -> 1
7,11,18,22. -> 1
6,10;13,18,27,32. -> 1
10,16,27. -> 1
11;22,27. -> 1
12,18. -> 23
3,4,12,19,33,40,50,60,71. -> 1
9,17,26,34. -> 1
7,16,39. -> 1
13-14,20? -> 1
1,4,11,12,16,20,24,25. -> 1
2,9,20. -> 4
9,13:18. -> 1
14,20,23. -> 2
1,2,6,12. -> 2
7,15,23:30. -> 1
7,15,24,28,29. -> 1
4,6,15. -> 6
7,11,15:20,27,34. -> 1
4,9,15,18,21,25,28-30. -> 1
2-4,7,11! -> 1
6,9;14,21,29,33. -> 1
3,17. -> 10
2,5,15. -> 6
3,6,10? -> 2
9,17,24,30-32. -> 1
4;6;18. -> 1
8,10(12)18,27,36,43,51-52,56,60,69,73,78,82,88. -> 1
1,8,18,25,30,33,36,37,41,44;49,55. -> 1
6,9-12. -> 1
1,7;23,35. -> 1
5,11,16,17;19,20,21. -> 1
1,5:9;14. -> 1
8,15,24,30. -> 1
5,7,11,20? -> 1
1,7. -> 199
12,15,17. -> 1
1,5,8,13,23;29,40,43,46;48,49,56! -> 1
2,5,7. -> 13
9,17:26,32:41,50. -> 1
9,9(19.19) -> 1
4,7,14,20,24,33,43,47,51,59,66,70,75,79,84. -> 1
3,5,9,12:20,27. -> 1
9,16,25,35.44,53,56-57,61,69. -> 1
2,4,10,14,15,20,41. -> 1
1,16.20;25,41. -> 1
10,13,15,27,30,36. -> 1
4,6-12,18,19-22,30,34:46,50,55,59:62,68. -> 1
1,4,6;9,11,12,21. -> 1
9,17,25,34. -> 1
7,16,23,29:39,48,56,64,66. -> 1
3,5,10,17,25;37,43,49,54,61,62,64,76. -> 1
9,15,23,32,44. -> 1
3,9,16,18,23,30. -> 1
6,9,14? -> 1
8,14,21,28? -> 1
9;14;31. -> 1
4,10,15! -> 2
8,24,31,39. -> 1
1,2,19? -> 1
4,10,14,19. -> 9
17. -> 144
1,3,13;14,20,26,35. -> 1
15,24,28,32. -> 1
12,22,29. -> 1
5:9,13,17,19,21,25;26,29,33,39,44:46,56,58,61. -> 1
6,13,17. -> 4
10,13,14,24. -> 1
4-5,17:20! -> 1
10,15! -> 3
3;6,11;15,33;54;67,72. -> 1
5,8;11,13;16;24;28,35;44;50,54,63,70;73,76;87,99. -> 1
6,10,13,18,31! -> 1
7,11,16. -> 7
6-7;14. -> 1
3,14,26,30. -> 1
4-5,10. -> 1
5,9,13:17,21,25,30. -> 1
3,6,8,12,16:21,26,35,43:47,52,60,67,75. -> 1
11. -> 419
0]4,6! -> 1
3,4,6,18,36,43,51? -> 1
9,17,25,33. -> 1
9,14,19,26,35,45,54. -> 1
5,9:10,16! -> 1
2,3,9,25. -> 2
8,15,16,17,19:24. -> 1
10,19,28,37;47,55:64,74. -> 1
4,9:26,30,31,34,39. -> 1
4,8,14;18. -> 1
6,11;17,21. -> 1
2,4,9,18. -> 3
10,14,22,24,35,41,50. -> 1
10,12,16,18,21. -> 1
1,2,13,20,28,37? -> 1
6,13,21,25,29. -> 1
6,14;21? -> 1
4:9;15-17? -> 1
2,6,7,9,24,26,35,52,54,56,59,65,74. -> 1
2,4,8,15. -> 2
18;36;41,47,49,51,56,64;81,85,99. -> 1
7:8,10,15. -> 1
2,3,6,12,16,23. -> 1
4,6,9,13,16,20,24,26-31. -> 1
13,15,23! -> 1
1,2,8,12,19. -> 1
2,20,29,32,38. -> 1
1,2,5;9. -> 2
6;12,14,16,21. -> 1
1,3.12,16,17. -> 1
6,7,18,27. -> 1
5,9,17? -> 2
3,8,12,13,16,26. -> 1
0]2;3:10,16. -> 1
10-14. -> 1
12,27. -> 2
3,8,11,15. -> 1
2,19,25:26,28. -> 1
19,23,25,31? -> 1
3,4,6,8,13,15,21,24,32:38,39,41,49,56,65:69,75,79,84. -> 1
9,16,32;42,46;50,57,64. -> 1
19;30:34? -> 1
11,21;24,30? -> 1
7,16,18,34. -> 1
6,11,12,15,23,31. -> 1
1,2,3,4,20. -> 1
0-0-0-0-0-2:17. -> 1
8,15,24,37,44. -> 1
9,9[13. -> 1
2,4,11,15. -> 1
1,5,8. -> 16
4,5,6,8,17,27! -> 1
20. -> 48
10,16:25,28,33. -> 1
1,2,20. -> 4
19,28,35? -> 1
8,18,34:42,49,53. -> 1
6,13:14,24,33. -> 1
11,19,28,32-37. -> 1
10,20:25-27,37. -> 1
14,18(22)26,31. -> 1
1,3,4,9,11,12,26? -> 1
1,4,8:9,15,21,28,36,44. -> 1
5,9,11,18,28;34,39,45? -> 1
1,2,5,17. -> 2
3,5,14,23,26. -> 1
6,12,20,29:45. -> 1
5,15,24,32. -> 1
18,23,25,32,35,38-48. -> 1
5,15;18,23. -> 1
0]3. -> 52
6-11,13,20,30,36. -> 1
5,8,16,22. -> 1
3,12,18! -> 1
2,5:13. -> 2
2,3,5,13,27,31,34. -> 1
1,2,5-7,16. -> 1
9,17,26,34:44,50,59,60-66,71;80,86,90. -> 1
10,13,16,20;29. -> 1
3:4,11,19. -> 1
4;8? -> 4
6,8;9. -> 1
5,19,27? -> 1
5,15.16. -> 1
8,14,18,35. -> 1
4,6;9,18. -> 1
4(8)10,18,28,35. -> 1
1,3,7,9,14. -> 1
7,16,31,41,46,50. -> 1
3,8,11,12,18;22,27. -> 1
1,15,19. -> 1
2,3;4,5;9. -> 1
2,3,5,10. -> 2
8,15-17:22,25,33. -> 1
8,27,32:39,50. -> 1
4,8,13! -> 1
4,9,13,18. -> 3
9,15,31? -> 2
4,5,12,18,22,26,33. -> 1
6,9,16,20:27,35. -> 1
2:12,23. -> 1
3,6,9,14:24,31. -> 1
7,14,19,26,34. -> 1
12,16,21,30,34,39,42,43,45,48,49,52,57,61,69:78,79,80,82,84:89,93;101:107,110,114,119. -> 1
3,6,14,15,21,32. -> 1
10,17;19,24,28. -> 1
9,13,14,15. -> 1
8,14-16,24,33. -> 1
1,4,6-8! -> 1
3,4,6,11,20,33,43,51:58? -> 1
3,5,7,10,17,26,34? -> 1
1,9,14;19,23. -> 1
7,12,15,16,17,22,25? -> 1
8,11,17,20,28. -> 1
1,9,21,23,31:35,39,48,56,65:72,78,81,84,90,98:107,116. -> 1
8,18,25-31. -> 1
3,4,16? -> 4
22,28. -> 1
1,11,19,38. -> 1
4,9,18:27,36,50:54,60,68? -> 1
1,4;12. -> 9
5,6,23,26,29,30,31,32,34,57,61. -> 1
1,7,8,13. -> 1
7,18. -> 21
11,13,31,40. -> 1
0]9? -> 4
0[2:3! -> 1
1,4,14,29,42,50,62. -> 1
1,8,17,26,35,42,46,52:65,71;81,89:105. -> 1
0]7,19:27,27(42.42) -> 1
2,5-13. -> 1
4;10,14. -> 1
3-10,20. -> 2
9,15,25,34,50. -> 1
2,4,13;18,26,31. -> 1
9,17:21;25,33-34:40,48;56,65,73,81:90,95? -> 1
2,7,16? -> 2
18,27,34. -> 1
3-4,5? -> 1
2,4,8,11,14,17. -> 1
13-17? -> 1
0]1,5:9. -> 1
4,7,18,22? -> 1
4;5,7,8. -> 1
0-0-0-0-0-1,2,15,20. -> 1
10,17,26,30,34,49,58,68. -> 1
11,20,28,33,36. -> 1
10,23,28,34. -> 1
12:27. -> 1
7,17,22. -> 1
40. -> 1
12,18.24,29. -> 1
1,6,16. -> 7
20,27. -> 3
18,30. -> 3
13,18,26;45,53. -> 1
0]2,8,15? -> 1
5,6,12,15. -> 1
2,23. -> 3
2,10,13,21,39;48,50,52,56,62. -> 1
5,11,13,18. -> 1
1-9,12,19,32,39,47,51,54,57,74:74(75)83,83(84)85,86,95,96(97)101. -> 3
20,38. -> 3
1,8-9,16,19,32. -> 3
9.18:26,30,34;39. -> 1
23. -> 14
1,8;10,12. -> 1
3,9,14;25. -> 1
2,9,11,26,32. -> 1
6-21,29(31)48. -> 3
1,2,8,13. -> 4
3,4,5,7-8,17. -> 1
3,7,16,19,21,25,26,30,32,39,47,50,62. -> 3
10,14,22. -> 4
28,41,48. -> 3
2,5,9:12,14! -> 1
4,7-10. -> 3
1,10,14. -> 4
1,15,36. -> 3
4;11;25. -> 1
1,3;6;8,10,12,14! -> 1
12,29. -> 4
1.5;10. -> 1
12,13,15,18-42. -> 1
21:53. -> 3
6,15;18,22,31. -> 1
4,15;21,34. -> 1
8,9,10,11,24. -> 3
2,6,16,34,46,60. -> 1
5,6,12,19:28. -> 1
1,6,12,22. -> 1
13,15,20. -> 1
5;6;7,8. -> 1
1:5;8-11. -> 1
1;15,28. -> 1
2(18)18,37. -> 3
0]9! -> 2
3,7,12,28(37,46)48,49,50,51,54:83. -> 3
4,10;15. -> 2
3(4)9,16,22,25,32:41,49,51,54,58,65. -> 1
4,17;28,34,51;60,69. -> 1
3,8,12,31,35. -> 1
1,2,18,27? -> 1
1,2,6,10,16;18,21,24. -> 1
1,2,16,20,24,31,38,48,57,61,66,72. -> 1
9:10. -> 4
3,4;10;19;34. -> 1
8;9,16,25,33. -> 1
7,16,41. -> 1
9,18,27. -> 5
2,43. -> 3
1,3,10,12,18,23;30,32,35,40;49,58. -> 1
12,15,17,19,21,34,45,59,65,73. -> 1
6(10)10,22. -> 3
15,16,19. -> 3
2,3,4,5,7,8,18,24;30,34,45,54,60,74. -> 1
5,7,9;17,22! -> 1
4,17,27. -> 1
2,14,31. -> 3
4[4,4]5. -> 1
5[7]9. -> 1
10,16,25,33. -> 1
7;8,15,34. -> 1
6,7,18:26,32,36:44. -> 1
1,6.14. -> 1
4[5]7. -> 1
6;9;16;22;30;38:46. -> 1
1,4,6-7,12. -> 1
8[8. -> 2
2,3;5. -> 3
4(7)21;23,24,29,48,57,66. -> 1
4,6[7]9. -> 1
1,2,6;8? -> 1
1,4! -> 148
13,19;20,24,32,42. -> 1
4[4? -> 1
8,9,16;23,29. -> 1
22,24,31,39. -> 1
12:17! -> 1
3,17,28. -> 1
10,19,25,34. -> 1
9,18,33;41. -> 1
3[3]4[4]5. -> 1
0]6. -> 32
1,2,14;25. -> 1
6;13;23,24,26. -> 1
4,5,8;15. -> 2
1,3,7,8-10,14,21,25,30:34,40,49. -> 1
2,12,19,25:26,32,35,43;45,46,57. -> 1
5,12,27. -> 1
5[6]8. -> 2
2,9:19,22. -> 1
12,16. -> 18
1,8,13,24,34,42;58,66. -> 1
3(8)11,15,18,22;26,31;39. -> 1
5,8,13,15,18? -> 1
1,2,10,10[12,14. -> 1
1,4,8;11,12,18. -> 1
2,7,8,16! -> 1
10;18,24;38. -> 1
0]6? -> 8
1,3-4;5,7-8. -> 1
14,17,32,36,42. -> 1
3,4,7,8,19,25? -> 1
8,18,33. -> 1
2,4,8.9. -> 3
0-0-0-0-0-0-0-0-0-0-0-0-0-0-0-0-0-0-0-0-0-0-0-0-0-0-0-0-0-0-0-0-0-0-0-0-0-0-0-0-0-0-0-0-0-0-0-0-0-0-0-0-0-0-0-0-0-0-0-0-0-0-0-0-0-0-0-0-0-0-0-0-11,18. -> 1
1,5,12,18. -> 2
5,16;19,22,30,38,41,46,51. -> 1
5,7,20,24,25,30,38? -> 1
6,8,9,10,11,18;21,29,39;48,50-51,53,59,61,70;71,72,73. -> 1
5,12,16,18,20,22,24;28,32,33,34,35,38-39. -> 1
10;14? -> 1
2,9,16;23,29. -> 1
3,4,10;18-19-26. -> 1
6,7,14,17,20.25,32,35,38;45. -> 1
1,11,19. -> 2
1,2,4,6,19. -> 2
11,14,21. -> 1
7,14,18,26. -> 1
14,22,26,38,41,48-53,59,65,70,75,77,81,94,98,106,121. -> 1
2,4,8. -> 46
1,2,5,10,12,15,19,22,32,36,43,45? -> 1
6,9,17,25? -> 1
18:20,21,24,31,37,41,49. -> 1
8,10,12,17. -> 2
3,8,10,12,14,23,35,39,43,47,53. -> 1
3,4,7,12,18? -> 1
1,4,15,18;19,22,27,30. -> 1
8;13,18. -> 3
3,4,8,12,19;30,42. -> 1
10[11]18,27? -> 1
1,2,7,14. -> 5
12,23,37. -> 1
10,23. -> 15
6,14,18,25:31. -> 1
20,31,36,40,46,57. -> 1
2,5-17. -> 3
14,32,33,36,45. -> 1
1,2,9,11,14,20? -> 1
2,7,12,40-45,53. -> 1
1,3,14;17? -> 1
1,5;12,19. -> 1
5,15;18,22,23. -> 1
2,6? -> 32
3.4,5,7,12,18,29,36,46,49[50]52? -> 1
3,4,9,12,20. -> 1
8;9,13,22. -> 1
9,14,21,25,35? -> 1
3,7;16,18. -> 1
6,18,26:36:45,53,57,61:64,69. -> 1
9,11,18,28. -> 1
2,3,5,8,11,14? -> 1
0-0-0-0-0-2:3,7. -> 1
1,2,3;10.13,14,17,25. -> 1
5,9,13,15,19. -> 1
1,7,10,14,17. -> 1
9,13(18)36. -> 1
4,5,11,18. -> 2
1,5,6,9,16,27. -> 1
2,3,4,14,25? -> 1
1,4,6-8. -> 1
3,4,16,29,39,48. -> 1
1,3,5;6,10. -> 1
3,4,12,17? -> 1
2,8,17,21? -> 1
12;13,22;23,28,41. -> 1
3,4,10,27? -> 1
1,2,5,17? -> 1
1,6,13,20,27. -> 1
16,24;31,32,33,39,47;53,56,62,65,72,78. -> 1
10,15. -> 42
2,8,11,14;20,22,36. -> 1
3,15;16,24,32. -> 1
8,16,23,26,29? -> 1
1,2,4,16,24;28? -> 1
1,2,22,32,41. -> 1
9;13;19;25,42. -> 1
1,2,4,9,13;16:30,36:42,52,60,73. -> 1
13,15,20,26,37. -> 1
1,12. -> 29
7,10;16,24;29. -> 1
12;29;45:53,57,60,64. -> 1
1,10,18;19,27,31,45. -> 1
8,13,15,16. -> 1
8-13,17? -> 1
0]4,6,7,12. -> 1
2,3,7,15,24,31,36? -> 1
6,16,28. -> 1
4,13:15,16,28,34,38,43-50,55,62[63]63. -> 1
10,11,12,20,26,32,40,43,45,61,73,76? -> 1
4-17. -> 1
4,5,6,20? -> 1
12,24,38,44,54,73. -> 1
1,2,4,19. -> 1
1,2,18? -> 1
1,8,17,19,24,29. -> 1
9,16,27,42-45? -> 1
2,12,19,27? -> 1
6,14,17,33. -> 1
8,9,11,21,26,34,40? -> 1
2,9:18? -> 1
1,2,6,25,27,33,35,47. -> 1
18,23-25;31,43,47. -> 1
19,26,43;54. -> 1
3,4,12,17,27,37,50? -> 1
1,12,19,25,38. -> 1
9;17;26,36. -> 1
9,17;28. -> 1
11,15,19,23,26,29,35,43. -> 1
6,11,16,23,41,49,59. -> 1
6:22,36. -> 1
2,3,6,9,13,15,19,25,31:38;50;54:57? -> 1
7,15,17,20,23. -> 1
3,4,13,18? -> 1
3,4,9,15,26. -> 1
3,7,13;17? -> 1
5,9,18,21-33. -> 1
0]1,2,4,10. -> 1
2,4,10,15,23,36,39. -> 1
1,2,8;11,12;16,22:29! -> 1
2,4,11;25,30,41,50. -> 1
2,6,14. -> 7
6,14,19,23,36,44,55? -> 1
3,11? -> 7
8;11,17. -> 2
5,7;14,21? -> 1
3,5,11,23. -> 1
1,25. -> 1
4,6,7,10,19. -> 1
10;15,17! -> 1
0]0[2.2] -> 3
7,14,18,23,30;36,47,49,56,63,67;74,84. -> 1
3,9,15,19,26,38. -> 1
4,6;16. -> 2
13,24? -> 2
3,6;20,24,26,35,42;46,50. -> 1
1,2,7,11,21,28,42. -> 1
8,13,17,24. -> 1
1,18;20,30,34! -> 1
4,6,13;17. -> 1
2,4,11,14,17,22,25? -> 1
1,12,27. -> 1
9;14,17,25,34,41;48,49,56,60,65;69,74,81. -> 1
3,6,9,10;20;30,39. -> 1
1,5,7,10. -> 2
5,24. -> 4
1,9,13? -> 1
1,2,8,13,20. -> 1
4,10,15. -> 12
5,8:11,13,29:43,46,48,57;60? -> 1
1,4,5,9;13,14,17,19. -> 1
2,4,6,17? -> 1
5;8,18. -> 1
1,2,4,9,13,17. -> 1
8,13,22,26. -> 1
3,5,9,17. -> 1
10,16,21. -> 3
3,20;27,34. -> 1
2,5.6. -> 4
6,10;13? -> 1
1,5,7,9,17,31. -> 1
5,20,28,29,34. -> 1
11,21,30,39. -> 1
3,11,19,26,34;43. -> 1
6,14,20,25. -> 1
3,4;6,8,10. -> 1
8,28,35,43,52,61,64,69,74,79,86,94,99,103,103(115)121,129,139. -> 1
5,6,8;20,28. -> 1
7:13:14,17,27. -> 1
13,29. -> 4
2,3,5,17? -> 1
1,3,15,23? -> 2
4,6;11. -> 1
15,29,52. -> 1
9,15,21? -> 1
9-13,27. -> 1
1,4,15;22,29,36,42;43,46,51,59,74;75,77,81,89. -> 1
9,18,31. -> 1
3,4,13? -> 2
6,12. -> 101
7,10,13,20,23,27. -> 1
2,4,14,18. -> 1
6,9,12,15,18,22;30. -> 1
1,14;15,22. -> 1
1,2,12,17. -> 1
1,2,3,6,7. -> 1
5,9,11,13,21. -> 1
15;21,25. -> 1
6-7,9;13,19. -> 1
1,11,24,32. -> 1
11,27,33:54;55,56,62. -> 1
0.0] -> 1
6,14,21,27. -> 1
2,4,10,15,16,18. -> 1
4:13. -> 2
3,7,13,19,22,31,36. -> 1
2,3,10. -> 21
23? -> 1
8;12. -> 16
5,6,7,10,14:17,22. -> 1
3,28;32,42,56. -> 1
9,15,26. -> 1
1,2,11,18? -> 1
7,11:19-22;25,29,33,46. -> 1
1,3-5,18-19! -> 1
19,33,45,56,61,68:82,94,99. -> 1
9,16,26,30-33,36? -> 1
4;5,10,14,19. -> 1
11;28. -> 1
1.6. -> 9
2,7,19. -> 2
9:15[16]16,20;27? -> 1
9,17,22,30;32,36,38;47,54,58,61,65,67,69,72,76,79:95. -> 1
3,4,5,7,12? -> 1
5,10;15. -> 1
6,13,14. -> 2
13,15,18,27,35,42,47. -> 1
5,8,10,12,13,20,26. -> 1
1,14;26. -> 1
2,3,10,13,14,21;26,32,36,46,47,54,63. -> 1
4,8,9! -> 1
5,10;12,19. -> 1
3,12,17;27. -> 1
4,6,11,13,20,24,29,44. -> 1
2,3,8,15,20,26? -> 1
19,29;30,36,43. -> 1
3,5,11,14,15,19,37,41:45,54;57,66. -> 1
2,4,6,10,11,20,24,32,52. -> 1
9.16,21,22-25. -> 1
3,5,8,14. -> 1
11,16,25? -> 1
2,4,8;16:19,20,34. -> 1
4,8,25,31,36. -> 1
2,4,9,20,27,32. -> 1
13,17,37,48? -> 1
3,5,15,30. -> 1
1,3,5,11. -> 2
4,6,9:17,21,26. -> 1
2,9,13,24. -> 1
2,4,7;18. -> 1
1,12,26. -> 1
3,8,9,15. -> 2
5,13,22,26;37;44. -> 1
1,10,13,18,26;30,34. -> 1
12,17,25,28-32,40,55. -> 1
5-11,16,20,25,32. -> 1
6,9,15,21-22,33-35,52. -> 1
2,4,5,13. -> 1
3,8,17,26,33,47,54,56,57,62. -> 1
3,4,5,25? -> 1
9,18;27,31-34,36,40,48? -> 1
2,3,8,10,14. -> 1
0[2]10,19,26. -> 1
2,6-12,19;24,28. -> 1
1,2,5,7,13,21,28. -> 1
1,3,12,15,21. -> 1
7,9;12,14. -> 1
16,31? -> 1
6,7,16,27? -> 1
1,8,9,11. -> 1
1,13,21,22,28,33,34,36,53,58,63. -> 1
1,15,25,27,32,37,41. -> 1
8,10,13,23,26! -> 1
4,8,17,22,27. -> 1
7,13,17. -> 1
27,41-43. -> 1
2,5,14,22,26,30,39:41,42,46,53. -> 1
1,5,13,25. -> 1
15,40. -> 1
6:11,21,27:28,29,37;51. -> 1
3:8,13,26,30,33,36,40. -> 1
2,4,6. -> 35
1,9,10,14. -> 1
15,18,24,33. -> 1
3,4;12:18,24;29,34. -> 1
2,4,15? -> 3
9,13;20,22,29,55. -> 1
6,13,14,15,16,20,23,25,29? -> 1
5;7,8,9! -> 1
1,4,6,7,12,22. -> 1
10;21:29,37,42. -> 1
6,24. -> 2
1,2,5;12. -> 5
5,7,9,11,14? -> 1
1,9,15,25. -> 1
4,6,13,22,30. -> 1
5,29. -> 2
7;14? -> 2
3-4,5;11. -> 1
7,10,13,15,25,33,37. -> 1
8;12,17,21. -> 1
10,13,14,22. -> 1
1,2,15,19,26? -> 1
6.6[9.9] -> 1
10,11? -> 3
3,7,10,14,27? -> 1
4;8:9. -> 1
2,21! -> 1
8,14,15:19,20. -> 1
5,16,23. -> 1
9,17;25. -> 1
9,17,23? -> 1
4,7,18. -> 3
2,5,6,9,15? -> 1
9;16,18. -> 1
4,6,13;24. -> 1
4,7,15,19,31,38,47. -> 1
1,4,13,22,28. -> 1
1,2,4,8,16;22,28. -> 1
4,6;11,22,23,28,38,42. -> 1
1,4,15;25! -> 1
5,7,12,17,22;26,32;42;47,53,57,63. -> 1
1-3,9! -> 1
4,5;11;19,25. -> 1
5,9;11-12,18,20,21-25,42. -> 1
5,13,28. -> 1
9,17-38. -> 1
5,9,14,20. -> 1
4,9,10. -> 1
1,3,5,14. -> 1
1,2,3,8;12,17,25. -> 1
1,2,11,16:21,25,28;29,32,33. -> 1
1,5,9,12,18. -> 1
10,16;19? -> 1
2,4,10,20,27. -> 1
4,9;15,21. -> 1
11,23,38. -> 1
3,4,9. -> 41
0]3,4,12. -> 1
24,35. -> 1
15,19,21,25,31,32,35,41,49,52,56:65,69,83,97,103,110,111. -> 1
8,14,23,30. -> 1
0]11. -> 7
6,8[9]10? -> 1
8,16-17,24,32. -> 1
2,4,10,19. -> 3
6;13;15,20,24! -> 1
4,17! -> 2
2,3,11,20,25,31,42[43]43. -> 1
3,5,8;13,14. -> 1
6,19-20. -> 1
5,7,14,15,18,28. -> 1
1,9,13. -> 11
9,16,18,27;36,44,54,57-62;64,71(79)79,81,86,90,93,97,100. -> 1
20,22,26? -> 1
2,5,9,16-18,22,30;33. -> 1
2,9,12,17,22. -> 1
7,9,14. -> 4
1,3,4,5,6,7,10. -> 1
4-5-9! -> 1
4,7,13:29. -> 1
3,4,7,11? -> 1
9,10-12,17-18:26;30:34. -> 1
5,18;27. -> 1
10,12,21,29. -> 1
8,17,19,20. -> 1
2,3,5,8,11.14,24. -> 1
2,3,5;9,15,19. -> 1
10,12,18;30-31! -> 1
0]1,9;15,23;30,38. -> 1
5,7,9-11,22;27,31. -> 1
3,12,13,20,46. -> 1
0]5,6,8. -> 1
2,8,15,21,27,31,43;51,58;67,76,79,86. -> 1
2,5,6,9. -> 1
8,14,18? -> 1
10,14,21;28,37. -> 1
2,6,9,23. -> 1
7;11,19,25. -> 1
7,8,9,12,15,19,21,24;31. -> 1
11,20,27,36:44,70:87,94,103,117,122. -> 1
6,10,33. -> 1
6,7,11,15? -> 1
4,11,13,20,23,25,33. -> 1
1,2,3,4,6. -> 1
4,17,23,36! -> 1
2,9,11,16;18,22,25,39. -> 1
3,5;15,18,20,25,31;44,48,53,57,63,66,76,81,83,94,107,111. -> 1
6,8,9,11,15,19,26. -> 1
0[3,4.4,6. -> 1
8;25,30-32. -> 1
0]7,8,17,19. -> 1
7,19,21,21(24)37,45. -> 1
1:8:12:14,15[17]20:22,24:29:30. -> 1
9,17,20;28,45,50,54. -> 1
4,6,12,22,26. -> 1
7,9,11,13,21. -> 1
2,6(10)10,17(18)18,28. -> 1
1,5,21,28,32. -> 1
1,4,13,21. -> 1
2,9,24,27,31,33,37;52,58-65,69! -> 1
5,9,14,34. -> 1
1,4;16. -> 3
0-0-0-0-0-3,17,23;36,39,50,57,60,63. -> 1
1,2,18,24,37,44,48,52,62,68,71,75,79;91,95,97,103,116. -> 1
20,32,35,42,55,66,73,81. -> 1
4,11-17,29. -> 1
4;5-6. -> 1
3,6;15. -> 1
8,14,20,27,38. -> 1
2,3:5. -> 1
19,25-26,32. -> 1
9;10,11,20? -> 1
6,15,22,29. -> 1
0-0-0-0-0-3,5,12,20,29. -> 1
1,2,10,15,24,30? -> 1
3-4,11! -> 1
9-10. -> 4
3:4,8,9,11;12,14;15,17;18,19,20,22,26;29,30,31,32,36:40-41,44,47,53;72. -> 1
7,14;16,22,30;38,55,56,58,60,62,63,71. -> 1
1,2,4;11,21. -> 1
6;13,14,22;25,28,32,45,58,65;77,82,99. -> 1
14.16! -> 1
1,7;11,16. -> 1
9,18,26,36-43,55,65. -> 1
0-0-0-0-0-14,31;43,56. -> 1
3,5,7-9,16,23. -> 1
11,19,27,35,45,52:56-62,71.80,84,89,94,107:116,125. -> 1
0-0-0-0-0-10,23,27,39. -> 1
1,10,16,31,40,43. -> 1
7,24,41. -> 1
3,16,21,27,35. -> 1
7,20,31,34,44,59,70,74;80,89,95? -> 1
8,21;29,36. -> 1
1,8,9,12,20;31,49. -> 1
1;8,15. -> 1
1,10,12(13,14,17! -> 1
0[1]10,16. -> 1
2,6,15? -> 3
5,6:15,23. -> 1
15,25,31,38;51,61,71. -> 1
2,5,13,22? -> 1
5,10,11? -> 1
4,8;16,21. -> 1
6,12,20,28:36,42,45,46,52,58;70,74. -> 1
5-8? -> 2
3,4,11;21,26. -> 1
4;8,11. -> 3
1,2,4,12,19;25,34. -> 1
1,2,9,10,13,19? -> 1
1,5;9;19,23. -> 1
1;8? -> 1
3,4;6. -> 1
2,3,11,14,18,25,29,47,52. -> 1
7,9,14? -> 1
3-18;30,36. -> 1
1,3,6:13! -> 1
4,8,15,18,33,43,51? -> 1
1,3;8,11,16,24. -> 1
12,20,25? -> 1
5,6:8,11! -> 1
5,6,13;15,19. -> 1
0[1,10,17. -> 1
4,5,7,12,13,21,32,42,50,51,53,59. -> 1
1,9,19,20,21,30. -> 1
3,16? -> 2
4,6,10,19,24,27,35,43,50;55,57,60. -> 1
4,17,22,25,30. -> 1
4,5,8,18? -> 1
14,19,26. -> 1
4,8,14;20. -> 1
9,16,33. -> 1
7,23. -> 6
2:9,12,16. -> 1
7:15,22;31,46:54;58,62. -> 1
1,10,16. -> 4
9,17,21;29-31,36. -> 1
1,3,7;16,26,34,43,53. -> 1
1,2,12,13,24. -> 1
14,23;32,38. -> 1
7;14,21. -> 1
4,8,16,31. -> 1
4,12,13,15,25,34,43,47;59. -> 1
0[2,5;12. -> 1
2,4,8,18. -> 3
1,4,6,9! -> 1
5,12,20? -> 1
8,11,15,18. -> 1
10;21,32;41,49. -> 1
2,3,11,16,23? -> 1
3;5,8,14. -> 1
7,19;25,32. -> 1
1,3,10? -> 8
1,3,15,23. -> 1
2,4,9,10-17;32. -> 1
7,8;12? -> 1
3;10,20. -> 2
9;13;18. -> 1
9.10. -> 10
7;13,19,24. -> 1
2,3,19,35,49,52. -> 1
4;10:19! -> 1
0-0-0-0-0-2:4,11,15. -> 1
1,2,7,13:21. -> 1
6,11;14. -> 1
3,4,12,19,24,35. -> 1
0]2,4,7,12-13:20,26-27. -> 1
4,5,7,11,15,19,23;25,29,33. -> 1
2,10,18. -> 1
1,2;3,4,8. -> 1
2,16! -> 7
4,8:22,35? -> 1
2,21.22. -> 1
11,14,21,27. -> 1
8,15! -> 4
17,21,31. -> 1
9,18,28,32-34,37,46,53-64:72,83,92,99,106. -> 1
1,7,8,11,21. -> 1
9:22;28,35. -> 1
2,7,14,21,35,38;44,51,55. -> 1
8;12,16. -> 1
29;42,65,74. -> 1
5;8-18,22,28. -> 1
1,2,9,14,16-18. -> 1
1,2,4,6;13? -> 1
11,24,29,32,43,49,56,66:69,71,82;90,99. -> 1
5,8,11;15. -> 1
5:19. -> 3
1,4,18,29,46;63,75. -> 1
4,10,15,30. -> 1
4,7,13,17,24? -> 1
8,18,20,23,26,32,37,44,48,49,50,51,53. -> 1
7,8,11,12,22,25,32. -> 1
3,9,13,21;29;39,46:55? -> 1
3-8-8-9. -> 1
3,7,9? -> 1
3,13,17;24,33:39;40,43,51. -> 1
14,19,22,24? -> 1
1,2,8,14,22,30,32,40,45,49,55. -> 1
4,5,6? -> 3
5,10;13,17. -> 1
10,12,17,22,29,39,48. -> 1
2,3,8,13,18? -> 1
1,4,9,12! -> 1
3-7! -> 3
6:13,19. -> 1
1,3:11:26. -> 1
1-2-6,7! -> 1
4,5,6,11? -> 2
3,4;7,10,12,14,23? -> 1
4:8,15. -> 1
1,24. -> 4
5,10,21,33. -> 1
15;16,21,35;37,60. -> 1
12,25. -> 3
4,16,20.21. -> 1
7,8;17. -> 1
5;10! -> 3
4,5,8,16,24. -> 1
2,6,8,10;13,15,23. -> 1
1,8,12,24. -> 1
11;12! -> 1
10,14,23. -> 1
3,11,17,21,25,29,32,41:48,54,75. -> 1
13,16,29,33,43. -> 1
2,5,8,13,25,33,44,63,70;90. -> 1
2,5;13. -> 1
5,12! -> 6
1,10;16,29. -> 1
12,16,20,27. -> 1
8,17.18,23;24,27! -> 1
9,15,24,32,34;39,41,46,53. -> 1
3,7,12,19! -> 1
3,4,16,31. -> 1
9,13. -> 34
6,8,16,24;28,38. -> 1
4,5,10. -> 19
12,13? -> 2
15;22,27. -> 1
6,12,14,24,29. -> 1
8,15,23,29,33! -> 1
1,4? -> 176
2,5,11,14,19. -> 1
10,23-25;40,46,60,62-63,72. -> 1
3,4,7,15,28. -> 1
4,7,12,15;26;30? -> 1
15;19,23,26,29,36. -> 1
1,2;6.7. -> 1
3:6,7? -> 1
2,4:5. -> 3
3,8,16,19,24. -> 1
8,12,18:22,24! -> 1
4,9;15,23. -> 1
4,5,7,13,17,21. -> 1
8;9,12,25. -> 1
10;12,18. -> 1
2,18. -> 6
10;11,12,14,15;21. -> 1
8;16,22. -> 2
1,2,20,36. -> 1
3,4,7,15? -> 2
5,6,7,8,9,10? -> 1
1,3,5-6. -> 1
7,14,21,27. -> 1
3,5,8. -> 25
1,2,5,6,12. -> 1
11,17? -> 1
10,25? -> 1
1,7,15,23,30. -> 1
2,7,15;24,39;45,53. -> 1
11,14. -> 7
7,13,27,32,40? -> 1
5,11-12;17. -> 1
3,5;8! -> 1
1.6,11. -> 1
5;6,8,14. -> 1
5,10,15;19. -> 1
2,3,8,20. -> 2
4,15,20,22! -> 1
9,13,16:20? -> 1
15,22. -> 10
2,4,7-18? -> 1
4,5,6,7,12? -> 1
5,6,14,26,31? -> 1
1,2,4;11,16. -> 1
3,6,7-8;13. -> 1
8,20,22,27. -> 1
15,27,33,35,44,50,59,72. -> 1
2,3-5;16. -> 1
11,28;33,40,41,43,44,46,51,52,58;61. -> 1
3,6.7,10,16,19. -> 1
5,18,23;34[35]35. -> 1
4,10,15;17,19,33,43,47,54:55,59,65,72;73,78,90. -> 1
2,3,16,23,29,38,42. -> 1
2,4,15;23,31? -> 1
3,8,15-16,25,32. -> 1
4,5,7,11,19,25,33,35,36,39. -> 1
3,4,14;21,28. -> 1
3,5,7,26,30. -> 1
3,4. -> 304
2,3,10,13,15,18,34. -> 1
2:2,3,7. -> 1
4,13:18. -> 1
2,5,6,18,24,31;34,36,38,44,50,55,59,66:82,88,100,107. -> 1
11,14,22,30. -> 1
4,7,14,20,21,27. -> 1
3,10,13;20-21;33;46,49.50,57,70,75,86. -> 1
5,8,11,15? -> 1
1,3;11;13,15,16;21;25,34,39. -> 1
8,9,13,20,24. -> 1
2,15,16,24,31,32,47,50,59,67,72. -> 1
1,2,4,14;22,29. -> 1
1,2,6,11,16. -> 2
16,18,27,40. -> 1
9,13-18. -> 1
2-9? -> 1
8;15,25. -> 1
10;21;27,31,35;39,42,45,51;61,67-69:92-95,101. -> 1
6,12,17,33. -> 1
13,15,21,26,27,30,34,41,47,60;74;76,77,88. -> 1
2,3,18,20. -> 2
3,11,15! -> 1
6,16,33,52,57. -> 1
5,8,13,18,24,37. -> 1
10,17,29. -> 1
5,8,11,18. -> 1
1,2,19,28,35,36,38,41,44,46,62. -> 1
10,15;22,32. -> 1
3,8,20,29;38,41,44,47,52. -> 1
1,4,13. -> 14
5,13,26. -> 1
1,2,9,17,25,28,32? -> 1
3,15,24,28;42,51. -> 1
7,8-9,22;28,39;44,55;62,70,74;75,78,80,83,85,101;117:127,134,137,138,140,146,147,148,155,157,164. -> 1
3;7,9. -> 1
10,13,16! -> 1
5,8:18,19,33,40,43. -> 1
16,17,21,24,27-29,32,36,41,46,49,52,59? -> 1
9,10;20;25,27;35,42,46,49,53. -> 1
1,6:13,23,29;35;40,46,66. -> 1
5,13,18. -> 4
10;29. -> 1
2,4,10,21. -> 1
2:4,6! -> 1
0-0-0-0-0-2:4,8,13,17. -> 1
7,18;26,29-30. -> 1
2,3,10,16,26,38,46;57,73:76,77,82,85,89;99,109,127;138,150[151]151. -> 1
7;14,15,17,22,23,24,25,27. -> 1
0]1,2,4. -> 2
0]4,10,14,20. -> 1
1,8,17,25,28-41. -> 1
1,2,7,9,15,20,25. -> 1
1,6:13,18! -> 1
11,14,22,31:39,43,48. -> 1
12;13,16,24. -> 3
1,2,5;16,17,17(23,23)36;45,47,58,65,76. -> 1
1,7,19,27:41,51,59. -> 1
3,12,13,16,25. -> 1
5,11,14,18,20-24. -> 1
2-2-2-2-18,23,31-31-34. -> 1
3;12,13. -> 1
4,11;17. -> 1
1,15,25,27,42. -> 1
14;25. -> 3
0]1,2,9? -> 1
6,17:27;31,38. -> 1
8-13-14-15,17,20,31? -> 1
7;10,15,21-23. -> 1
1,2,10,20:21-22,23,28. -> 1
2,4,9,13.18,20,28? -> 1
14,18-19,22. -> 1
9,20,29? -> 1
1,5,9,13:30,43,46? -> 1
2,3,14,18? -> 1
5;8,14. -> 1
2,17,25. -> 1
2-5,13,19. -> 1
1,8;10,15,18,21,24;34. -> 1
25,28,33. -> 1
1,2,6,15. -> 2
5,6,10,15,22,27. -> 1
2,3,8,10,14,21? -> 1
3,8,12. -> 3
1,2;15,22;31. -> 1
2,3,5,8,14,17. -> 1
13,19. -> 14
5,12,19,24;34,37,44. -> 1
1,4,11. -> 21
14,25;33. -> 1
2,4,9,11(12)16,25;34. -> 1
1,13,23,27,31;32,38,46. -> 1
1,3,12,20,34:37,38,42. -> 1
2,4,11,14,22,30. -> 1
23,28,56. -> 1
5,9;12,18. -> 1
2,7,13. -> 5
16,31. -> 4
10,13,14-19? -> 1
1,2,4,5,13. -> 1
6,14,18,21,24,29. -> 1
8,19,30[31]31. -> 1
0[4,5,6,7.7]8. -> 1
6,17,21;22,26,30,36. -> 1
11,15,18,19,21,28. -> 1
2,4,7,15. -> 2
1,2,7,19. -> 1
8,15,25,27,29,32. -> 1
3,4,13,27,33,37. -> 1
1,5,18! -> 1
4,5,9;17. -> 1
2,18,22,25,31! -> 1
9,16-18,28,32,37:46,49,55,72. -> 1
6,8,13,18,19,21,27. -> 1
4,6,10;14,19,25. -> 1
10,24:30,34,40,46,50,51,52,54. -> 1
18. -> 96
1,6,7,9. -> 1
1,2,5,10,13. -> 1
1,13:17. -> 1
1,2,4,13,21,32,47. -> 1
4,6,13. -> 9
3,4,8,45;59,75. -> 1
2,6[7]16,21,31,43,67. -> 1
0-0-0-0-0-2:6. -> 1
9,19,23,31,34,36,40,46. -> 1
2;15. -> 4
8,9,13,25;33,43. -> 1
8,26. -> 3
0]2,6;16. -> 1
9(12)12,14,19. -> 1
1,2,18,26,33[34]34. -> 1
11,23,43. -> 1
5,9,11,15,18,28. -> 1
2,3,4,9;10-13. -> 1
5,18:28. -> 1
1,3,4;14. -> 1
10,16,22,25,27,29,32,40;45,48,65. -> 1
2,3,5,17. -> 1
10,11,27,38. -> 1
5;8,17. -> 1
10,15,16. -> 2
7,8;17;25. -> 1
9;19,25. -> 2
7,8,15,18. -> 1
4,8,12-15,16,22,30. -> 1
2,12,17;24,34,44,54,69. -> 1
4,21,33,36. -> 1
3,6;16,17,33,34,36,42! -> 1
2,8,9,19. -> 1
1,2;3,8. -> 1
3,4,18,19,22? -> 1
13,25,31,43,55? -> 1
8:10,11,12. -> 1
2,16,18,24,33. -> 1
0-0-0-0-0-7,19,30,38,43:45,46,47,48,55,66? -> 1
11;24. -> 2
6,7,9,15? -> 1
2,6,19. -> 3
13;20,24,30:31,36,40. -> 1
2(9)16,18;21(24!24) -> 1
9,12;18. -> 1
4,9,15,27:33,37,39,46,53. -> 1
12,20. -> 7
7,11,22,31,35,50;60,75,79,83,87. -> 1
0[6.6] -> 3
9,13,15,19. -> 1
3,4,15,26. -> 2
4,9,12,14. -> 1
5,8,13,19,27,36,40,42,47. -> 1
1,6,8,9! -> 1
2;3,4,14. -> 1
6,13,19,31,33,46. -> 1
2,3,8,28,36,39,44. -> 1
2,3,12,14,22,29,39,49,57. -> 1
10,18;26? -> 1
2-3-6-8-8-8-8-15,23,36. -> 1
2,10[11]11:22. -> 1
7,11:22,35;46,55,60. -> 1
10;17! -> 1
18,22,31,35. -> 1
2,7,15;23,32. -> 1
3-12,19,29,34. -> 1
3,4,6,11,18,23. -> 1
1(14.14) -> 1
9,21,26? -> 1
1,17? -> 2
9;10,12,24. -> 1
5;6,10. -> 1
6,18,27,37:45,48,53. -> 1
4,10;14. -> 1
11,14? -> 4
0-0-0-0-0-2:17,20,24,33;42,48. -> 1
3;5,6,8. -> 1
7,17,21. -> 1
6,14,26? -> 1
9-13. -> 1
1,2,12,19,33,35,42,49? -> 1
5,18. -> 28
5,13,18,28-45-55. -> 1
2,3,8;13,19. -> 1
2,10,13? -> 1
2,5;9,13,13(15,17,26)36. -> 1
8,13,22,30,35;40,41,45. -> 1
2,4,6;12,15. -> 1
4,6,13,18,24,31. -> 1
11,19,23,29,32,37. -> 1
0]9;19. -> 1
9;20,22,31. -> 1
1,2,11;22,34? -> 1
2,12,13,19,22,30? -> 1
2,6,15,24. -> 1
1,2,10,12. -> 2
10:20,26,31[32]34,37,46,57. -> 1
1,3. -> 569
2,7,28. -> 1
1,2,4,8,13? -> 1
2,3,5,26? -> 1
6-10,21,24-26. -> 1
0]1,7,18. -> 1
1,2,17,29,35;44,48,51,54,57;67. -> 1
5,8,9,10,11,12,13,16. -> 1
3,7,13,14,22,33. -> 1
1,4,22[23]23. -> 1
2,4,9,15,20,39. -> 1
5,6,11,27. -> 1
12,16,19,28,33;44,53,61;73-74,82,92;101,103,105,107,109,116;127,138. -> 1
1,3,11,22;32. -> 1
4,7,13,24. -> 1
2-16. -> 1
1,9? -> 43
8,13,20,22. -> 1
14,15? -> 1
9-12? -> 1
24,29,37. -> 1
7,12,26;29-36. -> 1
5,14! -> 5
10,15,21,36,53,56. -> 1
0[1. -> 1498
1,4;10,15,24. -> 1
10,18;32,46;61. -> 1
2,8,15;20,30,53. -> 1
13;16,17,22,32,42? -> 1
3;4,7,8,12,21,24,28,37. -> 1
1,10,29,40. -> 1
11;22. -> 3
1,2,5,6,12,13? -> 1
4,6,7,9,12,15? -> 1
6,8,12? -> 3
9,11,19;27,43,51. -> 1
11,24,31[32]32. -> 1
3,4,11. -> 19
3,4,10,19,27. -> 1
4-9,16-17,22. -> 1
4,5,7,11,24,27? -> 1
0]1,6,10-12,20,31,41;47,56. -> 1
4:9;13. -> 1
9;35. -> 1
0-0-0-0-0-2:11,24,29. -> 1
5,13,23,26,33,42? -> 1
1,3,20,32,44? -> 1
2,3,9,12. -> 1
9,12,15,18,23,35? -> 1
2,4;6,7! -> 1
2,16. -> 20
2,3,5,8,10,12. -> 1
1,7:8,9. -> 1
13,25;37. -> 1
4,18,21,29,34,48,57,67,73? -> 1
3,7,19,25,31. -> 1
11,16,18,20,24,31,36,44,49;56,65. -> 1
3,5;19. -> 1
1,2,6;22. -> 1
4,9:27,33. -> 1
3-9;19. -> 1
4,9,17;21,23,36? -> 1
1,12,19,30. -> 1
7,13,20,22. -> 1
5,16:17,19,25! -> 1
4,5,7,11. -> 2
5,7,19,30,35. -> 1
1,2,13,22,30,38,52. -> 1
9,16:23,28,32;39,47. -> 1
4,5,12,25? -> 1
9,18,21,31,39:41,47,55,57,66. -> 1
12,18,24. -> 2
5,14,19,23. -> 1
3,10,14;17,32,34,45,61. -> 1
3,8,15;23. -> 1
3,4,6,15,16,19,23. -> 1
10,13! -> 2
3,12,13,17,22. -> 1
1,6,9;15,20. -> 1
1,2,13,14,19,22,28,33,38,42,45. -> 1
4,9,18:23,26,30;35. -> 1
1,7,10,14,19. -> 1
4:9,24,41. -> 1
4,7,12,20;22,23,34,51,57. -> 1
14,21,31;37,38,39,43,48,50,57,74. -> 1
4,8,9,14;31. -> 1
3,4;18. -> 1
1,8,11;13,17. -> 1
3,5,8,23? -> 1
1,3,5,18? -> 1
2,3,15:17,24,30,34,42,47. -> 1
12:24,40. -> 1
2,4;16. -> 4
4,5,7,12,22,31,43,55,59,66,68,73,82,89,95,105. -> 1
3,4,10,17,25? -> 1
4,14,19:32,33,39. -> 1
8,13,17,20,23,25,29,34. -> 1
16,20,24,28,33,38,43,47,52,59,64,66,72,74,79,86,89,93,99,104,109,115,122,123. -> 1
1,3,7,11,15:28,32. -> 1
4,5,22? -> 1
11,19. -> 23
19,24,40,63. -> 1
4,5,10,19,27. -> 1
1;3;12. -> 1
6,7,12,17;22,29. -> 1
1,2,3,5,7,13! -> 1
6,9,16,20. -> 1
17,25,32,39,50,60,70,79,81,88,94,105? -> 1
8,14,17,21,25,29,33:37,43,50. -> 1
2(4)14,22,26,31,35,40,43,53:60,66. -> 1
2,5[6]9,16,19,23. -> 1
1,2,9;10,15. -> 1
1,2,7,8,16:17,18,20,26,31;37,42,46,50. -> 1
0-0-0-0-0-2:4,7,26. -> 1
0]2,4;18. -> 1
3,15,30. -> 1
3,9,13,18,24,30? -> 1
4,5;14.15. -> 1
4,7,20,24,27,33,37,45? -> 1
1,2,3;10. -> 2
4,5,12,15,26,29;34,49? -> 1
6,10,14? -> 1
10,13,14,15,21,23,25,32? -> 1
2,6,14? -> 1
8,21,27,42,54,59,66,70,74? -> 1
5,17,23,24,39,43,51? -> 1
0]0[4]7,13. -> 1
1,2,10,17,22,27,30,32,41,44,51,53;61,70,73;82,89;98,106;108,113,124,131,139. -> 1
13,15;20. -> 1
7,9,13,23. -> 1
4,12-17. -> 1
10,22,30. -> 1
2,5,7;17. -> 1
1,2,6,9;12,13,18,20,26. -> 1
1,2,10,15,30,38:39,42,55,59,62,66,72,82:92,102,107,123,126,130,131. -> 1
4,5,7,12? -> 1
2,3,8;10,18. -> 1
0]10,16,21. -> 1
7,8,12,15. -> 1
5;12,13,17. -> 1
5,7,18,23. -> 1
10,19,29,37,49,50,54,60,66. -> 1
8,13,24,26. -> 1
2,3,13,26,36. -> 1
1,2,7. -> 78
2,3,5:6,8,19,23,25,31,34,38,41,50,60,66,71? -> 1
10,18,27:34,42,48:50,66:82;98. -> 1
12,14,18,22-23. -> 1
7,9;11,19,21;25,28,29;34. -> 1
7;12,18-20? -> 1
7,11,12,16,17,20,26. -> 1
17,24:43,50;55,60,69. -> 1
3:19. -> 2
3,4;8,11,21;24,26,31. -> 1
5,6,14. -> 4
7,15,24! -> 1
5,8,11. -> 3
4,9,11,18;21,35. -> 1
13:14. -> 3
1,2,9,15,18,19,21,24,33,39,40,42,54,59,66. -> 1
23,29;30,36,39,49,58. -> 1
14;20[21]29,38,47. -> 1
10,15,29. -> 1
2;10,28,31,34;35,40,47. -> 1
1,2,8,19,23? -> 1
4,9,16,24,33. -> 1
9;19;23,28. -> 1
3,7,10;14. -> 1
6,14;21,29. -> 1
2,4;8,17. -> 1
3,4,8,19,24. -> 1
5;7,15,16,23,26. -> 1
8,16.29;35,43? -> 1
2,3;7:9,11,19,26? -> 1
1,2,10;22;32:38,39,43,52,56. -> 1
16,17,20,33-38. -> 1
3,7,15,18:19,26,28-31,34,37,41,42,46,48,49,54,59. -> 1
14,20. -> 11
7,14,17,23;32. -> 1
0]5,9! -> 1
8,14;20,23,28. -> 1
1,15-19,27;34. -> 1
1,2,15,23,30,34. -> 1
4,5,14.15. -> 1
1,2,7,11,16,17,21. -> 1
12,26? -> 1
8,10,12,25. -> 2
2,3;12? -> 1
2,4,7,9. -> 1
0]7,9. -> 1
2,3,10,19,26? -> 1
9:13,16,23. -> 1
13,27,33;48. -> 1
3;12. -> 9
5,8,10,18. -> 1
0-0-0-0-0-2,6,12,22. -> 1
1,5,16,20? -> 1
2,4,5,11! -> 1
5,8,14,21. -> 3
1,2,12,18. -> 1
7,12;17:23,29;32,36,44,47,58:63,70. -> 1
3,5,6,8,9,10,11,13. -> 1
5,6:7. -> 1
10,19;25,30. -> 1
8,10,14-15,18,22,23,26,33,39. -> 1
7,9,13,21? -> 1
2,5,12,17,24. -> 1
1,3-4! -> 4
4;9,13,17,24. -> 1
8,18,26,30,32,42. -> 1
8,10,15,24,30,34. -> 1
8,16;26,35. -> 1
3,4,11,17. -> 1
8,15,22,29,30,33,37,45. -> 1
2,4,5,7,9. -> 1
7-11-12,18,31-33. -> 1
1,15,19,22,34.35. -> 1
6,17,20,28,32,44,51? -> 1
1,7:17,21. -> 1
5,9,13,17,26,33. -> 1
4,9;13,17,22,27. -> 1
1,2,4,6,11? -> 1
9;10,13,21. -> 1
9,10,15. -> 1
3,6,8:9,12,15,16,17,25. -> 1
8,17,21,26,34. -> 1
9,13,16. -> 2
0]7,16,25. -> 1
2,8,16. -> 9
6,7,16,29,40.50,69,77,89,96,101,103,109,116;126,135. -> 1
1,2,3;8,12. -> 1
2,3,8,10,11,12,13,15,18? -> 1
1,10,26,28,32. -> 1
17,19,21,27,36,39. -> 1
15;22,26;38;56. -> 1
5,14-25. -> 1
2,3,9,18? -> 1
5,12,15;20,22,28. -> 1
11,18? -> 3
17;19,31,39,45,51-52,63,70. -> 1
2,3,31,47,52,59,66? -> 1
1,2:8;16,21. -> 1
1,2,5;14,19,20. -> 1
5.16. -> 1
10,15;20,26;33,39. -> 1
1,4,7,8,12. -> 1
11;19,26. -> 1
6,7,11? -> 4
13:15,17,21,28. -> 1
1,7,9-10,11,24. -> 1
1,4,6. -> 32
1,5,8,18;48. -> 1
2,5,11,21? -> 1
2,6,10,13. -> 1
10,20. -> 25
3,24,28;37,51:56,59,66,72. -> 1
1,22.22[23. -> 1
3,4,10,33,50. -> 1
6,11;21,24. -> 1
4,6,9,16;18,20,26. -> 1
5,6,14,16,19,26,30! -> 1
5;10? -> 4
0-0-0-0-0-2:9,13,22,28,35,45,48. -> 1
4,11,16? -> 1
1,2,10,26. -> 1
10;20,22,24,27,30. -> 1
2,3;13,17,26,31? -> 1
9,17;19,23,37. -> 1
10,15,22.23. -> 1
6,8,15,19,29,33,41,43,49,55. -> 1
5,8,12;24;27,28,33,36. -> 1
11,22,30,35;49,56. -> 1
9,11,21,30. -> 1
7,16,25,28,30,35. -> 1
10:20. -> 2
17;18,26,33;35,42,51. -> 1
8;13,18,27. -> 1
4,5,12;20. -> 1
1,12,22,27,32,34,40,49. -> 1
8,15,30. -> 1
2,8,17,18,20. -> 1
6,8,10,14-15,23. -> 1
3,9;12. -> 1
7,9,11,13,18,23;35. -> 1
6,12,17,22,31,35,46. -> 1
9:13,26. -> 1
1,2,8,9,18,24. -> 1
8,9,14,21. -> 1
0]1,8,19;21,28,32,35. -> 1
8,13,18,22,28,31,34. -> 1
1,8;15. -> 2
2,5,9,13? -> 1
2,3,21,28. -> 1
3;4,6,8;12,38. -> 1
3,4,17;19,24,29,39,46. -> 1
1,12;26. -> 1
4,5;14,29,42. -> 1
2,8,16,23;38. -> 1
1,5,8,14,20. -> 1
3,6,9,18. -> 1
3,9,11,15;28. -> 1
3,4,7,9,20. -> 1
8,26,37. -> 1
4;7,8,9. -> 1
9;13,22. -> 1
3,5,12,22. -> 1
9,15-17? -> 1
4,10;14,16:18,21,30,34. -> 1
9,18,32,47;51. -> 1
11-12-21;29;50,58,65,73,80,85,89,99. -> 1
5,13,21,28. -> 1
1,2;3,4;12. -> 1
10,19,33,34,40,53,64,70? -> 1
1,2,6,9,22. -> 1
6,10,11,14,25,39? -> 1
1,2,10,21? -> 1
2,4,9,11,15;25,29;35,41,46;47,48,50,55,57,72,78,88. -> 1
8,12,19. -> 3
4,7,9,12,14,18,22,26,30,34,38,42,46,50,54,58,62,66,70,74,78,79-83,84-88,95,102,106,110,114,122,126,134,138,142,143,144,148:149,156. -> 1
1,3,5,12,19,21,23,28;35,44. -> 1
1,2,12,24. -> 2
1,3,18,35,41.42. -> 1
4,6,8,17. -> 1
1,17. -> 18
3,5:7,10,14? -> 1
17;28,32. -> 1
10;17,25,35,40,45,49. -> 1
5,7,14,23. -> 1
8;23;38;39,41,51,58,64,68;77,83,88,96,100. -> 1
8,13! -> 3
2,8;14,16. -> 1
4;10,12,15. -> 1
4,5,8,13;17,21. -> 1
5,17,32. -> 1
2,3,15-16. -> 1
2,3,16. -> 5
2(8)8,15-16-17,19,23,24,31,40,46,47,56,59. -> 1
6,14,21,23,28,34,44,45,48,52. -> 1
2,3,6,15:23,36;39? -> 1
2,4,12? -> 1
4,5,9,18. -> 3
1,2-2-3-3-9. -> 1
9;11,17,20. -> 1
3,13,18,21,24,30,34;42,51,52;55,66,67,68,70,71,74,79,83,90,94;99,104,113,117,122;134,136,137,138,141,147. -> 1
1,3,5,9! -> 1
14,19,22,34,44;54,71? -> 1
1,16,22? -> 1
4,5;13,15;24,32. -> 1
3,14,17,20. -> 1
4,7,9,14,16;20? -> 1
10,18,22,29,39. -> 1
1,5,6,8,12,14. -> 1
2,3,10:20,26,34? -> 1
8,18,22,30,43. -> 1
5,6,15,24,41,42,47,55,65. -> 1
8,9,21;28,34,53,56,57,59. -> 1
4;6. -> 10
3,10,15,28,36. -> 1
4,5,6,10,19. -> 1
3,4,13,20,28;43. -> 1
0]4,17,36,40. -> 1
15:16(23)23,33? -> 1
8,12:21,25. -> 1
3,9,14,22,35. -> 1
2,3,8,13,20,29,42,46,59,64. -> 1
1,2-3? -> 1
5,14,26;28,35,39,55:65. -> 1
9,17,19,21,28;33. -> 1
10,16,19,22,31? -> 1
8,19,22,28. -> 1
11,31:36,42;54. -> 1
17,31. -> 2
6;12,25! -> 1
2,7,12,23,31,37. -> 1
1,12;16. -> 1
1,2,4,11,17,27,34;35,42,43,46,51,57,62,63,69. -> 1
9,16:25,31;39.43,47,56. -> 1
1,3-4,8,14,23:25,34,43,46,50,63,71,78,87;97. -> 1
3,15,27;34,40,44,49,56. -> 1
8,12,16,23,31:38,40,46. -> 1
4,9,11-15,25,32. -> 1
1,2,7,8,10,23. -> 1
21,35. -> 1
3,7,10,16,18,24,31,36,38,40,46,49,59,63,67,71,75,79,83,92:94,97;100. -> 1
1,3,4,9. -> 1
2,6,17,27,29,31,33,49? -> 1
14;18-23,24,26,29:33,39,42,48,54:57,58. -> 1
1,2,4,8,17? -> 1
4;13,16. -> 1
2,3,12;24;27,28,34. -> 1
2,5,8,17,19,22,24. -> 1
1;5;10. -> 1
2,8,14,23,26,28,29,31;38. -> 1
1,2,6,15? -> 3
2,4,10,17,27,28,30;36,38;39. -> 1
6,12,26,36,42,44,50,60. -> 1
16;26. -> 1
7:11;15,21. -> 1
6,10,13,26,30,34,39. -> 1
7-9,18,27,34;44,52. -> 1
6,10-11,18. -> 1
4,10:10. -> 1
4,16. -> 34
5,13,18,32. -> 1
10,19,26,34.42,48,53,71! -> 1
2,3,8;12. -> 1
9,19:28,31,40,49. -> 1
14,23,24,26! -> 1
2,3,5,12,18. -> 1
3,8,17,25. -> 1
2,3,4,7,9. -> 2
1,2,5,7,10,12,16,19,35,44,51,61,65,72,79. -> 1
14,20,27;33,42,47,62. -> 1
9,16,25,35. -> 1
0,1,7? -> 1
8(11)22-23. -> 1
12,26,27. -> 1
1,2,4. -> 112
10,17,21,24,32:55;62,65,75,85. -> 1
1,3,7,11,15,27,33,41,43,54:56,66,71,72,76. -> 1
10,20,27,34,36,40. -> 1
3;4! -> 2
7,12,35. -> 1
1,7,8,12. -> 1
0]1,12;21. -> 1
3,11,15-17. -> 1
5,6,11;24;32,43. -> 1
1,2,11,15,25. -> 1
10.17. -> 1
1,8;12,23. -> 1
10,17,20,24,26,30,36;38,39,52,70,82. -> 1
1,2,10,14,22,31,36. -> 1
1,2,9,10,12,24,29,45,53,55,67,74;76,90,106-108,127. -> 1
24,27,30,37,41. -> 1
17,22,28,38. -> 1
5,9,12,18,36:43,50,57,66,76,84. -> 1
6,12,21,36,39-45,54,57,60,68,70-73. -> 1
1,3,7,14. -> 1
2,6,22,33,48;52,54,61,64. -> 1
5,9;11,20. -> 1
4;8-9-10;19;25,31-37. -> 1
14,33,39,44:54,69. -> 1
4:7,8,14,17,21,22. -> 1
2,4,16. -> 7
1,5,16,27. -> 1
12;13,15,24,41. -> 1
4,7,16:21,29:31,32,38,42:50,55. -> 1
0]5,12-13,14,16,20,25.28,31;38:44,49. -> 1
9,11-16,19,23. -> 1
4(9)12-13. -> 1
1,4,14;18,26,29,31,33,37. -> 1
1,3;6,8.9. -> 1
2,13,16,26,43[44]44. -> 1
1,2,9-16,17,23,28,40,48,52. -> 1
12;24,37,40,50,54,59,65,74,80,93,102. -> 1
6,18,23. -> 2
11,22:32,40:50,58. -> 1
11,21,29,33,35-38. -> 1
11,18,25. -> 1
3,5-8,13,19! -> 1
8;19,24. -> 1
4,10,14,20. -> 2
5,7,9,15,19? -> 1
4,8,16! -> 1
8,13,15,21,35? -> 1
15,17,42,48,51,58;69[70]70. -> 1
14,26,38,49,57,64. -> 1
2,8,15,22? -> 1
2,9,15,25:28:48,55;66? -> 1
4,9? -> 45
4,13,14,15. -> 1
8,13,20,26. -> 1
6,7,10? -> 1
5,13,21,29,42. -> 1
1,9,12,12(21,21)22,24,34,36,43,47? -> 1
4,14,16,20,29,34,41? -> 1
3;8,11. -> 1
13,15,18,25,36,42. -> 1
2,11,19,25,32. -> 1
4,7,13;21;24. -> 1
9,13,21! -> 1
0-0-0-0-0-2:8,22,42. -> 1
1,2,5,9,18;19,22,33. -> 1
2,8,14:15,28,32,40. -> 1
8,11,14,27,39. -> 1
5,9,15,27:34;41. -> 1
8,18;20,27,30;32,35,37-39. -> 1
5,6,9,14. -> 3
5,16,22? -> 1
12,23:30,34,38,45,49. -> 1
6,10,19,25;37;50. -> 1
16;25. -> 1
2,12,19,24? -> 1
1,2,4,29,35. -> 1
0-0-0-0-0-9,10[11]16,19,22. -> 1
6,8,19,29. -> 1
2,3,12,37. -> 1
13:25,31,34,38,46. -> 1
1,10,24. -> 2
5;13;25. -> 1
10-16. -> 2
3,4,19;31,32,33! -> 1
5,9;18,22,31;32,35,44. -> 1
4,5,17,29. -> 1
6,16,22;33,37:45. -> 1
1,2,4,17. -> 3
1,8,18,23,26. -> 1
9,10,13;19,28. -> 1
8,13,16,25,38,44;49,64. -> 1
2,3,7,15. -> 2
2,7,14. -> 4
2,5,8,30. -> 1
0[2]3,6. -> 1
7,11,17. -> 5
4,8;10,12,15. -> 1
8;17;23,27,35,40. -> 1
1,4,17,30,38. -> 1
3,4,11,27? -> 1
2,9,14,17,20. -> 1
3,7,13[14]16,20,23,24,26,36. -> 1
2,8,13,19. -> 1
2,4;4[8. -> 1
2,3,8,15. -> 3
16;29. -> 1
5,8,15. -> 8
1,6,11? -> 1
3,9;13,17. -> 1
1,3-5,9,13-19. -> 1
1,3,7;10,12,15. -> 1
4,11,16. -> 7
1,4,9,12,15,21! -> 1
2,7. -> 159
3,4,6,13,20,21,29? -> 1
4,10,15? -> 1
3,9,12,19? -> 1
6,13;15,17,21,24,28,33. -> 1
1,6,10. -> 18
3,10,13,18. -> 1
8,18,19,23,30;40,50? -> 1
2,4,5,9,13,18. -> 1
16,29,35,39,47. -> 1
6,12,14,16;21,24,33,41. -> 1
3,11,16? -> 1
9:12,16;20,24;27,33;34,36;38,40. -> 1
1,2,5-10,14,20,26,28,33,34,35,37. -> 1
1-2,5,8-10. -> 1
3,4,10,14? -> 1
2,5,9;21,29? -> 1
6,9,12,15,23. -> 1
7,17,21,24,36,40,47,54,60;67,70,84,90. -> 1
1,8,10. -> 4
2:10,21. -> 1
13,17,24:25,27,34,42. -> 1
0-0-0-0-0-2:9,23. -> 1
1,2,3,8! -> 2
4,5,12,17. -> 1
4,10,17;19,20,31,40,51,57,61,62,66,67,69,77,95. -> 1
2,5,9,30,43,55. -> 1
1,11;20,23,31. -> 1
0]8,9,18! -> 1
3,5,11,27,36,42,53. -> 1
1,2,3,4,5,6,7. -> 2
1,2,12;23. -> 1
7,14,19,26,46. -> 1
7,11,18. -> 4
3:14,20,32,40,47,57? -> 1
8;16. -> 25
3,4:12. -> 1
8,14;18,23. -> 1
10;18,26,30. -> 1
3,12,16,18,21;28,32. -> 1
3,7,16. -> 8
1,2,8,12,20,25,33,40,47,49,56;63,72,76,79,88,96,103. -> 1
6,14,16,25. -> 1
1,13,20. -> 2
4,5,10:19;22,27,36. -> 1
1,6;9,16,23;30,32,38. -> 1
3,5,19. -> 3
8,20;28,30,35,41. -> 1
15,16,18-19. -> 1
8,17,33. -> 4
14,26,38. -> 1
2,7,13,14. -> 2
4,5,8,14. -> 7
10,13,18. -> 2
2,8,11,16. -> 1
2-3-10,16,20. -> 1
2;5? -> 3
7,18,23,27,32. -> 1
1,4,11,14;19? -> 1
3:7,9,14,23. -> 1
18,24,25,34,41,49. -> 1
15;17,18,30,37,38,42,44,46,51-52. -> 1
10,27,30. -> 1
4,5,9,10. -> 1
1,4,6:10,15. -> 1
7,11;28;39,43,60. -> 1
1,4,13,25,27,33. -> 1
2,3,11.12. -> 1
2,3,12,20,23? -> 1
1,2,18,29. -> 1
1,5,9,16. -> 2
1,8,10,16,29. -> 1
8,16,31,35. -> 1
3;12;21,23,28,33. -> 1
1.3,8,14,22. -> 1
4,7,15,19,22,34,36,40,51,59,67. -> 1
1,7;16. -> 2
1,9-15-21,25,27! -> 1
1,2;5,6;8,9,13;23,26;28,38. -> 1
0,1,2,6. -> 1
10;18;22;27;28,29,33,34;35,36,37,40,41,42,43;47,48,50,52;54;57,58;61,65;67,68. -> 1
1,4,6;20:24,26. -> 1
4,5,25. -> 1
3,9,14. -> 4
3,7-9,10,12. -> 1
1,5,9? -> 3
1,3,6,23. -> 1
9;15-17. -> 1
4,5,9,13-18;20-25,31. -> 1
2,6,11;24. -> 1
1,4,13,20,29,40,47? -> 1
10,19,27,34:41,45,48,56,64:72,75,79,86,94,103,112. -> 1
2,3,13,15,17,23,27;31,34,38,51,60,62,65,69,77,85. -> 1
4,5,6,7,8,14;15,17,24;35;47. -> 1
2,3,7.8. -> 2
2,4,7,8,10,17,32,41. -> 1
1,5,7,8,10,11,13,17,23,27. -> 1
5;7,9,14,15,26. -> 1
9,13,20,27,35,44? -> 1
3,13,20,31. -> 1
3;5! -> 1
1,3,5,6;7,10;11,12,13,14,15,18;22,26. -> 1
5,11;17;22,26. -> 1
5,6,9,14,17. -> 1
4,7,13? -> 3
3,5,10;12,19,25,33,42. -> 1
5,12,23,32-33,50? -> 1
3,9:23,29. -> 1
1,9:13. -> 2
4,5,18. -> 2
2,3,6,11. -> 2
4,5,8,11. -> 2
5,7,9,18,24:26,31,35. -> 1
12,16,32,34,39,54;59. -> 1
1,4:15! -> 1
2,3,18,22,28;36,39. -> 1
4,10,14,17,26. -> 1
4,10;16. -> 1
0]5,6,11,18,23. -> 1
8,10,12,16,17,21,25. -> 1
3,4,6,14,20,27,31,36,49. -> 1
3,4,8,17,22? -> 1
5,8(14)24;26,31,35. -> 1
19? -> 15
5,8,24,28. -> 1
3,4;9:10,14,21. -> 1
1:6,27,35,44. -> 1
1,8,12,15,16.16[17. -> 1
4,6,9,17. -> 3
8,11,18. -> 1
5,6,10,15,19,27,30,31,38,41. -> 1
6,7,12! -> 1
13:18,24,29,31,36,46,53,56,72,79,82,87,99,106. -> 1
10,11,12,14,19,28,31. -> 1
4,7,20. -> 1
10,14,16,21. -> 1
3,8,21-23,30,32. -> 1
2,4:12. -> 1
14,17,30? -> 1
16,39;56,64,76. -> 1
7,8-9,18! -> 1
2,3,5,15,21,39? -> 1
8,11,14,21,35,44. -> 1
15,22,28,41. -> 1
1,2,5;18. -> 1
5,9,14,20,29. -> 1
7,12,16:27;36,42. -> 1
5;13,21,24,36-37. -> 1
1,2,8;14,22. -> 1
13,14! -> 1
2,4,9-10;19,21,30. -> 1
1,5,10;12,13,21,32. -> 1
9;12;18. -> 1
8,19,22,29;50,55,62,77? -> 1
1,10;22. -> 1
11,17,19,28,56,62,76,88,91,96,103,108. -> 1
4,6,7,8,15. -> 1
2,7;26,29,33! -> 1
9;18,27. -> 3
4,6,16. -> 5
3,9,13,16! -> 1
0[7,10. -> 1
0-0-0-0-0-5,7. -> 1
2,12;22. -> 2
9,16? -> 13
1,3,6,11,19,24,35,41,51? -> 1
8,23,31? -> 1
9,10,15,16? -> 1
6,9,19,27. -> 1
4,6,8,13[14]17,20,24,34,38. -> 1
1,5,18,24,26-31,40;43,47,62;67,71. -> 1
3,7,10;15,19,22;26,29,33? -> 1
5,10-14. -> 1
7,15. -> 81
4,10,16,20. -> 1
2,21,34? -> 1
2,10,18,21,26,37:42,51,60,68. -> 1
6,11-12? -> 1
3,16;21,29,33,34,51. -> 1
1,2,8,16,22. -> 1
0[2]10;16. -> 1
16,21-23,32. -> 1
0]1,4,6! -> 1
6;10,14,15. -> 1
1,6,9,10,15,24:34,40,47,57.58. -> 1
8,11,23. -> 1
1,5,15,17,22. -> 1
5,14,19? -> 1
5,7,14,20,22,30? -> 1
1.2,5,10;16,21,27. -> 1
2,4,6[7]7,10,12,17,20,25;31,38,42. -> 1
0[3. -> 281
7,9;15,18. -> 1
11;17,20,25. -> 1
1,5,6,7;8,9,13,17. -> 1
0[3]4,5,10. -> 1
2,3,6,12,29? -> 1
0[5,7. -> 3
0-0-0-0-0-4,5,9,14:23. -> 1
4:5,10. -> 1
1,2,8,15[16]16. -> 1
12;28:31,35,41,47,55;69. -> 1
2,12,17? -> 4
2,3;8,24. -> 1
6,8,27? -> 1
10,19;23,26,34;39,44,48,52. -> 1
2,3,6,9,12,22. -> 1
1,2,3:12;26;28,31,42. -> 1
2,5? -> 46
9,12-24-25. -> 1
1,7,16,22;34,47,61. -> 1
14;19;29,36,45,49;62;68. -> 1
1,15,18. -> 1
2,8,20,25,38. -> 1
10,14,18? -> 3
6,11,19,29. -> 1
4,8,12,14. -> 2
17,24,29,32,36? -> 1
8;11,27:30,32,36;41,46;47,51,53. -> 1
8,13,17? -> 1
11,13;15,18,28,34;51. -> 1
1,18-20,26. -> 1
12,21? -> 2
1,10,17,22-24:34,40. -> 1
5,6,16. -> 1
4,6,17,23:27,33. -> 1
4;9,24. -> 1
3,4,15,19,24. -> 1
2,4,18. -> 6
2,7,16. -> 5
11;13,19,20,21,22,28,33,40,41. -> 1
8,11,15,23;33,38,42,46,55,64. -> 1
2,7,15,17,22,28. -> 1
7,10,21,28. -> 1
16,41:59,67. -> 1
1,9,22,28:35? -> 1
10,17,29,34! -> 1
11,19,29,39. -> 1
3,4,6,14? -> 1
13,14,15,16.18,19,22. -> 1
16,19,22. -> 1
3,12;20;29. -> 1
6:15,28,43,45,46,58,64:68,76,84,85,91. -> 1
5,7,8,20? -> 2
12,14,21,27;38,47. -> 1
1,4,15;19,24,31. -> 1
1,3,12;33. -> 1
4;9;13! -> 1
17,26? -> 2
3,4,13,27,38. -> 1
3,6,8. -> 7
0-0-0-0-0-2:6,12.12-12-12-12-12-13. -> 1
1,5,15:20,26;33,39,46. -> 1
1,3,16:23. -> 1
4,5,13,19? -> 1
13;25;33,40,42,45. -> 1
2,3;9,16. -> 1
5,6,18,23,32-33. -> 1
4,5;8. -> 3
3,5,18,24,34,47,60. -> 1
1,6,10,18,26,43,51. -> 1
9,25,28. -> 1
4,12,15,23,32? -> 1
8-10,18,26;27,33,42;51,67,68,71,75. -> 1
2,8,13. -> 5
1,2,7,11. -> 2
0]23. -> 1
5,6,18,23,30? -> 1
6,12,18,21,25,30,42,46,50. -> 1
1,16,24! -> 1
7,18,28. -> 1
7,13,18,25,35,49;50,54,61,65,68,70,72,79,84,94,99:100,108,116. -> 1
4,7,17:20,24;25,28. -> 1
0]6,7,11! -> 1
1,2;16,24. -> 1
28. -> 9
6;10,13. -> 2
5,9,14,18? -> 1
9,14;21. -> 2
2,7,13,14,16:21,25,33,37,43,48. -> 1
3,4,9;12,13,17;23,24,25,34. -> 1
18,24,26,30,41.42. -> 1
5,10,16,19? -> 1
3,4,12,13,14,20,23. -> 1
4,9,14. -> 10
3,5,12,17,23,29,32,41,46,51,54,61,66. -> 1
1,11,15,17,21,29,31,46,55,63. -> 1
1,9,11,13,15,18! -> 1
5,6,13,23:29? -> 1
3,8;12:19,26;37,46;55,62. -> 1
1,2;6? -> 1
1,4,6;16. -> 2
10,18,20,28,30,37,47,54;61,69. -> 1
4,8:9,13. -> 1
2,5;9. -> 4
2,15,24. -> 1
3,10,22,31. -> 1
2,8-14,25;26,27,40. -> 1
1,2,9,16,19,23,30,42,48:50,53,59,72,78,82. -> 1
1,7,12! -> 1
9,17,21,35. -> 1
4,10;14,18. -> 1
8,23;32. -> 1
10;15,20,23,28. -> 1
4,11,23,31,34;42. -> 1
14,26,38? -> 1
2,7,21,25,29! -> 1
10;26:36,43,51,58,65:73. -> 1
9,23;34,38,41. -> 1
7,8,10,20,36. -> 1
4,12,19,25. -> 1
1,2,8,12,14,16,18,21,29,31,40. -> 1
1,5,6,8,11,16,17,24,27,41,47. -> 1
7-8,10,16;20,25;35. -> 1
4,6,15,34. -> 1
3,10,19,28,33. -> 1
2,4,7,8,16,27,34. -> 1
5,17,24? -> 1
2,6,11,15,18? -> 1
4,9;18,27,31,44,48,54,59,66,74;82;88. -> 1
1:2,10,28,35. -> 1
2,10;18,23,29. -> 1
3,10,16,23-25,39. -> 1
6,20;25,29,46,54,61,68,75. -> 1
1,8,15! -> 2
11,15? -> 3
4,11,18,23,27. -> 1
2,5;10. -> 3
12,25? -> 1
11,16,27,30,32,37,44,49,57,62. -> 1
6-9,17,18,20,24. -> 1
0-0-0-0-0-2:2,13;21. -> 1
3,4,5;13;17:29,35. -> 1
11,21,25-28;32,38,45,49. -> 1
4,10,16,20,27? -> 1
4:13;14,20,28,33. -> 1
9,11,12,13,14,15,17,21,30,33,37;41[42]48,51,62. -> 1
7-9.18;22,27,36;44. -> 1
0-0-0-0-0-2:17,33. -> 1
15,19,24,45,49,53. -> 1
4,7,14,28:32,37,46,56,64. -> 1
1,2,5,18? -> 1
1,3,13,17,27. -> 1
1,2,5:11;13,23. -> 1
10,17-19,27,35. -> 1
6,14,19,25,30,36? -> 1
4;12,21,29,34. -> 1
4,7. -> 136
11,18,22-29.34? -> 1
5,6;10. -> 4
2,3,11,17;27. -> 1
2,10,16,24,30. -> 1
1,2,15;29. -> 1
8[9]9;21,25,29,37. -> 1
3,10,14. -> 2
4,8,10;26. -> 1
3,4,18. -> 3
0-0-0-0-0-2:2,4,9. -> 1
1,2,7,29. -> 1
19,28,31,34,41. -> 1
1,2,5,7,14;24;36. -> 1
1,6;26;45. -> 1
2,9,20,29,35,48:50,53,69,77,90,105,118-119,138. -> 1
6,8,13,18,22,25;33. -> 1
12;23,30;43,53,59. -> 1
4,8,10,18. -> 1
4:13,19. -> 1
8;15! -> 1
8,14,26,29,31. -> 1
3,7;13. -> 3
6,9,12,15,20,31. -> 1
3,5,10,12,16-18,35,37-47;53. -> 1
10;20. -> 3
2,3,8:18. -> 1
2,4,18,20,28,34,41,44,52. -> 1
4,8,9,18,21,23,32,38,41. -> 1
1,2,12,17,23? -> 1
4;7,8,14? -> 1
5,7,10,23? -> 1
4:12,16;26,33,37;41. -> 1
11,15,27. -> 1
6:7,11,18,21,30,37,48,54,65,69,83,96. -> 1
10;19;22,34;36,43,49. -> 1
0]15:18:20,21. -> 1
8:19,26. -> 1
12,17,30,33-34,41;56. -> 1
6,11,20. -> 2
6,7:18. -> 1
3,5,8,12. -> 1
2,4,10,18,21,37;38,41,46. -> 1
1,2,5;16:26,34. -> 1
17;21? -> 1
5,9,14,21;22,25,28,35;48. -> 1
7,12,15,20;21,25,46;51? -> 1
1,10,14,19-22-25,38. -> 1
5,7,18[19]19,26? -> 1
3,5,12. -> 8
0[3.3] -> 106
2,3,6;8,25,38,43,46,49,61,79. -> 1
7,15,22,24-31. -> 1
0]7,20. -> 1
11,16;20,25,29,34. -> 1
1,8,14,17,21,30,38,42. -> 1
11,11(14)17,24,33. -> 1
5;12,19. -> 1
12,16:20;25,33,43,52,60. -> 1
17,21. -> 3
13,32,49,56. -> 1
1,2-4;5,7. -> 1
10,16;19. -> 1
4,11,19,27. -> 1
2,8,14,22,26. -> 1
1,2,8,13;20,31,46,55,67. -> 1
1,3,20? -> 1
4,10,11,15-17,21,26,29. -> 1
15;20,27,40. -> 1
1,8,14,20,27,32,35,39,48. -> 1
3,6;8,9;14,22,24. -> 1
14.16,18,22;26-31. -> 1
2,3,10,19;32,45,54. -> 1
21,22,25,32,41. -> 1
7,15,22,30.39,42,46,54:57,64.68,72,75,80. -> 1
1,3,12,20,26,31,35,48,54,58,63;72,79,84,85,88,103,105? -> 1
4:7,8. -> 3
10,17,25,35:41,45,52,56,61,70,77,85,92,101:108,112,118. -> 1
1,5,12;18,21. -> 1
1.9:13,16,33. -> 1
7,10,14? -> 1
5,12,26,32? -> 1
2(4)9,17,25,33! -> 1
0]4,8,11;14,19. -> 1
2,4;20. -> 1
7,10,18. -> 2
4,9,20,29,35,46,52,57. -> 1
1,2,9,17,21,24. -> 1
0-0-0-0-0-2:14,22,31. -> 1
3,7,9-14. -> 1
1,12,16,24. -> 1
3,9,17. -> 12
2,9;12,18. -> 1
11-12,16,23? -> 1
22? -> 6
7,13,15? -> 2
2,12,18. -> 1
1,6;18. -> 1
4,21,25,26,27-28,33. -> 1
12,13,15,16,19,25,30,32-34,37-39,44? -> 1
4,6;14,18. -> 1
0]0[1]6,11;20,24;33,36. -> 1
20,22,24. -> 1
4-14? -> 1
9,16,23[24]28,30,34,43,49,51,55,60;66,67,74,77,81,92,101,104,105,108,115,120:122,127:135;144,150,164,172:176,181,194,203,211,216,227,231,238? -> 1
5,8,10? -> 1
0-0-0-0-0-2. -> 2
5,14,17. -> 2
10,15;18,24,26,29,32,33. -> 1
1,4,7. -> 31
3,16,29,30,35,42,48;50,52,59. -> 1
10,12-17. -> 1
4,6,9,15,21;26,32,39. -> 1
0-0-0-0-0-1. -> 73
9,12,21? -> 2
9,17,25,31. -> 1
1,9;15,25. -> 1
2,3,14? -> 3
5,9;18,21,24,29,34,36,46,53. -> 1
2:10. -> 2
1.10. -> 2
7-8,12,16,26,34,47-49,55-58. -> 1
7,13,20? -> 2
6,14,22. -> 4
2,3,16,20,26,34. -> 1
4,5,16,17,25;27,31,36,46. -> 1
8,11,15! -> 1
10,12-18,27? -> 1
3,4,10,13. -> 2
6,7,11. -> 7
7,15,21;29,34. -> 1
1,2,8,17,24. -> 1
2,4,9,19:27. -> 1
2,6,10,15,19,23,25. -> 1
8-13,25. -> 1
18,27? -> 2
9,20;26,34;35,37,44. -> 1
4,8,13,17,19,23,24,32. -> 1
3,4,7,9,17? -> 1
3,4,10,19. -> 4
7:10,14. -> 2
2,9,18;20,27,38. -> 1
8,21,23,26,30,43. -> 1
10,22,24,27,35. -> 1
4,14,18,20,23. -> 1
3,8,11! -> 2
6,10,16? -> 1
7,14,18. -> 2
4,6;11,17;21. -> 1
5,8,14,17,21,25,35:42,44,46,54. -> 1
2,3;9? -> 2
0]1,2,6;14. -> 1
5,6,10,11,15,23. -> 1
1,18,32,41,51,57,69,74,84,90. -> 1
1,7,10,15,20,23. -> 1
1,2,4,15,24,26. -> 1
1,5,6,10,13,18;27,37;44,55. -> 1
2-4! -> 3
2,7;15. -> 2
11,13,39,46,48,57. -> 1
6-7,8,11. -> 1
4,14,17,20,27,33. -> 1
11;18. -> 3
9,18,24,33? -> 1
3,4,5,8,9;15. -> 1
2,7,9,12-13,14-16,19,26,35. -> 1
4,6,12,21. -> 1
4,5,14,18,22,35. -> 1
1,5;14. -> 1
4,9,15-17. -> 1
4,9:17,25,35,44. -> 1
2,4;6,8. -> 2
6;7,13,17,25,31. -> 1
3-6. -> 3
4,5,8,19. -> 1
12,18,21,25,32,42,52,62,69,76,82,89,91,92,97. -> 1
8:12. -> 1
1,2,6,11? -> 2
4,11,12,15,20? -> 1
3,10,19,29. -> 1
6,11,19? -> 1
3:9,19. -> 1
0]0[1,5,14. -> 1
12,16,25. -> 1
1,5,9,14. -> 1
0]4,11,19. -> 1
3,5,10,14,20. -> 1
2,9,24. -> 2
6,8,12,19;20. -> 1
2,4,8,11. -> 3
1,3-4,8. -> 1
10,19;28,31,36. -> 1
1,4,7,12. -> 1
14,17,19,25. -> 1
1,3,12,17,23,24,31,36,47,52. -> 1
2,3,6,11,17. -> 1
6,21. -> 2
12,15;26;37. -> 1
6,23,30,37. -> 1
5,6,17,30. -> 1
6,17,23,32,39. -> 1
6,11,23. -> 1
2,5,8:12? -> 1
5,10,20,28,35. -> 1
2;5,10. -> 1
1;4. -> 7
4,6,8! -> 2
7,9,13,29. -> 1
7,23,32. -> 1
4,8,20,28,38. -> 1
25? -> 3
4:10! -> 1
9,15,22,29,33. -> 1
3,4,11;15? -> 1
7,10;11,12,18. -> 1
10,13,16,19,23,29. -> 1
0]2,4,8,12,16. -> 1
5,6,8,12,15. -> 1
2,3,10,16,20,23,28,35. -> 1
9,11,12,17,24,31. -> 1
18,27,37,42,50-51,58,65,70,72,80,91;92,94,107. -> 1
1,4:10,18. -> 1
2,8,10,12,23! -> 1
10! -> 54
1,4;14,27. -> 1
1,5,21-26. -> 1
0-0-0-0-0-2:4,6. -> 2
3-12,17;22-28;36;39,47,55. -> 1
2,4,6,7,10. -> 1
13,26,31. -> 1
3,4,16,30. -> 1
6:15,17. -> 1
4,11:18,19,26,35,38. -> 1
5,7,11! -> 1
3,15,19,29,36,46. -> 1
4,15,22,29.35! -> 1
2,3,6,8. -> 4
2;10,14,15,16,19,23,27,31,36,40,45,63,69,81,84,88,91,99,102,106,114,117,132(135)135,136,137,139(140,141,142,144)144,145,146,147,148,150:154,161,170. -> 1
9,11! -> 3
3,7,12,13,20,23. -> 1
0-0-0-0-0-15,26. -> 1
14,28;29,30,37,43,53[54]54. -> 1
1,5;15. -> 1
9,14,22. -> 4
5;13,18,27. -> 1
3,10,22,27,33,36,52;65,78. -> 1
1,4,15,19,20,21,23,27,42. -> 1
3,4,21? -> 1
7,15,25,35,41,46;55,60. -> 1
0[2]6;14. -> 1
5-10? -> 1
1,2,10,15,16,19,31;35,38,49-52. -> 1
2,4,8,9;13. -> 1
0[2,5]25. -> 1
4,6,10,17,19,22,26;34. -> 1
12;38;43,55. -> 1
2,4,6,11-26! -> 1
5,7;16. -> 1
7,13,15,21,30. -> 1
15,22;40,50,59,78,82;92,95. -> 1
9,16:35. -> 1
8,16;26,28,32,39. -> 1
0-0-0-0-0-1,2,8,19,29,41,47;58,71. -> 1
0]1,3,5. -> 1
5,7,11. -> 5
4,5:9? -> 1
22-23,43[44]44. -> 1
14,23,26? -> 1
7,16,20,28,33? -> 1
8,15,21. -> 2
4,5,6,10,23. -> 1
7,13-14,16-17,19-20,23. -> 1
14;21;33,39,50. -> 1
9,20;26,38,42,50,55. -> 1
4,5,13,18,22? -> 1
1,8,12,17. -> 1
0]1? -> 5
1,5,18. -> 2
2,3,6,16. -> 2
1,3,15. -> 11
1,2,9,15;27. -> 1
0-0-0-0-0-12,16,19. -> 1
4,5;10,15,23:27,41. -> 1
1,5,11,16. -> 1
3:7,15. -> 1
2,5.17. -> 1
1,2,19,34. -> 1
0]10,15. -> 1
2,4;14,23. -> 1
0-0-0-0-0-10,24,36. -> 1
2,12,22;23,29. -> 1
14,16,17,19. -> 1
9,22;27,35,54:77,82,87,93[94]94. -> 1
7,10,13,16,21,25? -> 1
2,4,7,21. -> 1
0-0-0-0-0-14,27,45. -> 1
8;9,12,19,26,30,35. -> 1
9,15,21,30. -> 1
8;15;20. -> 1
6:11,17. -> 1
1,12,15,25;34,42,51[52]52. -> 1
4,9,10,15,19. -> 1
2,3,12. -> 13
12:14,15,22,33. -> 1
1,2,5,10! -> 2
5;8,10. -> 2
5,9:15,25,30,50. -> 1
1,2,16;27,32,44. -> 1
6-7;16,20. -> 1
2,10,15,20. -> 2
0]6,7! -> 2
2,3,6,29? -> 1
9,14,24,28. -> 1
2,3,8,13. -> 2
13,19;26,35. -> 1
10,16. -> 28
6,13,16-19.21. -> 1
1,4,9,11. -> 1
0]4,5! -> 2
6,8,10,13. -> 2
3,5,8,14,17? -> 1
1,11,27,39,50,55;73[74]74. -> 1
4,13,19;26. -> 1
10,16,24. -> 2
12,22:29,34. -> 1
2,7,13,26? -> 1
11,20,25,30? -> 1
0;11,16,21. -> 1
8,12,16,26. -> 1
3,4,7,19. -> 1
1,2,4,14,17? -> 1
2,7:11,16,24. -> 1
6,22,27,38. -> 1
3-20? -> 1
32,39. -> 1
11,14,29? -> 1
8,20? -> 2
2,17. -> 23
6,9,16,23. -> 2
9,24,26. -> 1
3,7,16;22,29,38;40,44,50,68. -> 1
10,19,23-29,37:47,51? -> 1
4,6,8,13,21,27,30,43,47,51-59,72-76,90,103? -> 1
9;15? -> 1
10,18;30,35. -> 1
6,8,24,33;37? -> 1
1,5,10,22,33,41. -> 1
4,12,18;26,34. -> 1
1,2,6,16. -> 2
3-11:18,23. -> 1
7,16,22,27,30,35,36,39,48. -> 1
2,6,10-13. -> 1
6;7,8,22. -> 1
6,10,14,20,26-28:34,38. -> 1
1,3,8,10;13,21,35. -> 1
4(8)14,22,27. -> 1
1.4,10,18. -> 1
2,4,8,19,24,29;40. -> 1
1,5-7,9,18. -> 1
3,4,6,7,8,9,10,16. -> 1
3,11,20,34. -> 1
1,3,6;10,13! -> 1
2,4,11;17,30,33,39. -> 1
5,7,13,17;29,37,39,46,51,58;61,62,65,69,77,87,95:103,115. -> 1
6-8,11-13? -> 1
2,3,7? -> 18
1[1]6. -> 1
2,3,9? -> 11
9,16,21,27,40. -> 1
5,7,18. -> 2
4,8,11,15,18,26,37,44,51. -> 1
9,15,21. -> 2
2,4,13,18:38,49-50,55,60. -> 1
3,7;16. -> 1
9,11,13,19,30,42,52,58,72,78,81. -> 1
6,14,25. -> 2
15,25,45;49,56,71,78,91-92,99,103,113,120,128,137. -> 1
1,3,11. -> 17
2;9. -> 9
1,4,12,20,26,43,52,67,83. -> 1
8:25. -> 1
3,4,7,8,9,12;13,14,17. -> 1
1,2,9,12,16,22? -> 1
12,13,23,33. -> 1
2,5,9,14,23:27,59. -> 1
2,6,14-15,25. -> 1
4,18,23-29,40,45,51,58;65,79,96? -> 1
11,17,28. -> 1
9,17;22,27,40,44,49,58. -> 1
10,12,14,16,18,20,22,24,26,28,31. -> 1
5-9,17;18,20,27. -> 1
4;6,9,12,13,24. -> 1
6,13,19,28,38,42. -> 1
7;19,29,35,42-44. -> 1
3,12,17,26;27,31;41,46,53. -> 1
2,3,12,24,32,47,56,74,78,83. -> 1
5,8,15? -> 1
9,17,20,28,34:42,43,47,53? -> 1
1,2,11? -> 8
3,6,10;17;26;35;40,42,46,53. -> 1
3,5;14,20;24? -> 1
1,5,10,15,22? -> 1
10,13. -> 18
1,8,16,32,33,40,47,55. -> 1
4,8,16,24,32. -> 1
3,4,9? -> 12
0]7,14,18,22. -> 1
5,6,7,8(11)11,13. -> 1
8,16,21,25. -> 1
4,19,41. -> 1
2,3,11,14. -> 2
1,14:16,17,20,22,30,35.37! -> 1
2,4,6,7,9,13,33,39. -> 1
10,19,26,34. -> 1
7;16;20-21,25. -> 1
4:6,8,10;14,19:22,27;31,34. -> 1
9,17,20-29-33:41,48,57,63:72-73,82,90,97.101,107,112;115. -> 1
1,7-17! -> 1
12,17. -> 13
9,23,31,41. -> 1
0,2,4. -> 1
5,9:11! -> 1
4,9,13,16,18. -> 1
1,7,8,24-25,29,36. -> 1
9;18,26. -> 1
4,9;11-20,22,26. -> 1
2-7. -> 7
0]12,17,20. -> 1
0]6,10. -> 3
3,4,7,13;17,27. -> 1
3,4,7,10:17,27;40,43.45,46,50,55,72,78,84,88;101,107. -> 1
4,9;13,17,25:27,29;31,33! -> 1
5,6,8,18. -> 1
2,15,20;23,34,52,61,71,93. -> 1
31.49,56. -> 1
1,6,10,26;49. -> 1
15:18,20,31,33;42. -> 1
0]2,5,10,17,20,28,31,35,40.41. -> 1
2-3,7! -> 1
2,4,6,7,14,23,31. -> 1
1,8.9. -> 1
12,19,28. -> 2
4,5,11,14? -> 1
4,13. -> 59
1,4,9,14,19,23,28. -> 1
5,10;20. -> 1
9,10,17,28. -> 1
17,24. -> 5
1,4,10,19! -> 1
6,25. -> 2
1,8;11,19. -> 1
9,18,23,27;36. -> 1
1-3,6! -> 1
6:27? -> 1
6,7,17-18;34;50. -> 1
3;9;15,17,18,23? -> 1
0[2]3,7,16,23;25,27,37. -> 1
7,8,14. -> 3
2,4,9;16. -> 1
11,17,21. -> 1
7,20,35. -> 1
14,27,42,52. -> 1
5,6,13? -> 1
14,21? -> 2
0]1,15;21,30. -> 1
11,15;23,32,33,37,43.45. -> 1
2;6,11-14-19,21;22,26. -> 1
12,15,28,36,40,43,47,53,68? -> 1
2,9,14,18,23,27,36? -> 1
1,3,8,14.15,16,27. -> 1
16,29. -> 4
2,3,6,9,14;23,29. -> 1
4,12,17. -> 6
6-7. -> 9
4,7,9,16,26;33. -> 1
4,11,16,23. -> 1
1,2,13,24,33,41,55,68. -> 1
2,5,14,20,28. -> 1
10,17,21,27. -> 2
5,13,21,25,34. -> 1
3,13,18.19. -> 1
5,14,26? -> 1
3,6:13;29. -> 1
0]8,9;11,18. -> 1
6,9,10,12,20,26. -> 1
12,18,27? -> 1
4,8,13,15. -> 1
11,19,25,34,37,50,63,70. -> 1
2,4,12,18. -> 1
8,11,17. -> 7
12,16,26,27,31,46. -> 1
2,4,6,13,19,31,38,53. -> 1
15:36;46. -> 1
1,5;10. -> 9
1,15,24,34. -> 1
0]3,7,8,11,19. -> 1
4;9:14! -> 1
9,11,13. -> 3
9,26,42,47,53. -> 1
1,2,9,12,14,18. -> 1
9,14,24. -> 4
6,10,17,26,32;45,54,57,62,70,88? -> 1
4,11,17,22,29,31,36,47,54,55,63,70;80,85,86,94,107. -> 1
1,3;4,5,6,7. -> 1
9,14,16,18,21. -> 1
7-9,14,29,34,38,44,53,55,60,65-85,86,92,97,98,99. -> 1
3,5,11,20,21,27-28,34? -> 1
2,4,5,7,24,36. -> 1
4,6,8,11,14? -> 1
1;5? -> 4
5,16:35? -> 1
6;14,26. -> 1
3,9-10,14-17:37,38,42. -> 1
7;14;21,30. -> 1
12,14,16? -> 2
2,12,14,17,25? -> 1
1,30. -> 1
4,14. -> 51
2,10,11,12,14,21? -> 1
7,14,15,16,19,31. -> 1
5,7! -> 6
6,7;14,20. -> 1
1,2,6,14. -> 1
9,15:20,30-33:46. -> 1
3:12,16,19,29,36,39,44,48,51,58,69,78,87:97? -> 1
1,5,14:25,38:46? -> 1
3:4,8. -> 1
6,10,10(15)19. -> 1
4,13,20. -> 2
16,25,29. -> 1
1,6,9-10! -> 1
5;8,9. -> 2
1,3-5,11,21,22,23-24,31. -> 1
12;19,23;29,31,33;37,45,60. -> 1
6-8,13;25,33. -> 1
5,7,15,25,32,42,50. -> 1
13,15,17,22,27;36,40. -> 1
0]10,11,13,25. -> 1
3,10,12-13,16. -> 1
1,2,9,14,16,22;31,53. -> 1
5,9,21,30. -> 1
4;17,26,33,39,44. -> 1
8-12,17,19,21,31,38. -> 1
3,5,7;8,13. -> 1
2,3,19. -> 5
7,21.22-24! -> 1
9-10,14:20. -> 1
8,18;20,22,25;27,29,34;36-37,39-40,47,48,51;56,61,63,66,71. -> 1
4,7-8. -> 1
8,14:18,24. -> 1
5,15. -> 44
0]5,6,12? -> 1
4;12,14-15,24. -> 1
3,4,16,21,27,30,39. -> 1
2,3,4,5,6,7,10. -> 2
4,10,26. -> 1
5,6,13,23:31,38,41,50,66. -> 1
1-2,4,10. -> 1
13;23,26,32. -> 1
2,9;16. -> 1
15,23,36,46,63-65,69:81,95,97,113. -> 1
3,7,14,16,20,28,35;37,39,49. -> 1
5-6,10,16. -> 1
1,3,11,19,25. -> 1
9;10,12. -> 1
12,17? -> 7
4,15,28. -> 1
5:10? -> 1
21,28,35,47. -> 1
6,14! -> 4
1,3,6,12. -> 3
1,2,7-9,16,26,34,37,48:51,63,70,79-83,90,98. -> 1
1[2]7;16,23,24,27;29,37,48;60;73. -> 1
9,21;30,35,41:43,45,48. -> 1
13,37,40. -> 1
7,10? -> 13
0-0-0-0-0-2:9,11. -> 1
4,5,11? -> 4
2,18,23,26,34;40,44. -> 1
7:9,11,12,29;31,43,52,67. -> 1
7;11,16. -> 4
6,7,11,21. -> 1
10:18,25,26-28. -> 1
3,6:11. -> 1
2,5,12,21,22,26,29,35. -> 1
1,2,12,24? -> 1
9:14? -> 1
2,12,18,23,26;28,31,41,50,66. -> 1
7,12,21.22. -> 1
16,26. -> 6
6,7,13;13(23,30,42;42)51;57,59,75. -> 1
5:12,18. -> 1
9,12,17. -> 3
7,12,15,22. -> 1
1,2,6,12;38. -> 1
14:18,19. -> 1
21,28? -> 1
4,5,12:13,23. -> 1
5:11,19,25,28;53:54,64. -> 1
17,18,21,22-26. -> 1
5,15,18;22. -> 1
20;23,28,37. -> 1
7,9,12? -> 1
2,4,9,11,14,23. -> 1
2,3,13,20. -> 1
9,14,21,22,30,37. -> 1
8,17,21(26)36:44,48,53. -> 1
0]1,2,5. -> 2
6,14,23,38,39,46,51. -> 1
1,9,16! -> 2
2,5,13,19. -> 1
4,25,30,36,37,44,50,61,68,82,93,109;119,131. -> 1
6,22! -> 1
13,23,27,33,37,55. -> 1
7,11,17.26;36:45,48,54,64,71.73,75,82,91. -> 1
1,16? -> 6
4,10,15-17. -> 1
7,17,22,29. -> 1
4,12,13,19,21,27. -> 1
1,2,9. -> 69
10;18,22;28,32,36. -> 1
5-7,10. -> 1
4,35? -> 1
4,5,8,13? -> 3
1,2,15,29. -> 1
3,4;22,34,36,43? -> 1
1[4. -> 1
1,2,10,19,29,43,53. -> 1
3,4,6,9. -> 1
16,20,26,33,38. -> 1
1,3,9,14,20,25;32,41[42]42. -> 1
6,18? -> 3
5,16,31;48,57. -> 1
2,6,7! -> 2
14,16,21,23. -> 1
10-11! -> 1
8,18,22? -> 1
6,15,29;41. -> 1
3,5,9,15. -> 2
1,2,6,9,17,26,33,38. -> 1
1,2,10:20;29:37,49,54,62,70.71. -> 1
15,22;25,30;33,43;48,55,61,79. -> 1
6,8,14;22,22(27,32,33,34,37)45,47,47(53,57)62? -> 1
8,9,11,23,31,40. -> 1
3,10,12-17;21,24,33. -> 1
1,3,7;15. -> 3
6,9,11,17? -> 1
0]8,11,12,23. -> 1
1:32,38(51)51,73. -> 3
6:22,27,32,39,48;50,56,59,63,70,73,77,88,90,94,107;116,138;140,142,148,158(164)164,175,181,194? -> 1
4,13:17,24,33. -> 1
2,10,15,23,32. -> 1
2,4,10,14,15,18,27. -> 1
4,5,14,29,32? -> 1
5,7,9,15;23,28. -> 1
7;15,18. -> 2
1.9,20. -> 1
9;14,17,21. -> 1
1,3,7,20,31? -> 1
0]10! -> 2
2,3,20,24,32,37,44,70,76,88. -> 1
1,8,10,12,17. -> 1
1,5,9,16,25,39,43,46,48,67,75,88? -> 1
5,7,8,18? -> 1
2,3,4,15. -> 1
8,15,22. -> 3
8,27,32. -> 1
6,18,27. -> 1
12:25. -> 1
1,9,21,34. -> 1
1,3,12,18,24. -> 1
5,6,12,13,26. -> 1
6-8,15,21,31:39,46;48,50,53,57,62:67,69,73,78. -> 1
10:13,20,25. -> 1
10,13,18,22,28;36,37,43,46,47,51. -> 1
5,6;15,19. -> 1
6,9,14,16,21. -> 1
1,2,5,24. -> 1
2,3,8,13,14:23? -> 1
3:9,18,22,42,49,54,60. -> 1
15,19,22,34,37,51. -> 1
4,9,13. -> 14
10,14,19,22,32,48,54;63,78. -> 1
5;9,15. -> 1
6,11,13. -> 1
7[8]8,12,23. -> 1
7,10,29,37,42;49,54:60,64. -> 1
1,9,14,18,21,26. -> 1
4;5,10,18. -> 1
12,22;47. -> 1
9,12.13. -> 2
10;15,29. -> 1
3,5-7,16,19-20,22,26,30,34,39,44,49. -> 1
6;22:24,29;41. -> 1
6,10,16,28,37. -> 1
5,12,18-25;29,34,38,47. -> 1
5;6,7,14. -> 1
2,6,15,21,27,35,37? -> 1
3,4,7:11,12,22,33,42. -> 1
3,4,10. -> 26
3,7? -> 31
2,13,18? -> 2
4,6,16,28,34,39,45-46? -> 1
3,4,10,26,36,44;46,51,61,71,72,75,79,83,92,99. -> 1
14,20,25,31,40,56;61;72? -> 1
1,3,14. -> 8
10,17,26,30,35. -> 1
4,9,17;24:33,42,47. -> 1
4,5,14. -> 2
5,6;12,27,35,42,48. -> 1
2,3,9;23,28;45:48,49,55,71;84,93,101. -> 1
16,21. -> 3
1,2,15. -> 13
2,4.8. -> 1
5,6,7,10,12? -> 1
8,16;21. -> 1
11,15;23.31. -> 1
3,8.9. -> 2
6,7,14,18. -> 2
2,6,17,25,33,38,45,58,66,71. -> 1
3,5;10,17. -> 1
4,11;17,21;30;38,46. -> 1
9,16:25,33;37,53,55,64,73. -> 1
1,6,12,25? -> 1
8,16,20,30. -> 1
4,9,17. -> 9
1,3,4,7;23,33. -> 1
2,4,6,12,16,21,30,32,39. -> 1
6;14. -> 9
5,11;14,16,18;24. -> 1
9;20. -> 2
13-15? -> 1
0-0-0-0-0-6,8,17. -> 1
10,18;22. -> 1
7,8,15,18,20,24,28,34,36,45,59? -> 1
3,7,11,12,16,20,25.29,38;41,43,51,52! -> 1
1,2,8,17,23. -> 1
1,2,18-24,33,39,42,57,66:72,76,88,104. -> 1
3,4,17,24. -> 1
1,2;19,37. -> 1
3-4,8,15. -> 1
1.2,3,4,5! -> 1
10,14,25;30,37,50. -> 1
2,4,5,12,20. -> 1
5,14-16? -> 1
8,13,29,32;37,45,53,62. -> 1
3,16,20;22,26,35;36,40,52. -> 1
2;7,12,16,25. -> 1
12,15,16,17(18)19-20. -> 3
9;16,18,20. -> 1
3,10,13,15,17,19,24;25,28,34. -> 1
7,17,28,46,49,54,58,61,71? -> 1
1,2,10,31:51,58;69,74;81,86,92[93]93. -> 1
17:28,31,33,39. -> 1
6,19;20,24,39,43,45;58. -> 1
5,11;26,40,47,58,62. -> 1
2,4;10,12,20. -> 1
4,8;13,17. -> 1
13,24,29,39,47,55,61,68,80. -> 1
6,8,12,13,18,28,31,42;55. -> 1
10,30,39,44,49,56,60,70. -> 1
6,20. -> 13
10,18,28,35,39. -> 1
5;11,22,28,35. -> 1
3,17,29,33,37,42,50,61,64. -> 1
0]2,9! -> 1
2,15,23. -> 1
9,14,20. -> 2
1,6,15. -> 6
1,2,9,15? -> 1
1,2;7,12. -> 3
4,5;9. -> 7
2,8,15,23. -> 1
7,19,22,37,44,49,56-57,68. -> 1
3;5,7. -> 2
34. -> 1
6;7,10,18,22,26,27,29,34. -> 1
1,3,4[5]6,8-12,26,35,39,43,52. -> 1
16:19,27,34,44;59. -> 1
3,4,6,15. -> 2
6-15,21,25,34. -> 1
3,8,11,16? -> 1
4,5,11,15,16-17,18-19,20-21,22-23,24-25,29,33,39,51:53,57,59,61,64,65-66,67-68,69-70,71-72,73-74,75-76,82,86,87,94. -> 1
4,6,10,11,15,16,21,35,59. -> 1
1,3,12,27? -> 2
8,13,19. -> 3
1;9,15,19;20,26,30. -> 1
10,16,25. -> 2
8,14,18;26,30,44,53. -> 1
4:7. -> 5
13,18,27,30,39,50. -> 1
8,15,17,19,27,30,38,45;54,61. -> 1
2,5,6:11,13,21. -> 1
1,3;11. -> 3
2,4;9,17,26. -> 1
2,3,6,11,14,35,47,57,73,79,83,87;99? -> 1
9,13,22,26. -> 1
2,4,19. -> 2
0]3,5! -> 1
1,2,10,15,23,27;40,51,59,63,71,82. -> 1
3,13,14,19,29,34. -> 1
2,3,17,18,26,34,48. -> 1
3,6,14,17,26,30,35. -> 1
6,15,23,35,40,56. -> 1
3,4,11,16,21,26,31,36,42:51.55,62? -> 1
0-0-0-0-0-4,13,30,43,51. -> 1
3,4,10,20,35,53,58,65. -> 1
6,14,23,30;37. -> 1
9,16;20,24,25-32,38. -> 1
1,4;13,15,19. -> 1
7,17,23. -> 4
1,2,10,17;32,42. -> 1
1,5,8,10,15,21,25. -> 1
1,4,12,18,27. -> 1
14,17,26,34! -> 1
4,14,37. -> 1
9,24,31;45. -> 1
3,8,9,11,21,27. -> 1
0]5;8,10,13. -> 1
3;6;10. -> 1
3,4,5:6,7,12? -> 1
2,3,7;14. -> 2
1,12;22.31? -> 1
2,4,8,9,14. -> 1
3,4,19,23. -> 1
7;12,16,23,27. -> 1
2,3,8,21? -> 1
2,5,12,20,26,38,44. -> 1
6,11,13,14,16,19;36. -> 1
9,16. -> 57
10;15,20. -> 2
9,12! -> 4
3,4,8,14! -> 1
1,3,10,12? -> 1
5,25,42,56. -> 1
8,13,18,26,32,48,67,74,80,81,82,83,86,89,106,115. -> 1
10,25. -> 8
5,9;13,21,27. -> 1
4,10,12,16. -> 1
13,19,20,27,32,37,38,41,45,51,56,60,67. -> 1
2,11,16,24,27. -> 1
2:2. -> 1
8;12,14,23. -> 1
1,2,7,10. -> 3
1,14;25. -> 1
1,2,3,9,16. -> 2
13,20,24. -> 3
8,11,12,17. -> 1
0]7,8,12. -> 1
8,9,12,21. -> 1
1,9,26. -> 1
6-20. -> 1
3,7,16,23:32:40,49,57,65. -> 1
8,10,17. -> 3
5,14,15,20,30. -> 1
4,10,20. -> 4
3;11-13? -> 1
11,13,18,29. -> 1
15,23! -> 1
4,9;14,22,31. -> 1
4,8,18,31,36,42,47,56,60,66,71;74. -> 1
9,14:28,32,43. -> 1
5,8(10)14. -> 1
6:7. -> 1
2,5,13,21. -> 1
11,16,21,31,40. -> 1
9-16? -> 1
3,7,12,15. -> 2
5,19,25. -> 1
4,8;20,25,29? -> 1
7;15,21. -> 2
10,19,25. -> 1
0[7,15,20. -> 1
10:21? -> 1
1,8,10,16,19. -> 1
2,5;17. -> 2
5,10,14;18. -> 1
4,14,17,20. -> 1
9-11. -> 1
3;8,14,18. -> 1
0-0-0-0-0-8;14,22. -> 1
6,13,18,29. -> 1
15,18;35,50,55;62[63]63,66,70,77,87,94,101:115,121,128,132,141,146,166,174,193,201;214,219,226,228,230,241,250,263,281,289,299-300,307. -> 1
3,8;23. -> 1
5,6,12,21,23,39. -> 1
3,9;11,18;20,24;27,36. -> 1
1,6,14,24,34,40,47;53,56,64,66,69. -> 1
1,2;4;8. -> 1
11,18;20,32. -> 1
1,12,21. -> 1
5.11,17. -> 1
5,7,15;24,28. -> 1
17,23,27,31,39? -> 1
5.9,10,17,25,33? -> 1
2,17,19,22,37. -> 1
4,12,17,25,28. -> 1
2,4,11! -> 1
1,2,15,19,32. -> 1
1,4,12,25,36,39,45,51,58,68. -> 1
5,7,9,10,16? -> 1
4:9,16,18-23;33,42. -> 1
21,29. -> 1
2,3,5:14,20. -> 1
7:16,26:34,41,48,50,56:63,72,82,91,101,105,111. -> 1
1,4,11,20,27. -> 1
2,7,18,19,22,23,29,30,31,32,38:39,48,59,66,69? -> 1
9,15,28. -> 1
5,11,12,20,31,40:42,49,61. -> 1
13,18,21. -> 1
9,16;24,37. -> 1
4-5,10,14,18,24,30. -> 1
2,3;7. -> 9
7,8:20,30. -> 1
2;9,16. -> 2
6,11,13,19,25,30,38. -> 1
9,15-23:29,39,41,46;56,63,75. -> 1
1,5:11,18. -> 2
1-3,10,17. -> 1
3,10. -> 77
8,19,26! -> 1
9,17,21,30;33,38,58,65,68. -> 1
5,17,45,53,62. -> 1
5,11,24. -> 2
7:8. -> 1
2,4-8,14,22,33? -> 1
4,8,13,15,19,28. -> 1
13,20. -> 15
4,6,7,10,21. -> 1
2,8-15! -> 1
0]5;10,13,18. -> 1
6,17[18]18. -> 1
4,22,33,40,46,56,66,71. -> 1
0-0-0-0-0-3,5. -> 3
16:28,43. -> 1
2,6;14,22,28. -> 1
2,4,7,13. -> 1
4,5,13,17,28,32,39,42;50. -> 1
2,6,15. -> 7
1,3,9,19. -> 1
3,5,11,17,28,32. -> 1
2,5,9,13,18. -> 1
0-0-0-0-0-2:15. -> 1
8;15;22. -> 1
1,6,18,21,34,36,40. -> 1
14,26;36;42;54,59,62,67. -> 1
2,3,7,13? -> 2
9:12,24,29,35:43. -> 1
6,16,24. -> 2
8,10,16;24,27,33. -> 1
6,14;23. -> 2
6;21. -> 6
15,23;24,27,32,43. -> 1
11:19,32-33,46. -> 1
11,17:21,24,31. -> 1
5,8;9,12:26. -> 1
4,7-9. -> 2
7,17,21,26,38. -> 1
12;17,27,33,42. -> 1
4,6;9,15,23. -> 1
0]5,8,17;21. -> 1
1,2,8,13,23. -> 1
2,4;7,12;15! -> 1
1,4,14;27,31. -> 1
3,4;12. -> 2
2,25? -> 1
1,9;15,23,29. -> 1
12,13,16. -> 2
9,17,24,33? -> 1
3,4,11,16,29. -> 1
8;9,17,25. -> 1
1,2,7,12,15? -> 1
3,6,9-20,30:32,36. -> 1
2,6,16,24. -> 1
28,34,37,43,56. -> 1
1,3,13;21. -> 1
9,17,28,37. -> 1
11,19,34,41,43. -> 1
7,8,12,17,23,38,49. -> 1
1,3,11,13,18,23. -> 1
3,11,16;17,21,28,29,32,36. -> 1
2,18,22,39. -> 1
3,9? -> 22
3,16,29,33,40,48. -> 1
7,19? -> 4
11,12,15,26,39. -> 1
9,13,24. -> 2
4,5,7,15. -> 1
8,13,32,33,36:47,50,57,65. -> 1
4:30,42. -> 1
12,25,37. -> 1
9,12,16,20;30,34. -> 1
2,5,14,17,21;35,38,40. -> 1
2;13. -> 2
2,14,22-23-24. -> 1
2,54,60. -> 1
4,5,11,15,18,30. -> 1
1,2,6,9,15. -> 1
2,3,8,13,18-22,30,36,44? -> 1
1,8,14,21,24,30:35,43-45,51. -> 1
4,8,20,26. -> 1
15,21,24. -> 1
3,5,10-11,15;22,26,31;38,43,52-53,61:62,64,75. -> 1
5,14,31. -> 1
3,4,8,13? -> 1
1,6,13,20,26,29,36? -> 1
3,4,6,11. -> 1
2,3,5. -> 24
1,4,17,32. -> 1
1,5. -> 371
9,14,17? -> 1
1,6:15? -> 1
5,8,10,11,13,18,24,32? -> 1
3,4,8,19. -> 1
5[6]8:13,18,30. -> 1
8;13,14,15,17. -> 1
0]1,9;13,18. -> 1
9,9(15)17,23,26,30. -> 1
4:5,9-9-9-9-14,17! -> 1
5,14,19,24,29. -> 1
5;12.28. -> 1
2,9,18,32,36,39,45. -> 1
2,3,5,13,20,24. -> 1
6;13,19. -> 1
3,4,19? -> 1
2,3,12;19,29. -> 1
3. -> 2334
0-0-0-0-0-2:4,7. -> 2
1,9;17. -> 2
4,5,8:13,18;22,27,30,33,40. -> 1
4,10,16,35. -> 1
16,18. -> 1
3,4,6,11,26,34,39,44. -> 1
2,3,14:27. -> 1
3,7,10;18,24. -> 1
6,14,17,20,30,37,52,57;68,70,73,81,94;103,110,117,121. -> 1
4-15.20,22. -> 1
5,10,15,20[21]21,27;39,67,77,82;94,95,96,97,101,106,116,138. -> 1
3,4-5,7! -> 1
3,7;9,15;16,22,29. -> 1
2-4,6? -> 1
3,4,12;21,31,44,54. -> 1
12,21,30. -> 1
1,7,24,36,39,49,55,62,69,73,79,84. -> 1
6,11,21,30. -> 1
2,3,10:20. -> 1
13,21. -> 10
1,2,5,12. -> 4
14;18,25,28. -> 1
5,15,26;31,36,40,45. -> 1
2,9,13! -> 1
2,8,16,19,24,33. -> 1
3,4,10,14. -> 1
18,26;27,32,38,46,49;54,59. -> 1
5;13,18,21;25;27,33,37. -> 1
10,16,50. -> 1
11,19,23,26,30. -> 1
9;16,20. -> 1
2,8,10-11,15,19,22,31! -> 1
9:11,23;40. -> 1
2,14,28. -> 1
6,8;15. -> 1
6,7;9,12. -> 1
5,7,9,11,22. -> 1
0]1,2,5,15,17,18,28,35. -> 1
6,7,13. -> 7
1,2,5,15;24,30. -> 1
1,13:27. -> 1
5,10;12,27. -> 1
2,6,9,11. -> 1
2,3,14;17-28,29,32,33,53. -> 1
7;16;22,25,27,29;31-36-37,40-41,45,52-55,64;71,79. -> 1
5-13,17,21;35-37;52;53,56,63,69,73,79;83,88. -> 1
1,2,10,24. -> 1
10,17,21,22,26;30,35,44. -> 1
0[7,13,16. -> 1
2,3:8? -> 2
7,11,21,26. -> 1
8,10,16,23,33,40? -> 1
3,4,5,15? -> 1
7,12:18. -> 2
12,17,27. -> 1
10,21,32,38:46;64;73;79,96. -> 1
10;12,16. -> 1
1,2,5,8. -> 6
0]7,16. -> 2
4,9,14,20,28:37;43,51:60,67,76. -> 1
17,25,32;39,46,50,52,54. -> 1
11,14,18,26,33. -> 1
2,7,25,31. -> 1
5;13.14. -> 1
10,21,29,41,46. -> 1
4,5,20. -> 1
0]1! -> 16
2,3,5,6,12. -> 2
6,18,24,31,49;54,66,72;79,87,95,101,106. -> 1
4,8,14-15,21,26,32,45? -> 1
6,13,15,21. -> 1
9,16,21-23,31,36. -> 1
5,12,17,22,36. -> 1
6,10;14,19. -> 2
7,15;31. -> 1
4,12. -> 84
10,15,19,20,24,37;53;56,69,77. -> 1
8,14,31,38,45. -> 1
2.5. -> 1
12,14,16,30. -> 1
0]1,2:4,6;10. -> 1
0-0-0-0-0-17,36. -> 1
17,28,31. -> 1
0-0-0-0-0-2:11,29. -> 1
6-6-7. -> 1
4;27,41,50,53,64,73. -> 1
6,15,20,24,39;44,49,56,64:73,79,88,99. -> 1
2,6,7;19,22,33,42,52? -> 1
5,10;17,22. -> 1
4,9,13,19,23,27,31;47,51. -> 1
5;8,12,17,21,26,32,36;45! -> 1
6,18,24,31,36,43. -> 1
5,12;15,26. -> 1
1,2,3,9,19,26,30,41,42,53,59? -> 1
5,6,19,28,38. -> 1
4,5,8,16. -> 2
7;18,27. -> 2
8,11-16! -> 1
9,25,33,41,50,55. -> 1
1,3,6,13,17. -> 1
4,7,10:11,13,18:19! -> 1
8-9;23,30. -> 1
3;8,12. -> 2
1,6,9;18,25. -> 1
5,6,15,24! -> 1
19,25,34,43. -> 1
5,10;20,29;35,40. -> 1
16,21? -> 3
8,15,25,33. -> 1
10;20,35. -> 1
30,35. -> 1
2,4,8,16-17;23,33:38,42,45,51. -> 1
1,2,9,18! -> 1
7,14-16. -> 1
9,10,11,12,24. -> 1
8;20. -> 5
8;19-25,33,42,52. -> 1
0-0-0-0-0-2:3,4. -> 9
1,5,11,22,31. -> 1
26.32,36,43;50,61. -> 1
4? -> 1591
11,19,24. -> 1
9;37,55,59,66? -> 1
7,16,20,26,31,34. -> 1
1,2,5,15,21. -> 1
2,6,29;51;55,63;67,72,84;113. -> 1
8,12,17. -> 13
1,2,10-12,18,25;36,50. -> 1
3,6,9,17. -> 1
2;11;12,15. -> 1
1,4,5,10. -> 4
10,14,19,23,26,34. -> 1
1,2,6,15,22:27,41. -> 1
7,17,29,33;41;49,55;64. -> 1
4,6,9! -> 4
9,13,14,17. -> 1
4,5,9,12:15? -> 1
12;19,25. -> 1
8:11. -> 1
26. -> 11
4,16,20,24,27,29,31,41,46;51,56,71,76,80,94,96,98,100,107,113,117,123,129;134,136,138,145,148,156:157. -> 1
2;7. -> 13
6,10,17:24,29:34,41,47,57;67,73. -> 1
2,3,5,16,20,26,33. -> 1
9,11,16? -> 1
12;24,30,38,42,45,49. -> 1
2,3,10? -> 2
3,4,8,17,23,29? -> 1
10,16;25,26,28,36! -> 1
1.3,5,9. -> 1
3,4,14,18? -> 1
8,12;17,23,30,42;47,63,68,81;82,84,90;93,98. -> 1
0]4,10,18. -> 1
1,3;4,6,7,11,15. -> 1
4;9,17. -> 6
4,10,31? -> 1
14,19,30. -> 1
9,11,13,21,27,38,52,62,67,70. -> 1
1,2;4! -> 4
3,7;9,11,17. -> 1
4,8,10;13,18,22,27. -> 1
2,4;7. -> 3
1;10? -> 1
0]6,13,20. -> 1
6,9;24,30! -> 1
2,4,23. -> 1
17,21,25,28,40. -> 1
16,23,30,36;45,49,52. -> 1
13,22,27,33;43,45,49,56;59,65,71,73,76,82;93,103;105,110,116,118,123,129. -> 1
1,9,18,23,27,34,36,38,43,53,60? -> 1
1,18. -> 15
6,8,10,14,20,28? -> 1
5;12? -> 1
6:10;18. -> 1
1,2,9,13,17,24,29,45,52,53,56,69;77,82,91. -> 1
1,11,19;31,33:51. -> 1
3,14. -> 30
2,6,7,12,18? -> 1
8,16,24,33. -> 2
7;10,13! -> 1
14,25,31. -> 1
7,11;16. -> 1
0-0-0-0-0-0-0-4,6. -> 1
3,4,8,13;20;26,33. -> 1
1,2;15;18,34,44,45-48. -> 1
4,9. -> 282
1,4.4[10,11! -> 1
10,17,33. -> 1
8,16:21,25. -> 1
1,15,28,32,37,43,54,64,81,91,98. -> 1
21,32,40:42,47,64. -> 1
1,4,7-10,14;18,21-23,27,36,44,66. -> 1
1,16,22,30,46. -> 1
3,8,16,32. -> 1
3,12,23:32,38;53;57,59,66,74. -> 1
3,4,10? -> 6
21;34-35. -> 1
10,27. -> 8
2-4,13,16,22. -> 1
1,8-9,20,23,27,37. -> 1
2,3,13;25,29,32. -> 1
1,4,11,15.17,24-25,31. -> 1
1,2,10,18,25,34:35,37,43,48,52,57. -> 1
0]6;9,14,26. -> 1
3-7-10,22,33,41. -> 1
2,4,12,16,23. -> 1
14.15. -> 2
3,15;18,22,23. -> 1
4,11,16,22,25,32,40,50,59. -> 1
0]8,17. -> 2
2,5,7,13,21,22,27,34,49,58;69,72,76,81,95,104,112. -> 1
0]2,3! -> 4
2,14-19;24,28,30-32. -> 1
4,8,16:21,36,42,59,63;81. -> 1
5,7;23,25,27,32,40,56. -> 1
3,11,19,24. -> 1
3,5,6,15? -> 1
2,3,4,9. -> 3
1,9,15,16,20,24. -> 1
6,14;19,34;41,46. -> 1
8;10,12;23. -> 1
2,5,6,8,9,10,16. -> 1
6,6(11,12,12)21,28. -> 1
5,11,15,20,29,32,42,52;54,65,76,81. -> 1
7,27. -> 2
3,4,6,14;24. -> 1
5,25,35,42;61,63,67[68]71,76,83,89,94,108,114. -> 1
0-0-0-0-0-2:3-4-4-4-4-4-10,25.30,48;58,61,76,93:107. -> 1
1,12,19,27. -> 1
0]2,3-4. -> 1
4,16,25,32,36,45,49,54,58. -> 1
5,6,11? -> 2
7,21,32,57,65,71,82,87,89,93,95,97,118;120,125,129,134;136,144,147;162. -> 1
1,4,10,17. -> 1
10;17. -> 6
8,17,24,27,30,32;43,57. -> 1
1,3,11,19. -> 1
9,15,20.20[21. -> 1
2,5,11,16. -> 1
1,4,7! -> 8
1,14,31. -> 1
3:4,12,17,18,28,33? -> 1
2,14,22,29? -> 1
2,3:8. -> 1
2,6,12,17[18]23. -> 1
7;11,16,22;33. -> 1
1,3,4,5,6! -> 1
2,18? -> 3
9,10,12,24. -> 1
1,3,12,21-22. -> 1
7,13,14,14[15.15] -> 1
5;8,9,22,31,52,60,64.65. -> 1
2,5,10,16,19,21,27,34. -> 1
1,2,16,25. -> 1
9;12,24;32,40,41,51,53,59. -> 1
1,3,10,18,29. -> 1
4,5,9;15:29,37. -> 1
5,6,8;10,14. -> 1
2,9,11,17,22,26,28,30-34,38,43,64,68. -> 1
3,5,18. -> 8
9,14? -> 11
4,5,9,18? -> 2
3,6,13,23,39? -> 1
5,8,11,14,22? -> 1
2,3-4! -> 1
12,19;34,48. -> 1
2:3,4,7. -> 1
3,4,9,19;23,29,42;48. -> 1
6,10;18. -> 2
4,5,6,8,15,19,24:31,39,42:46? -> 1
2,5,6;16;24,31;40,48;61. -> 1
0[5,10. -> 1
11,24,38;40,41,52,67;79. -> 1
1,6,10,15? -> 1
1,4,9,11,17,31,47,59. -> 1
4,8,12,16. -> 3
8;17;21. -> 1
10,17:23,30,34,41,51. -> 1
0-0-0-0-0-6,16,24,25,27,36;47,59. -> 1
17,25? -> 1
7;9,15-16? -> 1
0-0-0-0-0-14,22,44,49;60,70,80[81]81. -> 1
16,20,26,32,37. -> 1
3,4,25? -> 1
11,19,30,34,45. -> 1
1;6,10,17,23;29. -> 1
16-20,28,34,46,61. -> 1
13;20,26. -> 1
3,9.16,24. -> 1
1,8,9,11,13,16. -> 1
4,6:10? -> 1
14,23,30;32,39,47,52,53,59,63. -> 1
0]1,3,9. -> 2
7,10,13,29,36? -> 1
5-10. -> 7
8,17,26,35:38,43,51;53,59,62-64,67. -> 1
8;13,16. -> 2
2,4,17. -> 4
1,2,5;11;15,20. -> 1
3:6,10. -> 1
25,37. -> 1
2,3,18,28-29. -> 1
2,4,9,21,24? -> 1
6,13. -> 76
8,10,13,21,24. -> 1
0-0-0-0-0-5,13,14,16,28[29]29. -> 1
9,13,18,29. -> 1
4,5,16. -> 5
2,6,11,30? -> 1
6,13,17:18,24;25,26,33,45. -> 1
7,9,13,21. -> 1
4;5,6,9-11,15. -> 1
3,11,18. -> 2
4,9;17,20-21,25,26,28,30-33! -> 1
4-11. -> 1
7,21. -> 18
6,8,12. -> 4
2,3;8,15. -> 1
1,6,22. -> 2
1,2,9,12,13,19. -> 1
8,10,13,16,18,19,22,24,26,29,31,33,36:39,41,44,48,50,53;58,59,65. -> 1
6,8,12;20. -> 1
17,32? -> 1
5,6,8,16;18,23,26,28,30. -> 1
5;19,24. -> 1
1,7,19,25,47. -> 1
4;5,8? -> 1
1,2,4;7,8;16. -> 1
3,15;25,31;37,51;68,75,91,102[103]103. -> 1
3;16,28,33,36? -> 1
6,7,15. -> 3
3:8,9. -> 1
3,5.6. -> 3
5,9,12,13,23? -> 1
2,11,23. -> 3
3,7,16,24:26,27,32,52. -> 1
6;9,18,22. -> 1
18,31:44,58;67,73,85. -> 1
19. -> 78
2,3,9,12,14? -> 1
3,4,5,9,15,27? -> 1
0]8,10-11,16,23,30. -> 1
3,4,16,19? -> 1
4,9,15,20. -> 2
18,29. -> 1
4,10,14-18. -> 1
3:10,23;31,38. -> 1
1,2,9,14,24? -> 1
8-10,15,19,22-24,29,42-45,51,57,67. -> 1
4,5,10,14;18,27. -> 1
2:3-4. -> 2
3,6,11,16. -> 1
8,19,24,27,41? -> 1
1,17;19,41,48. -> 1
12,15,20,36? -> 1
4,6;12,17-18,30. -> 1
1,2,5,16? -> 1
6,8,18,27,34;43,53. -> 1
9,13,20,27. -> 1
1-3,8,17;25,32;40. -> 1
18,22,30,35. -> 1
13,21? -> 1
5,6,6(15,15)17,28;37. -> 1
3,4,6,11? -> 2
10,12,15,18,30. -> 1
2,4,17? -> 2
1,4,6,11. -> 4
2,3,8,14,16,18-19. -> 1
4,13,21.22. -> 1
3? -> 865
3,7,15,18. -> 1
3,6,13,28. -> 1
4;8. -> 56
1,3,11:18,30. -> 1
4,13,22,24. -> 1
8,20,31,35,39? -> 1
7,11. -> 73
1,2,3,4,5. -> 1
8,10;15. -> 1
4,5,10,12;20,21,26. -> 1
10,21. -> 16
7-8,15. -> 1
3,4,6,13,19. -> 1
2;24,39? -> 1
1,4,9,10,11,12,14. -> 1
10,18,25:32,39,45,51:58:65,71,85. -> 1
11,13,19,26,35,37-38,42? -> 1
8,17? -> 10
2,4,9! -> 4
6,16,21:25,32? -> 1
3:11,16. -> 2
1,3,7;8,13! -> 1
3,5,20,29. -> 1
6,18,22,27,32,39,44,49,56. -> 1
2,12,24. -> 2
4-9,18,21,26,33,40,49. -> 1
2,3,6,13. -> 3
4,7,21. -> 1
6,14;27. -> 1
4,10:24;34,47! -> 1
10,19,28,38,59? -> 1
2,6;9,11,21. -> 1
10,19,33;37,39,48. -> 1
3,4;9;10,18,27,29,34,38. -> 1
1,2,14,32,37[38]38. -> 1
19,24,37,40? -> 1
1,2,6? -> 30
6,7,11,15,23? -> 1
7,9,14,19,29,35? -> 1
9,15,18,22,25,27. -> 1
3,4,11,16. -> 3
8;17? -> 2
6,10(15)21:22,25,28:44,49,58. -> 1
13,20,24,34? -> 1
8,20,22,25. -> 1
1,4,9:11,20. -> 1
5;6,7,10;17;23,28,35. -> 1
2,4,5,18. -> 1
1,2,4,10,16,23? -> 1
7,12,14;18,20,31,39;52,59. -> 1
0]4;9. -> 1
2,6,7? -> 1
3;11,14. -> 1
1,7-8,14,20-21. -> 1
2,4,14:20. -> 1
4,6,9,10:12,16,37. -> 1
5,10,27. -> 1
2,3,5;19. -> 1
8;12,15,16:26. -> 1
12:23,28,37,42. -> 1
11,13? -> 2
6:13,21;35. -> 1
4,5,7,11,23,35,39;42,46. -> 1
7;16,21. -> 1
1,2;3! -> 1
2,4,8;17. -> 1
8,10,14,17? -> 1
6,13,22;26,31,37. -> 1
3,4,6,17,23,28;33,41,52,58,68,70,80,89,98,102. -> 1
12,19,24,27. -> 1
7,14,22. -> 1
3,10.11,12,15,17! -> 1
2,11;21? -> 1
5;19. -> 5
3,4,7,12. -> 3
1,12,17? -> 1
4,5,9,17. -> 1
3,9,13,18,26. -> 1
13,16,20;21,38,50. -> 1
9,13,17. -> 8
8:14;15,17,27,34. -> 1
1,2,4,9,11,14,17. -> 1
2,10,15. -> 5
0-0-0-0-0-2,4,10,20. -> 1
3,5,8,12,18? -> 1
1,7:10,11,12. -> 1
3,4,10,17? -> 1
18;26,28,32,38. -> 1
6,7,12,13,18,32. -> 1
4,7-9,15. -> 1
2,10,18! -> 1
3,4,6,11,14? -> 1
5,10,13,19,22;24,36,44,52;58,62,64,68,74. -> 1
10,23? -> 1
4,8,11,15,20,23,32. -> 1
1,4,9,13,23,28,37,47,59,66,70,76,77,80,83,93. -> 1
5,10? -> 19
1,3,13:33. -> 1
8,9,10,11,14. -> 2
2,3:18. -> 1
1,3,12,13,15;17,19,35. -> 1
4,6,15,17? -> 1
5;10,13,21. -> 1
10,18;20,24,28,31. -> 1
4,8:14,16,18? -> 1
15;22. -> 1
1,2,11,13. -> 1
17,23,41. -> 1
3,5,11;16. -> 1
3,4,9! -> 1
4,15! -> 3
2,16,22? -> 1
3,10,13-19. -> 1
1,3,10,18. -> 1
5,8,16,24. -> 1
6,16;20,33:39,43,52. -> 1
5,6,8,11,17? -> 1
9-10,13,17;22. -> 1
5,7,15,23,28,32,44. -> 1
6,9,18! -> 1
2,4,11. -> 17
4,12,20,22,24,29. -> 1
19;40,51[52]52. -> 1
1,9,15,16,18,21. -> 1
8,12? -> 4
7;13,17. -> 3
16,17,20,27,34. -> 1
9,23,29,36,42. -> 1
13;17,23,33,39. -> 1
0,1,5,10. -> 1
13,19,27;33,40,47,53,65,74,88. -> 1
1,11;25:28,33,34,37! -> 1
2,6,8,10,14. -> 1
14,28,36,39. -> 1
4,7,12? -> 1
15,18,27;31,40,43,52,56,62. -> 1
5,9,28! -> 1
3,6,18,38,41. -> 1
4,12,14-16,19,27,34,42,46,54;57,62. -> 1
5[6]12,15,19,24. -> 1
1,2,3,4,5,8. -> 1
0]16;27. -> 1
2,4,14,16,20,24,34,40,44,56. -> 1
4,5;7,9,21. -> 1
9,10,13,23;26,27,34;41,45,50. -> 1
29,30,31-35. -> 3
8:26. -> 3
9;13,16,22. -> 1
2[3]4,5,6,10,13,18,19,20,21,23,27,29,33,34[35]35,40. -> 1
5,17,24,28,33,38,46,51,65. -> 1
1,2,9,10. -> 2
0-0-0-0-0-8,16;30. -> 1
7,17,28. -> 1
10,14;24. -> 1
3,6;13. -> 1
7,24:31. -> 1
4,16,26,30,39. -> 1
11,12,17,31,48. -> 1
6:13,14? -> 1
4,5,9,16,21? -> 1
2,4,7,13-14? -> 1
7,16,27,41;42,48,54-59. -> 1
14. -> 243
12,28. -> 2
2,4;14. -> 2
7;18;22? -> 1
3,8,23,29,32,46,67,76. -> 1
6;18,34. -> 1
2,4-10,16,32. -> 1
3-5,11. -> 2
3,4,6-18-20,22-23,25,37,42,48,57,60,70. -> 1
1,2,8;15,19. -> 1
9,17,19(23)26,34:42,50,59,62,68. -> 1
9:10,15:22. -> 1
1-11,19,29. -> 1
4,11,21,29,37,43. -> 1
2,5-8,14,27. -> 1
2,3;8,10. -> 1
4,9,19? -> 2
1,2,16;20,22,29. -> 1
1,7,27,37,44,53;55,62,73. -> 1
3,7,17? -> 1
7,14,21,26? -> 1
1,12,21,30? -> 1
9,16,32,33,35,44. -> 1
11,27,33,42. -> 1
4,5,6,8,11. -> 1
4;7,9,14,19. -> 1
19;21,34,36,42. -> 1
0]4;12,17. -> 1
5,15,23. -> 3
11;14,20,22,28,29,35;37,38,43. -> 1
0-0-0-0-0-2:3,5,9. -> 1
10,15,32,40. -> 1
4,7,11,16? -> 1
17,26,37,48[49]49. -> 1
2,4,17,21,28. -> 1
10,18? -> 8
5,9;11. -> 1
7;9,12. -> 3
3,6,8,14. -> 1
4,13,18:27,34,38,42,50:58,61,64,67. -> 1
6,7,19,21,33. -> 1
10,20,25;33,41:53. -> 1
0]13,17,20. -> 1
1,2,3,7. -> 6
3,6(8,12-22!22) -> 1
4,11;18,24. -> 1
4,16:29,38. -> 1
2,3,13,14,29,33,48. -> 1
1,2,8,19. -> 3
16,21;28;44. -> 1
6,8,14,30,42. -> 1
7;16. -> 9
10,15,20,28,37,39,40,41,52,62:76,86,91,103,110,118,130-132;150,159,163,171,176,191. -> 1
1,2,8,20. -> 2
13,18? -> 3
11,12,19,23,33. -> 1
5,8,15,23. -> 1
2,9? -> 18
6,9,12,15,18,21,32. -> 1
2,4,11,17,24. -> 1
1,4,12. -> 14
4,6,8,14,19,34,43,49. -> 1
5,10,16,19. -> 1
3,12,17,28,32-36,55. -> 1
3,5,11,17;30,36. -> 1
1,4,8;17. -> 1
1:6;17. -> 1
4,10,25,29:43,47,51,57,59,65,68,72,75,78,94. -> 1
1,5,11,12. -> 1
9,10,11,14,16! -> 1
3,10,22;35. -> 1
7:17,24,30,31,33,39. -> 1
10,12-14,16,19;20,22,27. -> 1
4;8,10,12,18. -> 1
1,17! -> 6
7,16,20? -> 1
6,12,17,19. -> 1
7,9;13,15;19,21:35,40? -> 1
8;16;20:24,32. -> 1
2,6.10? -> 1
11,20;23,29,39;47,55;65,71. -> 1
3,24,28,34. -> 1
3,4,6,10,27,30,41. -> 1
8,19,20,34. -> 1
10,19;26,38! -> 1
2,3,7,13. -> 2
4,5,7,11,18,22,36. -> 1
7,8;26,30,36,42. -> 1
5,11;12,15,17. -> 1
4,6,13,23,38;52. -> 1
5-6,7? -> 2
1,2,8,10,14,25,27,32.36. -> 1
1,9;18. -> 2
2,3,6,10,14;19,21,23,26,27,28,30,37,42;52,59,64. -> 1
7;12,21,30. -> 1
0[4;9. -> 1
4,6;8,10. -> 1
2,3,4,8. -> 7
4,6;10. -> 5
3,4,6,7,19,33. -> 1
1,2,11;19;28. -> 1
5;6,10,15,21,30. -> 1
5,8? -> 23
17,18,26,35;52. -> 1
15,25. -> 3
16,19? -> 2
7,23;37. -> 1
1,5,15,23,28. -> 1
7;18. -> 3
12! -> 21
3)3-3-3-3-3-3-3-3-3-3-3-3-3-3-3-3-3-3-3-3-3-3-3-3-3-3-3-3-3-3-3-3-3-3-3-3-3-3-3-3-3-3-3-3-3-3-3-3-3-3-3-3-3-3-3-3-3-3-3-3-3-3-3-3-3-3-3-3-3-3-3-3-6:16. -> 1
19,27;32,32(35,35)43,47,51,53,61,73,77,79,81;89,92,95,101,104,107,113. -> 1
1,3:9;17? -> 1
11,13,18,25:45. -> 1
5,6,17. -> 6
1,4,10,17,25,27. -> 1
2,3,6,9,14,16,25,32. -> 1
1,10,25? -> 1
18,28. -> 4
6,8,17,19-20,22-23. -> 1
3,6,9? -> 5
8,10,23,31,35. -> 1
6;10;18,32. -> 1
4;8;15,21. -> 1
9,11,14? -> 1
1,4,7,9;11-20. -> 1
0[2. -> 702
3,7,10,25. -> 1
4,7,11,11[12]19;28;36,42,47. -> 1
10-17. -> 1
1,4,8,8[10. -> 1
4,6;10-14. -> 1
10,17,27. -> 1
1,9;13,14,19:23;28. -> 1
6-12! -> 1
13;21,28,34;36,38,49,55. -> 1
2,9,11,13,16. -> 1
3,9:19. -> 1
1,2,5,6:12,22? -> 1
0]6,16. -> 1
2! -> 589
4,10,13,18? -> 1
3,4,6,18,24,28,33? -> 1
7,22,27? -> 1
2,3,5,15,23,29,32,40. -> 1
5,11:12,15,22. -> 1
4,9,16,25. -> 1
1,2,3,5,7. -> 1
11,18,25,30,35,42,48. -> 1
2,3,8? -> 11
2,9,17;32. -> 1
3,7,9,11,16;23,31. -> 1
9,18,34. -> 2
2,6,8,10. -> 1
5,6,10? -> 3
14,24,25,27;28,33,37,57,58,66. -> 1
1,4,8;13. -> 1
6,10,16,21,22;26,28,32,36;50,51;66,67,75,84,94. -> 1
5,16. -> 27
4,9,17,21,34,38,39,47. -> 1
4,7-8-9? -> 1
2,3,13,26. -> 1
3,4,16,17,21,28? -> 1
4,6,7? -> 2
5;6,7,13,23,26,32. -> 1
4,10,15,22,40. -> 1
9,19-22. -> 1
10,12,19,27. -> 1
4,9,11! -> 1
0]10. -> 16
13;25? -> 1
7:16,26,31,37. -> 1
3,7-9,18,20,22. -> 1
10-13. -> 1
1,2,9,14,31. -> 1
1,3,7,11,17:21,27,35,47;51;52,53,66:70? -> 1
1,3,5;11. -> 2
12,14,21. -> 1
9,22,27. -> 2
8,16,24. -> 7
9,13,31,39. -> 1
12;16,19,24,25,32,35. -> 1
4,13,19? -> 1
9,14,18,22,28:32,38:43,46,55,63,72. -> 1
4;10-16. -> 1
4,6,12,16,23:25,37,52(59)59,64;76. -> 1
5,6,11,15,17,21,30. -> 1
4(10)13,18,23,26,28,31,38. -> 1
1,3,10;16,19,29. -> 1
6,8,18,20,23,32? -> 1
7;19-20-21. -> 1
4[5]5? -> 1
6,8-10,15,20,25? -> 1
7,32. -> 1
5,6,15? -> 3
9,22:26:30,31,34,40,43;48;50,52,57. -> 1
2,7,12,24;28;37;43. -> 1
6,12;17,27. -> 1
2(14,28)42,43,44,56;72,78. -> 1
10;13,14,23,28:30,32,45;46,50,55. -> 1
9,25,48. -> 1
5,14,18,24,34. -> 1
1,2,12,15? -> 1
4,7,16;17,26,31;33,37. -> 1
8,22,29. -> 1
8,11,12! -> 1
10,15,19,28-29:33,39;41-46,49,52,54. -> 1
7,12;18. -> 1
2,3,10:16,22;28,31,36;39,44. -> 1
1,2,7,21. -> 1
4;13,20,22. -> 1
11.17,19,23,28,43. -> 1
5,9,20;24,26,29,33. -> 1
9-10[11]11,16,19. -> 1
1)8-12-17. -> 1
3,4,12(14,24)26. -> 1
10,13,15? -> 1
5,11? -> 12
1,2,16,35,44,49,55,59,63. -> 1
5-8,16! -> 1
2,3;5,6? -> 1
1,2,13,18,26,37,47,54,59,63,65,70,71,73,75,81,88? -> 1
4,6;9,11,13,29;38? -> 1
2,4,9;13,20. -> 1
1,2,11,14,17,20,28;40,44;49,57,61,71. -> 1
2,5,13,21,25,31. -> 1
9,27,35. -> 2
5,7,10? -> 2
7;11,16,18,23,28,33,40.44-46,50,54,63,71,76. -> 1
3,4,14,20,24,29,35;39,45,58;67. -> 1
3,5,9,14. -> 1
4,7,11,17,25:34,43,52. -> 1
1,2,9,11,14? -> 1
8-9,14. -> 1
10,16,23;27,36,44. -> 1
0[1,2,4,6. -> 1
0-0-0-0-0-2:6,24,43. -> 1
18,25,34? -> 1
6(9,10,13)14,21,29,35? -> 1
11,14,20,31. -> 1
1,5:10,13,17,23. -> 1
7,15,22,24,26,28,30,32,44,49,58,60,66,69,76,85,96,102,118,126;135,136,138,145,157. -> 1
2,3,5;12;16. -> 1
2,5,28. -> 1
9,13,18,30,35;41,42,51,54,62:67,70,76,84,92. -> 1
3,7:15,25. -> 1
6,9. -> 96
1,7-8,11,16;17,21-23,35? -> 1
3,4,6,8? -> 1
9,15,25,32? -> 1
10,14,22-24,32,40,45. -> 1
6,12,33. -> 1
5,18,22,33,36. -> 1
2,4,8,11;15,21. -> 1
2,3,9,20. -> 1
2,4,9,12,20,26,31,34-35,47. -> 1
5,9,14,17,35. -> 1
7,10;11,13,14,15;19. -> 1
5;6,9,16. -> 1
2,5,7,9,12,25;32,37. -> 1
3,11,18,24,32,37,44,54? -> 1
7,9,22;30,35. -> 1
5,8,13;15,23,28. -> 1
4,8,17. -> 7
4,8;19;26. -> 1
10,18,28? -> 1
1,3,7;20. -> 1
19:35,40,50;62;65,68. -> 1
5,7,14. -> 6
3,4,5,16,25. -> 1
1,7? -> 39
9,17,31;38,46,47-70;82-84;89,91,94. -> 1
10;14,25. -> 1
3,5,8,9,18,26. -> 1
1,13,18:19,21,47,67,68,70,80,82,83,93,100,106,116. -> 1
9,16,23. -> 1
2,3,8,11,17? -> 1
1,5,16;20. -> 1
6;7,13,22,38. -> 1
11,14,24. -> 1
2,3,11,15,20,30,35? -> 1
4,5,8;35,50,51,53. -> 1
19,22,25,32,37,43? -> 1
12,20;21,22,27,28,31,35,39. -> 1
8;17,27. -> 1
1,2;7,14,23. -> 1
2,4,10,20,27,29,30,46;57,65,79;88,91,99;112,113,120,121,127. -> 1
7,17;26! -> 1
2:6,16,19.20. -> 1
4,8,10,14,15,25,31? -> 1
10,14,20,37. -> 1
1,3,10,13.16,21,28,35,39,49,53. -> 1
4,5,8,15,25. -> 1
6,13,17! -> 1
1,6,11,13! -> 1
6,11,20,29,32. -> 1
1,2,7,12. -> 5
5,8,11? -> 2
3,4,10,15,29,38,45;53,55,59? -> 1
7,11-16. -> 1
3:5. -> 2
13,22,31;41,44.45. -> 1
8,14,24-26. -> 1
13,16,23,44,52. -> 1
4,6,11,23,26,33,40,43,46;57. -> 1
2,9,17,30. -> 1
18,20? -> 1
2,4,7,12,13. -> 1
9,17;24,28,33,37,43,51,65. -> 1
10,15,19? -> 2
3,6,11,18. -> 1
1,2,9,14. -> 5
1,7,14,23,33,48. -> 1
1,2,7,16;21,29. -> 1
8:14? -> 1
3,4;7. -> 10
6,12,19,26. -> 2
1,6,9! -> 3
10,12,18,24,31,43,50,65,73,76,81,90,101,113,126,130,133,138;144,149,157,161? -> 1
3.4.6,26. -> 1
9,11. -> 13
4;6;7;9. -> 1
4,5;9,13? -> 1
7:8,11:20;21,24,28,31,34. -> 1
3,14,17,20,23,26. -> 1
2,4,10. -> 41
10,12,20. -> 1
11,16,20,25,26;31-32,48. -> 1
16,17,26,34,42. -> 1
3,23,27. -> 1
1,8,13,14,25. -> 1
2,4,10,18,20,24,38? -> 1
4,9-10. -> 1
9;16. -> 16
2,7,11-16,28. -> 1
6,7,10.11. -> 1
5,6,10. -> 12
1,9,18,27! -> 1
4,20,41. -> 1
7,9,12-13,21. -> 1
14,22,28,36,42,52,55,67,78. -> 1
3,12,19. -> 3
7,14,17,24. -> 1
8,9,13,18. -> 1
1,3,5:14,19. -> 1
4,8,13,19,25;27,35. -> 1
9,15,19,25. -> 1
1,3,12,15. -> 1
10;13,16. -> 1
4,8;16,23. -> 1
8-10,13. -> 1
1,2,4,11,17? -> 1
6,10,19,26,34,45,49,58,72,78;92? -> 1
12,14,16,22[23]23,38,45,49. -> 1
7,15,30;39. -> 1
1,2,4,4[6. -> 1
3,8,19. -> 3
13,17? -> 7
8,17,19,21,27,32,33,37. -> 1
1,3,12,14,15,16,18;24,36,41? -> 1
1,12,16? -> 1
2,3,8,22,28,40,52,61? -> 1
7;9,17,22. -> 1
4:12,19,26. -> 1
8,17,18,27,35. -> 1
1,3,9-11,24. -> 1
4,8-9. -> 3
0[2.2]4,8-10,18,29. -> 1
1,4:8. -> 1
15,24,28,35,38,43,53. -> 1
1,4,9;29. -> 1
7,23,28,37. -> 1
1,2,8,12. -> 2
0]2,10,18. -> 1
11;17. -> 1
4,6,13,15,17;27. -> 1
1,2,12,17,20,21,29. -> 1
2,14,20? -> 2
9,11;13,20,24,31,36. -> 1
6,14,27. -> 1
16:21,23? -> 1
9,12,16;21,25,33:39,43,52. -> 1
2,7,8. -> 6
0-0-0-0-0-2,3,5,14,21,29,47,51,52,58,69,75,85;87,88,98;105,109. -> 1
4,7,11,15:23,29,38,46. -> 1
1,2,12,22,29,36,41,46? -> 1
6,13;17,26. -> 1
2,8,13,20,26,33. -> 1
4;10,13. -> 3
1,5-6? -> 1
8:14,15. -> 1
1,17,29[30]30,42. -> 1
6;11,21. -> 1
3,5,8,11,15;17,21:29. -> 1
11,19,27. -> 1
8,15;30,32,34,39,49. -> 1
24,28,35,39,47,49,60,66,76,81. -> 1
8,8(12)12,25. -> 1
2-3.5,9. -> 1
4,19,22,27,31:34;39. -> 1
6;13,21,22,28,36,37. -> 1
2,5,8,13,20,21,22,28,32,34,37,45. -> 1
3,13,19,23,24,27,36. -> 1
0-0-0-0-0-4,5,7,10,16. -> 1
9,16,20,26,29. -> 1
11,20,30;37. -> 1
9,12,17,18,23? -> 1
4,5,9? -> 10
15,35,40. -> 1
10:19,27. -> 1
2,4. -> 504
1,4,10? -> 6
32,54. -> 3
6,10,21. -> 3
13,21,29,31,35? -> 1
15,20. -> 4
4,5;9;18;20,29. -> 1
3,9:13,16. -> 1
2,6,8,10,17. -> 1
1,2,11;19,22,24,29. -> 1
8,9,10,12! -> 1
7-15;17,18,19,21,22,24,27. -> 1
10,20,25:28,36,43,51,59,69. -> 1
2,3,10,14,15. -> 1
3-4,5,19,30,36,37,44. -> 1
2,3,11,17. -> 5
14;24. -> 2
5,7,14,18,23,25,31,38? -> 1
12;13,17,36. -> 1
1,2,5;7,10. -> 1
5,15,21,28,42,58. -> 1
7,25! -> 1
0]1,2,4,6,18-19. -> 1
5,6,17,31. -> 1
2,3,7,8,11,17. -> 1
3,4,8,21? -> 1
6,7;16,20,25,29;42,43,47,50,58,60,63. -> 1
4;5,6,9,11-18. -> 1
5,19,22,27,33,40. -> 1
3,5,8,15,22:33,34,36,47,51,53,55,59:64,68,71,79. -> 1
2,6,9? -> 1
2,5,11,23. -> 1
5,14,24? -> 1
1,14,19. -> 1
6,9,19-20,26,31,35,38,50;57,68,83,91,95,101;113,119,131,139,142,145,151. -> 1
7,28. -> 4
1,3,5,13-14? -> 1
1,9,14,18,24,26-30;33,35,37,46,57. -> 1
1,4,10,13. -> 1
4,5,6,11,17,26,34. -> 1
5(9,15)26,36,41,45. -> 1
10,13,17,21,25,40,50,62;68,82,86,90,91,96,102[103]103;110,117,122. -> 1
6:21,26. -> 1
4;9;13,19. -> 1
4;14,25;33,34,36,39,43,54. -> 1
1,5,6;19. -> 1
8:21. -> 1
4,9,12,19,28. -> 1
2,9,14,18,25,32? -> 1
0[6! -> 1
10;12,13,20,28,37,42;47,59,72,77,80,84. -> 1
5,9,17;35. -> 1
3,11:16. -> 1
1,2,11,14,15,17;22;32,36;43;54,60,68,75,80,89,91,95,97,103. -> 1
3,4,9,17. -> 1
3,4,17,23. -> 1
2;5:11! -> 1
9,18,33. -> 1
12,21,30,40,43,48,62;71,80. -> 1
3,5,8;11! -> 1
10,30. -> 2
6.10,11! -> 1
7,10,15,21,32. -> 1
10,15,18,20,23;25,29,38;49,54. -> 1
9,16,22,32. -> 1
8,14,31. -> 2
2;14. -> 5
2;6;12? -> 1
5,8,9,14,23,32,39;58. -> 1
3,4,12,16? -> 1
1,2,7,9,14,19,22. -> 1
3,4,8,10,12,18? -> 1
2? -> 647
4,8,18,27,39;40,45,46,54,58. -> 1
4,5,13,17. -> 1
1,2,5,11;16. -> 1
3,4,6,16. -> 3
4,6;11,13? -> 1
4,16,36. -> 1
1.2,4,7,12,15,18,20,27! -> 1
3,10? -> 16
18,29,34,36,38,40,44,45,46,49,55,59,65,69,75;86. -> 1
1,8,11,20:38. -> 1
1,5;18. -> 1
4,6,10,17,23. -> 1
5,12,17,24,28,38,46,56,60,74. -> 1
3,4:17;22,24,27,32. -> 1
3,7;17. -> 2
3,4,6-8,9,12;17,18,26. -> 1
9:13. -> 1
14,16,18,20,25,34,39,40,45,53,62. -> 1
8,17,27,33,47. -> 1
4;30,31,32,34;44:50,62. -> 1
3,13,15,21. -> 1
8,9,33. -> 1
1.2? -> 1
7,10,22. -> 1
2,3;14. -> 3
2,11,18,28. -> 1
1,6,7,12,13,24. -> 1
5,6,10,18. -> 1
10,17:19,23,37,49;52,57? -> 1
15;23,25,33-38,51. -> 1
4.5. -> 19
0]3;3[7]18. -> 1
2(20)28,30? -> 1
9;11,13,16,27;29,38,42;44,47,59;68(72)72:74-91:107. -> 1
8,11,23,38,42:46. -> 1
2,4,7,10,11. -> 1
11,26,41,44,46-47. -> 1
9,18! -> 4
1,6,27! -> 1
7,8,13,20,28,33,42,49,57,66,69,73,75,80,90,106,118. -> 1
5,7,19,40,47,58. -> 1
2,5;8,16,18,22,29,33. -> 1
3,4,12,16,19,24. -> 1
4,6,13,21:34,42,48,56. -> 1
3,18;24;27,29,36,38,41,43. -> 1
18,36,50? -> 1
3,5,9,11,22. -> 1
1,2;15. -> 3
1,5,9,21. -> 1
10,13? -> 6
10,21;26,32. -> 1
3,10,17? -> 1
7,16,17. -> 1
12,15? -> 1
5,10,19,27! -> 1
2,5,9,14. -> 2
3,12,17. -> 2
2,3,4? -> 1
14,24;25,26,42,48. -> 1
9;10,11,16;21,24. -> 1
0]4,5,11! -> 1
8,14. -> 85
3,13,22,28,32,36,42,44,45,47,56,62,65,76,80,90,93,96,101. -> 1
4;8,10. -> 1
7,23,28,32,36,45,53,66,69. -> 1
1,2,8,16;25,30,33. -> 1
1,4,10,19. -> 3
3,12,24. -> 1
14,28,31,35. -> 1
12,15,19,24;32. -> 1
5,19,25,39. -> 1
1,3,14,20,23,25,32,34,36,41,42,46,54;61. -> 1
1,4;5,15,19;25. -> 1
8,11,17;32;49;59,64. -> 1
6,8-11-12;24:31,37. -> 1
8;17,24. -> 1
1,2,6,11,20,27,32. -> 1
4,5,9,11,13,16,21;36. -> 1
7;14;16,18,24. -> 1
1,17,24. -> 1
17;20,21,31,34,41,46;49,52,62;64,65,71,80. -> 1
4,7,13,17,18,19,24. -> 1
5,7,13,18,23. -> 1
1,2,11:16,21. -> 1
6,17,20,22,32,47,51,53,55,60. -> 1
12,15,20? -> 1
4,12,17,24,26,30. -> 1
2,3,6,10,13. -> 1
1,2,10,17,21,24,27. -> 1
5,9,15,20,23. -> 1
4;6,8;12. -> 1
2,3,19,22,37,42,47. -> 1
6;9? -> 1
11;13,18,28. -> 1
3;18,23,25,28,34. -> 1
5,13? -> 8
1,3,5-9. -> 1
8,25,34,36,42,48,51,59. -> 1
1,3:10. -> 1
0]3,4,7,13. -> 1
0-0-0-0-0-2:10. -> 5
18,19,26. -> 1
11,18,31,38,43,44. -> 1
2,4-6! -> 1
4,5(6)8. -> 1
4,8,13,19;24,37,50. -> 1
17,22,35-39-40;45,61,64,75,83;91,98. -> 1
1,2,4,7. -> 4
3,4,7,9,13,15? -> 1
5,7,11,15,22,26,31. -> 1
2,10:14,20. -> 1
1:4,5,8:11,14. -> 1
4,8;10,28. -> 1
5,11,21. -> 3
3,13,19,28,36,40,45,51,56,61,66,77,82,88. -> 1
2,4,14;20,29. -> 1
2,5,11,23,25,30,41. -> 1
4,11,12,13,25? -> 1
1,6,12,19? -> 1
1,2,8,13,20,27,36,42;55,57,59,62,66,77,83,88. -> 1
5,9,14? -> 3
1;2-3,7:9,11,14. -> 1
16,17,22,26,32. -> 1
8,13:15,18,26,33,43. -> 1
2,14! -> 1
3,10,20,23;30-33,46. -> 1
6,9;23,26,29,30,32-36. -> 1
4,6,10,23,32. -> 1
21,22,33,40,49,59,62,67;77. -> 1
3,11-13,20:22,26,37. -> 1
2,7,8,11. -> 2
3.4.7,12. -> 1
4,6,27. -> 1
1,9,12,19. -> 1
14,26;39,51. -> 1
4,10,16? -> 1
19,22,23,25,36. -> 1
0-0-0-0-0-3[4]13,20,27. -> 1
6,13;15,16,20,22,24;27,32. -> 1
8,14,22. -> 2
5,11,19,23,27,29,33:43,45,51,60,69:79,87,89,92,94,96:98,100,106. -> 1
1,13? -> 6
7,9,18,28:33,37:45,52:61,64,69. -> 1
3,6,12. -> 8
13,17,25. -> 1
4,9-27. -> 6
2,4,15;23,31,48. -> 1
4,5,6,15,17. -> 1
5,6,9,10,14. -> 1
6;9,15. -> 3
3,9. -> 136
3,5,16? -> 2
5;6,7,8! -> 1
4,8,13? -> 3
13,22,30,36,46,51,57:71. -> 1
8,17,24,32. -> 1
5,14;24,32. -> 1
1,5,8:13;15,17,21,35;43;47,52;57,65! -> 1
11,20,34,46,50? -> 1
2,6,7,8,11,18,22? -> 1
4,5,12,24. -> 2
1;4,5,14? -> 1
10,20? -> 3
4,6,8,12. -> 2
2,3,5,13,16,17,20,26;38,41,44,51. -> 1
1,6,13. -> 18
4,6,14,19;23,27,31,36. -> 1
2,10,21,26,31? -> 1
1,7,18,26. -> 1
2,3,8;15? -> 1
1,6,13,27;36,45,55,61! -> 1
2,4;10? -> 1
4-6. -> 3
7:16,18,23,26. -> 1
9:15,18;19,22,29. -> 1
3,13,15,19,27,37. -> 1
5,11,23? -> 1
2,5,6,7,14,17,20,26,29,42. -> 1
2,4,19,28;36. -> 1
4,15,21,24,27[28]31,32,36,40;50,55,68. -> 1
1,8;16,25. -> 1
3,4,5,9,14. -> 1
8,14.15. -> 2
6,10. -> 122
10,15,17? -> 1
1,2,10,20,23,29,32,35;44,47,52. -> 1
3,6,15,23. -> 1
3,6;17. -> 2
4,10,14,26. -> 1
4;19,31? -> 1
4,19,26,33;35-42;49,53,57,64,71,73,74,80,86,90;98,100,109. -> 1
1,2,10,14,19:22,26. -> 1
2,3,5,9? -> 1
2,3,4,5,9:12. -> 1
0]16:24. -> 1
3,8;10,15.19. -> 1
10,12,15? -> 2
1,24,28;38,47,54,63,69. -> 1
2,4,5,12. -> 1
0]12,20. -> 1
4,5;7,8,20. -> 1
4,8;14,21. -> 1
4,5,5(13,19,19)28,38.39,42,44,58? -> 1
4,6,8,13,19,29,33,37;46,51. -> 1
6,16,22. -> 2
3,4,6-7. -> 1
3,13,20. -> 2
5,7. -> 96
1,12,15,23,24. -> 1
1,2,11,13;15,18,29? -> 1
9,17,31. -> 2
5,8,10,24,32,39;42,49. -> 1
0]4,16. -> 1
10,19;22,28. -> 1
3;6,8,12. -> 1
11,14,18,30,35,37,38,47,50? -> 1
7:12. -> 2
9,19,23;25,27,28,36,48;59,66? -> 1
3,8,11,17,18. -> 1
14,17(19!19) -> 3
9,12,15,28. -> 1
1,6,15,21. -> 1
5;8,15. -> 1
8,14,22,24. -> 1
3,7,12. -> 10
8,16,29. -> 1
9,15,19,21,24,33,39. -> 1
3,14! -> 2
1,9,16,17,28,42. -> 1
1[1]5. -> 1
1,10,25,29. -> 1
3,5;9. -> 2
3,4,9,20? -> 1
9,18;25. -> 1
3,4,9,15,24,37;55,67,71,86,89,96;107,115,121. -> 1
2,7,9,15. -> 1
2,7,8,15,24,36,39,46,47,48,53? -> 1
9,19,33-35,44,58.59,63? -> 1
1,5,11,14. -> 1
10,16,22,25;35,45. -> 1
1,2,5,13-14! -> 1
1,2,5,7. -> 3
1;14. -> 4
4,5,9,13,19. -> 1
12-25,30,38. -> 1
6,8-9,21,24,25,27,33-38,45? -> 1
3,7,9,18,24,28(32)36,38,44,49,52. -> 1
8,13,15,19. -> 1
7-14;24. -> 1
1,6,14,16,22,26;28,35. -> 1
1,2,7,13[14]17,18? -> 1
1,9,16.17. -> 1
6,23,30. -> 1
8,10-13? -> 1
1,2,3,5,7? -> 1
15,18-23:24,26-29. -> 1
11,19,28,32,44? -> 1
2,4;10.10[16. -> 1
17,20-24? -> 1
2,6,11,18,22. -> 1
1,4,5,6;10. -> 1
1,8:19,24. -> 1
3,6:10! -> 1
1,2,12,20,23,39,46. -> 1
2,3,15? -> 1
7,8,13,23. -> 1
1,4-5. -> 2
0-0-0-0-0-2:2,8(9.10. -> 1
2,5,6. -> 6
5,7,8. -> 2
5,6,8,15? -> 1
5,6,8,21,24,34;44,48,66. -> 1
9,23,26,27,29. -> 1
2,3,12? -> 6
2,3,13,15,18,27,34? -> 1
6[7]7,8,10,24,31? -> 1
2,3,7,10,14,15,30? -> 1
2,3,4,5,11. -> 1
1,4:14. -> 1
3,5,15,18;21? -> 1
1,2,8,9? -> 2
4,13,21. -> 3
1,2,4,9-32,36,36(44)52. -> 1
1,2,4,8,10,19? -> 1
10,14-15,19,25,34,40:44,52,55,60;66,71. -> 1
3,4,9,14,17,18,30. -> 1
9,21,32,36,40,44,59? -> 1
2,6,14,18,21. -> 1
2,3,15,24,34. -> 1
6-8,15. -> 1
0]10? -> 1
11,12,15,20. -> 1
3,4,8,13,24. -> 1
4,6,8,19;21,23,30,32,39,42. -> 1
14;23? -> 1
10,16;26,35,40;51. -> 1
8;9,10,18,28;35,63. -> 1
9,22,26. -> 1
3,5! -> 40
2,4,11,18,26,34,38;52. -> 1
2,3,11,14,27,31. -> 1
4:13,16,20,28. -> 1
1,6,10,24! -> 1
8,19,22,28,54,64,73,79,91,105,106,108,120,129,132. -> 1
1,3.19,26,30.31.33,34. -> 1
2,3;7,12. -> 2
5,19,25,29,32,37,43,48:62,68,72,77,82;87,94,113. -> 1
3,5;14,24,31,48,59,69,76[77]77;86,97,113,119,126,135,147. -> 1
2:3-6:7-8. -> 1
14,25. -> 1
1,8,10;24. -> 1
1,2,9,17;21,28,31. -> 1
23;33,34,37,57,75,88[89]89. -> 1
4,8,16,18,19,20,24,28;33,37,48. -> 1
5,8.9. -> 1
4,9,10,18,33. -> 1
0]3,8! -> 2
7,12:21,30,36,47,53,59:61,80,88:102:115:128:140:156:169. -> 1
3,13,22,27[28]28. -> 1
1,4,23,34,42. -> 1
4,8;16,20. -> 1
3,4,7,25. -> 1
7,15,18,19. -> 1
3,7,17,32,50,52. -> 1
1,3.4,5,7,17,22! -> 1
1,3,16. -> 9
10;14,17,23-25! -> 1
11,12,16;21,22,23,27,30,42. -> 1
4,9;11,17,24,29,33. -> 1
7,17,18,19,21,41,46,51,55,68,81,85,89:99,103,114,117[118]118,126;130,134-137,142,145;148,152,164.165. -> 1
13,27. -> 5
7-11;16. -> 1
3,5,7? -> 4
7,10,14,21,57;63.69,77,85.86. -> 1
11,20,24,28,30. -> 1
9,17,21,25. -> 1
12,30.33,34,42,45,63,71[72]72. -> 1
1,4,10. -> 54
0-0-0-0-0-0-0-1,2. -> 1
32,37:41? -> 1
12,19,33. -> 1
1,3,4;7:14;18,24. -> 1
1,6,14,18,19,32:33,52,55;73,79;89,95:105. -> 1
1,2,15,28;36. -> 1
1,2,6;7,8,15,21;36,39,46;51,59;66;79. -> 1
10,18;24. -> 1
2,9,28. -> 1
2,4,8,12,19. -> 1
4,14;17,21;24,27,40;47,49. -> 1
4;12,14,20. -> 1
8,14;18:21,26,35,39,44;51,58. -> 1
3,9,23,30,37. -> 1
9,16,21,28,31,43,45,52,62,74. -> 1
1,16.17. -> 1
10,17,21,26,33,35,38,44. -> 1
1,2,7,12,13,19,24,29,39,46,53,64,68,78,88,91,100;112,113,117. -> 1
4-8,14-16,25,28,33,40,48,55,62. -> 1
12;20-22,27. -> 1
4,5,15;29,34,45,49. -> 1
10,13,16. -> 2
3,4,6,13;24. -> 1
5,6,7,8,13. -> 1
3,13,21,27,35. -> 1
1,3,6,12,20. -> 1
8,23,28,31,33. -> 1
14,18,20,30? -> 1
3,4;9;12. -> 1
4-7,9! -> 1
5,6,8. -> 8
4,5,7,17. -> 2
4,7,8,10. -> 2
1,2,9,12,26. -> 1
6,15,21? -> 1
9,20;29,35;47,58,60,61,65. -> 1
4,15,19,29:36,40,45,54. -> 1
13,23,27. -> 2
2,6,15,21,26,35. -> 1
7,15,19. -> 4
9,13,17,22,26,30,34. -> 1
11,16(19)20,29,37? -> 1
2,9,15,23,30. -> 1
1,2,11,19;29,41. -> 1
8;15. -> 18
2,10,18,21. -> 1
3[4]4,5,6,7,9,14,22. -> 1
7:10,13,20. -> 1
3;7. -> 30
0]2,6,12. -> 2
5,6,7,9,17? -> 1
7,11,12,16,19. -> 1
6,13,20;37. -> 1
1,2,19,23,29,33,49:59,70. -> 1
6,11,17;23,28,34. -> 1
2,4,19,23,43. -> 1
6;12,17:23-25,32-34:38;43:47;52,57. -> 1
6,11,12,15,27? -> 1
2,4,10,15,19. -> 1
13,20:22,32,42,43,45,46,50,56,61,68;81. -> 1
7,15,17. -> 1
14,19? -> 3
1,3,7. -> 47
8(14?14) -> 1
5,19? -> 1
4,9,12? -> 2
3:5,9,13. -> 1
5,7,18,38,44-47:57,59,62:68,71. -> 1
4,10,10(16,16)23,37. -> 1
1,7,15,19,24,27,37. -> 1
6,10;13;17,27. -> 1
4,13,21,30,38;45. -> 1
0]4,5,17. -> 1
3,5,6,7,12. -> 1
1,4,9,18;27. -> 1
0-0-0-0-0-2:9,17. -> 1
5;7,9,14,18. -> 1
8,15. -> 97
5,11,20? -> 1
4,12,23,36. -> 1
1,15,20,25,27,28,33? -> 1
0[3]8,10. -> 1
2,4,18,21,27. -> 1
5,6,24. -> 1
10,16:19? -> 1
7[8]8,9;15-15-15-15-15-17:23. -> 1
1,8:14. -> 1
1,10:16. -> 1
3;10;15;22. -> 1
4;5,10. -> 1
9,13,29. -> 2
2,3,14,19,24. -> 1
3,8,12! -> 1
5,6,10-32. -> 1
3,5;7,14,17:18,21-23,27,39:50;54,62,63,66,70,73,76. -> 1
15,16,22,31,39. -> 1
1,3,6,8? -> 1
3,13,26? -> 1
4,14;15,19,22. -> 1
1,2,3,4,9,15;20-33,37. -> 1
1,9,20. -> 5
1,5,11,14,15. -> 1
3;10,20,26,35,40. -> 1
3,17;18,22,26,32,34,39. -> 1
1,6,11,15,19,26,31,40,44. -> 1
1,2,8,15,16,22,29,38. -> 1
2,3,4,5,6,7,11. -> 1
1,2,8;21,23. -> 1
1,5,8! -> 5
1-2,4,14,19,26. -> 1
7,16,23,28. -> 1
2,4,10,13. -> 1
1,3,14,21,27. -> 1
9,21,27,34,37,45,54. -> 1
9;13,18,22? -> 1
7,13,22;24! -> 1
8,13-18. -> 1
2,8,11,12,14,23;26,27,42. -> 1
1,2,4,8. -> 13
1,2,8,11,17. -> 1
16,26,30,51. -> 1
11,14,16? -> 2
2,5;8,15. -> 1
6,8,14;26. -> 1
9,14,22.28? -> 1
7,13;22,29. -> 1
9,18. -> 82
10,14;22,25,30:47,54,58;64,69. -> 1
7;20,23. -> 1
6-7,8,17,21,25. -> 1
2,5,10,20,35. -> 1
2;6. -> 18
7,8,16,28,31,35,39? -> 1
1,8;17,25,35,42,46,51;59,65,69,74,78,82. -> 1
4,6,8,12,19,30,34,42,45,50? -> 1
4;12? -> 1
1,14,21;31,40. -> 1
2,5,13,30,36,45,55. -> 1
4,10;14,19;23,29? -> 1
5,6,11,22,28,33? -> 1
1,2,8,21,27,36? -> 1
4,6,10;17,24. -> 1
1,10,22. -> 2
3,4,11;23,32;41,49:50,55,64,68,71. -> 1
1,6;15;16,19,20,28. -> 1
1,4,12,16. -> 1
0]0[2. -> 5
6,15,21,25,31,45. -> 1
5,11,16,18;36,38;51,61,63;72,82. -> 1
0[1]2! -> 3
6,8;13-15. -> 1
1,9;24,31. -> 1
5,8,14,18;23,27? -> 1
5;8,9,11,13. -> 1
2,9;16,22. -> 1
6-7,10,13,20:38,53. -> 1
1,3,14,16? -> 1
11,12,15,21,31;50,58,71,73,80,90,97,100,102,107,111-112,121,126,128,129-130,133,134. -> 1
10,19;29. -> 1
22,30. -> 1
0]1,2,3,9. -> 1
4,19. -> 18
5,11,15. -> 5
1,6,7,9,14,18,29. -> 1
9,16,25. -> 3
7,11;25;44. -> 1
17,26;30,34. -> 1
1,10,26;27,29,39. -> 1
15,17,18,21. -> 1
7,23,34;44. -> 1
2,20? -> 1
3;4,5,6! -> 1
10;16,23. -> 1
14,32. -> 3
1,2,9,29. -> 1
1:1[5. -> 1
1,2,8,15. -> 3
0[6,9. -> 1
4,7;23:25,29. -> 1
2,4,6,10! -> 2
1,5,8;10,14;15,17,20,24. -> 1
3-7:18,27. -> 1
12,15;20,33. -> 1
10,18,27! -> 1
4;8,21. -> 1
9,17,23:38,40,44,53,62,68. -> 1
2,6;10,11,14,16,17,18,20;22,23,24,25,26,27,29,30,31,32,34;36,38,39,40,42,52. -> 1
3,12,23:32,38. -> 1
0]6,14! -> 1
2;16;22,25;28,31? -> 1
2,3,14,15,21,27,30. -> 1
10:15,16,23,30. -> 1
6,10,16,21,29? -> 1
2-3-10,16,26-29-33. -> 1
15,27? -> 1
9,17,19,21,24,38-40,48. -> 1
3,6,17,25. -> 1
8,12,27,35,42;57. -> 1
1,6.10,11,23. -> 1
2,5. -> 271
3,5,17. -> 4
5,11,15! -> 3
11,15;24,32. -> 1
7,13,20,30. -> 1
5,8,11,14,18,23? -> 1
7,17,24,33,43. -> 1
1,2,5,13:17,20. -> 1
10;18,20. -> 1
12,15,22,28,31,36,47,51,60,64:71,77,85,91,95,102,107. -> 1
4,10,11,14,22. -> 1
1,7,15:20. -> 1
14,30. -> 2
12,20,28,33-34,38-39,45,50,58,68;69,75. -> 1
8,19? -> 5
0]1,9;16,20,23,25,27-30,32. -> 1
7;13. -> 15
3,6,14,17. -> 1
4,7,13,16;34? -> 1
3,6,9,11,16:19,23;27,33,42. -> 1
10.13. -> 1
1,2,14,31,42,43,44,47. -> 1
1,4,9,12,14,17,19,22,26. -> 1
2,9,13,17,34:42,50. -> 1
4:18. -> 2
5,10,23. -> 2
1,2,5,20,23:35,41,49,55? -> 1
6,17. -> 25
32. -> 1
6,9,12. -> 4
8,27;45,54. -> 1
16,26,33. -> 1
2,3,11,15? -> 1
1,2,6,10;15,19. -> 1
2,4,9,15,20,27. -> 1
1,9,23,33. -> 1
9,16,34,43. -> 1
8,18,34,35,58! -> 1
56,160,165,205;206,250,258,266,273:281,289-291,297,300,306:315,322,329,330,332,337:340,345,351,356. -> 1
10,12,22,27,33,42:45,55? -> 1
2,3;18,23. -> 1
3,6,9,14. -> 2
5,15,15(16,19,21,25,25)36. -> 1
7,12;18,26,34:43,47-54. -> 1
2,4,9,15,17-22. -> 1
6,7,16;23,30,33. -> 1
1,3,4,6. -> 9
1,8. -> 189
1,2,3? -> 9
10,20,25. -> 1
2,3,9,14;17? -> 1
12,24;47. -> 1
3(6,7)18. -> 3
1,5,8,9,14,16,18. -> 1
9,14-19. -> 1
3-10,17,23,31. -> 1
6,7,11,13;15,27,31. -> 1
1,17:19-21,25,31. -> 1
5;16,19,26,34. -> 1
6,9,12,13,18. -> 1
7,16,28,32? -> 1
8,18,20,27,40,43-44,45-46,51;57,60,66,78? -> 1
7,9,11,13. -> 2
0-0-0-0-0-1,4,22;26,35,48,54,65,69,78,82,99,104-112. -> 1
0]1,10. -> 2
2,6,14,22,29,32,35,48,54? -> 1
3;8;17;21,29,31,52. -> 1
5,7;11. -> 2
0-0-0-0-0-2:7,17,17,17. -> 1
6,12;15. -> 1
11;20,29. -> 1
2,4,10! -> 4
5,16,21;23,24,36. -> 1
13,19,28,35,44,56,58. -> 1
3,4,6:19,22,27,34? -> 1
1,6,7,10,14,20,32,40;47. -> 1
1;2! -> 1
13;16,26;27,28,37[38]38. -> 1
7,9,10,12,15? -> 1
3,17;26. -> 1
5,9,10-13,22-23. -> 1
1,4,4(11,17-20,20)40,50? -> 1
1,15;19. -> 1
1,7,8,17. -> 1
4,5,17,26,34? -> 1
2,13-22. -> 1
3,9,13,15. -> 1
2,6,12,17,27. -> 1
13;18:29,33,37;45,53. -> 1
6,17,19,24,29:33? -> 1
12,19,20,28,34. -> 1
2,3,11,17,21,26,29,31,32,34. -> 1
5,11,14. -> 3
4,4[6. -> 1
4,9-15,20,28. -> 1
7,8;16:23. -> 1
3,7,13-16,23;30. -> 1
4,19? -> 2
2,4-10! -> 1
4,6,8,10,18,33,38,44,48,53. -> 1
4,11,14,21? -> 1
4,14:23.33:37,39,41,49,58. -> 1
0-0-0-0-0-2:2,6. -> 1
3,4,12,20,24? -> 1
6;14,20;22,26. -> 1
4,13,21,22,25. -> 1
18,21. -> 1
2,4,5;9. -> 1
2,12. -> 24
11,16,23,27,31,40,49,53,54,57. -> 1
4;21. -> 1
1,4,8,27,37. -> 1
5,17. -> 17
3,10,11. -> 1
2,4-7! -> 1
9,23,30;43? -> 1
0]4;13,18. -> 1
4;6,7,14,19,22-24,27;38. -> 1
8;12,16,17,23,33. -> 1
4-9,13,18;26,34. -> 1
1,3,13,22,24,32,41,52. -> 1
7,12? -> 9
11-19,27,36. -> 1
0]1,2;4.7,8,11. -> 1
13,21,24,28. -> 1
4:16;24,33,43,53. -> 1
3,4,12,19? -> 1
8:10,11. -> 1
3,8,11,18! -> 1
4,13,19,22,27? -> 1
1,2,7,17,25. -> 1
1:5(6. -> 1
7,14? -> 4
2,9,24,25,29,38. -> 1
1,2,9,20,25. -> 1
6,10,14,17. -> 1
0]13,17. -> 1
2,3,10,13,17,18,22,29,41. -> 1
1,6,11,23,28. -> 1
6,8,20,22-30;39;47. -> 1
4;11,13,15,22,26. -> 1
3,4,5,16,24,26,31? -> 1
2,7,17. -> 5
6;20,28. -> 1
1,8,15,24:39;43,57,64,72. -> 1
1,2,9,22. -> 1
11,14,20,24,27. -> 1
1;3. -> 10
2,8,9. -> 3
1,2,6,8,10,19,36. -> 1
6:7,9,15,27,32. -> 1
2,15,18,22(30)36,44,57,75;82,90,102,106,108,111,115. -> 1
2,3,12,26,32,40,46,53. -> 1
3;7;10. -> 1
1,3,4,16,20,28,37,41,47,54? -> 1
1,3,5,7. -> 4
1,2,8,17,21,22,24,31:34,40,44,47,62,71,74. -> 1
6,7,15? -> 1
10,12,19. -> 1
5,10,18. -> 2
13.17,31. -> 1
6,7,11,16,18,19,21,27,40,51,55,58,61:72,73,75,78. -> 1
5,8,13,17,18,22. -> 1
2,3,10,20:28? -> 1
10,13;16,21,23. -> 1
5,12,14,19. -> 1
1,5,9,14:23-25. -> 1
2,4,7;11,13,24. -> 1
9,16,19,20,26.33:40;43,45,59,72;84. -> 1
1,2,7? -> 24
1,4,8:12,15,19:21-23;28,29,31,32,41,44. -> 1
1,4. -> 588
3,8,9,17,20. -> 1
2,3,13,14. -> 1
3,4? -> 184
17,37? -> 1
5,8,12,24. -> 1
2,3,8,16? -> 1
2,3,4. -> 13
10,15,18:29,45. -> 1
14,23? -> 1
1,4,8;16. -> 1
1,2,8,14,26? -> 1
5;18,23. -> 1
3,6,10. -> 12
8;16,26. -> 1
12,17,24,29,37? -> 1
8,9,11,12. -> 1
1,4,17,18,26,34,39,53. -> 1
3,4,11,27,30,42,43,46,60,65. -> 1
3,4,7,13. -> 1
2,3,16,30[31]31:37,38,44,50,64. -> 1
2,10,11,16,18,19,21,23,28,38;50,59. -> 1
2,4,14,16,19,23,30;32,37,48,52,57,58,59,63-64;71. -> 1
4;14,15,20. -> 1
3,5-8,18? -> 1
14,15,18,21;33. -> 1
1,2,4,13. -> 3
4,22,27. -> 1
10,15,21. -> 2
2:7. -> 1
1,6;13. -> 3
11,16,20,24. -> 1
12;18-21,26,35-36;38,41,44. -> 1
7,8:12. -> 1
7,19,26,39. -> 3
4! -> 426
5,6,11,13-14,22,26,37,38,42,44? -> 1
4,9.10. -> 3
21,25,35,47. -> 1
1,4:13,18.27. -> 1
5:7;16:17:21:25. -> 1
17,29,31,33,42? -> 1
18;26;32. -> 1
1,2,4,22? -> 1
6,12,16? -> 1
2,3,19,23,30. -> 1
1,2,10,14,16,18,29. -> 1
2,4,14,21,25:29:35,38(39)43[44]44. -> 1
3:11;15? -> 1
4,5,19:32;33,39,42,47,57,63,65,70. -> 1
6,14. -> 73
3;20. -> 1
15,18? -> 1
3,4,14. -> 7
8-10,18;27,36. -> 1
8,16:25,34,38,40-43,59,63,69,71-73,80,93;95,97,103,106.107. -> 1
3,5,8,12,21. -> 1
4,7,10,15,22,29,34? -> 1
10,19,22,28,32,36:43,55,59:64,68:77,85,93,96,97-99. -> 1
4,7,8;27,32,33. -> 1
4;6,9. -> 3
4,10,17,21,32. -> 1
1,3,6. -> 46
16,23,29? -> 1
3,4,13,21,23? -> 1
5,12,16;23. -> 1
11,16,19,28. -> 1
6,8,20,21,23. -> 1
1,2,26;33,37,43,47,59. -> 1
8;14,18,24. -> 1
1,2,11,22,25-26,33;39. -> 1
2,8,31,45,46,47,48,50,59. -> 1
2,19? -> 3
10:23? -> 1
1,4;9,20. -> 1
4,10,20,23,25,29;37(38,48)67. -> 1
4,8,12,23. -> 1
1,2,8. -> 90
5,11,14,16,18,30? -> 1
2,6,8? -> 1
4,5,10,14? -> 1
0-0-0-0-0-2:7,11,16. -> 1
2,4,10,11,13,17,25. -> 1
4,5,7,12,17. -> 1
7,14,27,39. -> 1
3,4,10,16. -> 1
5.12. -> 1
0[5,10,19. -> 1
9,13,16;25,29? -> 1
4,9;15! -> 1
18;24,28-29,37,49,56;60. -> 1
4,6,15,18,22,24. -> 1
18,26;37,41. -> 1
3:9,23? -> 1
3,6,15,20. -> 1
1,2,11,15,32. -> 1
1,2,5,6,14,20,21,25. -> 1
8;19? -> 2
3,18,30;35,47;55,59. -> 1
3,3(7)13;15;20. -> 1
8,16;21,25. -> 1
0]5,7,12. -> 1
8,10,15? -> 3
4,7,11;14,19. -> 1
7,21-23,32. -> 1
4;9. -> 60
4,5,5(8,14)14:30,36,47,48,50,54,58,64,68. -> 1
9:16,20,26. -> 1
1,2,6,8,10,15,28. -> 1
4,9,20:21,24? -> 1
2,7-8. -> 1
11,19,22? -> 1
1,6:8,9,16. -> 1
8,15,23,31. -> 1
24:27,29,31,38. -> 1
1,2,10. -> 44
1,8,22! -> 1
10,17:25. -> 1
5,9,13? -> 1
10,26. -> 8
4;11. -> 26
1,3,8,12;13,28,32,36,43,49,53;58,65;70,74,84-86. -> 1
4,5,16,20? -> 1
1,3:15,18,25. -> 1
12,13,20,24;39. -> 1
1,3,6,9? -> 2
2,5,13,19,28;43. -> 1
2,9,17;25. -> 1
8,11,23,25,26,34. -> 1
3,4,8? -> 19
11,23. -> 7
4,5,18;21,23,25,29,32,38,43,57;68.69. -> 1
7,9. -> 36
4,5,13,24,27,39. -> 1
3-4,8,10,14,16,17,18,20;24,25,34:39. -> 1
1,2;7. -> 15
5;12;18. -> 1
22,31. -> 1
8;17,26-28. -> 1
7,9,16,17? -> 1
10(11. -> 2
0]2,8! -> 1
4,7,9,22. -> 1
1,3,9,15? -> 1
1,7,13,19;27. -> 1
3[4]11. -> 1
6,10? -> 20
1,4,16,21. -> 2
1,2;18. -> 1
21,24? -> 1
1,3,4,6! -> 3
11,14,23,44. -> 1
1,6,20,21,24,32,36? -> 1
0-0-0-0-0-2:8,13,15,27. -> 1
9,34,40:51;56,65,69,77,82,86. -> 1
1:10? -> 1
1,4,15,20. -> 1
6,8? -> 31
4,5,11,15,22,26? -> 1
6,7,13,14? -> 1
1,8,12,17,23! -> 1
4,10;22,31. -> 1
2,3,9,11,15,21,22,25,28. -> 1
2,7,13! -> 2
5;25,42,47,50,56. -> 1
10,14,32,42,49? -> 1
0-0-0-0-0-8,16. -> 1
1,3,6? -> 7
19,25;30. -> 1
0]10;18. -> 1
1,8;12. -> 3
10,16? -> 12
8;23,25,28,29,36. -> 1
14;24,31;34,38,43-46;53;66;86,94. -> 1
11,20? -> 3
2,4,6? -> 7
6;18,27. -> 1
11,17,26? -> 1
1,2,4? -> 22
5,7,9,11,13,19,27. -> 1
9,16,18-22,25-26,29. -> 1
1,2,4,8,16. -> 1
9,15,23,33;41,45,51. -> 1
0]2,3,11,18. -> 1
1,4;9! -> 1
8,9,29,33,43,57,68? -> 1
2,6,10,20,28,32. -> 1
7;10,16:21. -> 1
5,7,10,14. -> 1
5,7,11,15,26? -> 1
2,5,16,20,28,33.34. -> 1
3,4,8,15,20:27,31,35;46,55. -> 1
2,5,25,26! -> 1
9,11,13,15-16. -> 2
6;15. -> 12
0-0-0-0-0-2:8,12;13,14,19,22,24,30,34,40,45. -> 1
8,22,26,29,33;45,53. -> 1
1,2,6,10,15;27,30[31]31. -> 1
2,3,4,5,6,7,8,9,11. -> 1
2,3,10,16,28. -> 1
4,8,12;13,17,30. -> 1
14,17,20,22,26,27,28,29,30,33,39,42,53,61. -> 1
3,5,15,21,26,38. -> 1
1,4,9:21. -> 1
3;21. -> 2
1,2,13,21? -> 1
13,17-18,21,33;42,45. -> 1
1,2;4,8,16. -> 1
4,10,23. -> 1
2,4,6,7,9! -> 1
6,10,13;17,21. -> 1
11;12,13,14,15,16,17,22,26;31,35,37,39,44. -> 1
7,8,14,15,17;25. -> 1
10;17,20;26,34:47;61.62,64,68,72,76;83;91,103;105,107,110,118:122,124,129;131,135,138,142:146. -> 1
2,6,20,34,40;42,51? -> 1
1,2,11;13,15. -> 1
4,6,13! -> 1
3,13;28! -> 1
0]9,16,23,30,37,44,55. -> 1
3,6,12.15;19,20. -> 1
8;14,31. -> 1
1,13;23,26,30. -> 1
4,7,8,16,17,20,35. -> 1
1,2,5.6. -> 1
2,5,8,14,19. -> 1
2,12,13,15.16. -> 1
1,9,13,17. -> 1
1,8:13,16! -> 1
2,5,9;17,22-23. -> 1
5,6,18. -> 2
10;17,26;33. -> 1
3,4,20:27. -> 1
8;16,25. -> 1
7,8;9,10,12,18. -> 1
10,18,28. -> 1
10,14,24. -> 1
2,3,14,20. -> 1
3,7,22. -> 1
1,2,12;31,41. -> 1
3,5,6,9,16-17,25,26,28? -> 1
2,3,6,14,27,28,41,46,62,76,89? -> 1
8,9. -> 27
6,14:21;29. -> 1
3,14,27. -> 1
8,15;26:33,47,56. -> 1
7,11,20! -> 1
11,14,15,18,25,28. -> 1
2,4,7,14;15,18,28-31. -> 1
8,14? -> 7
10;30. -> 1
9,17,27,35,39,43,48,53,57(58)58,62,69,77,81,87,91,97,99,101,104,108,111,118,130;131,132,135. -> 1
9,11,17,24,31,37,44;56;64,69,79,84,86,89,100,102,104,109? -> 1
1,4,9,12,25. -> 1
9,13,14,15? -> 1
9,11? -> 6
11,20,25,35. -> 1
2,5,6,14. -> 1
2,4,10,17,22. -> 1
7.12? -> 1
5,6,8,9,10,12,14,15,17. -> 1
5,8,9? -> 1
2,3,8,28? -> 1
8,10,13-14. -> 1
3,6. -> 180
10,20-23. -> 1
10,14? -> 7
4.5,6,14;23,28,32. -> 1
9,18,28.33,34;36;38,46,56,60. -> 1
2,16,23,26,31,38,45,46,49,53? -> 1
1,3,5,9,14,18. -> 1
2,3,6,9,15,21,39,48. -> 1
2,3;4,5,6,7,8,11. -> 1
8,9,15. -> 4
1,2,10;24;38. -> 1
2,4,8,10,15,20,24. -> 1
2,16,24. -> 1
5,9,19:24,27;32,36. -> 1
2,10,20,23,27,32,49;63! -> 1
1,3,4,8,14;18,21. -> 1
5,10,14;24. -> 1
3,4,7,13,19,25. -> 1
2,5,7,12,15,18,30,34,38,46. -> 1
2,4,16,24. -> 1
0-0-0-0-0-3,9,11;12,22. -> 1
4,6,9:32,48. -> 1
11,30,39;51,55. -> 1
1,4,12,16;21,27. -> 1
2,12,18,21,22,26,30. -> 1
16,19,23,31,39,47,55,70:79,80,82,86,87,91,100. -> 1
10,20,27. -> 1
8,14,16,22,26. -> 1
1,3,7,8. -> 1
1,9,18,26,33,39,47. -> 1
4;10-20:24;31. -> 1
2,4,5,9.10. -> 1
2,6,11,16. -> 2
2,5;7,8,9,11,14:19,26;31,39;46,55. -> 1
1,3,13. -> 5
10;20;27. -> 1
9,17,26,28(34)43,45,47,52:56,59-60,65,71. -> 1
4,5,12? -> 5
4,12,20,27;33. -> 1
3-14? -> 1
6,13,21,28;38,43. -> 1
12,13,19,21,23,25[26]26. -> 1
1,3,7,9,18? -> 1
4,5,9. -> 29
4,10,12-15,18? -> 1
1,3,13,17,24,40. -> 1
12;17,21,29,32,43. -> 1
4,5,7,12,20,31,38? -> 1
1,5,7,14,26? -> 1
4,20. -> 10
2,4;8:17,27,36;41,53. -> 1
1,3,4,7. -> 3
3! -> 533
1,6,13,19,24. -> 1
8,17,18,22,23,29. -> 1
12,21. -> 10
3,4,5,6. -> 1
1,8,12,29,32,36. -> 1
12:15,20,25,30,36:48. -> 1
11;15,27,28,33,40,48,63. -> 1
4,13,24. -> 2
3,4,11,15. -> 2
4,10,11,19,31,34. -> 1
4;4[6]13. -> 1
11;13,21,28,30. -> 1
12,17,25;34,37,40,44,50;62,72;74,75,79,84,91,98;104,109,114,117,124,127,131,134,140. -> 1
1,2,3;5,7,9. -> 1
9,14,15,26? -> 1
1,2,8,21. -> 1
2,5,10,15. -> 1
0-0-0-0-0-2:18,22,25,29. -> 1
7,13,24? -> 2
0,3. -> 3
6,7,18. -> 1
1,4,15,21,25. -> 1
12,28;40,44;51. -> 1
1,4,12.12[14. -> 1
2,4-5,11. -> 1
11,21,25. -> 1
4,10,18,27,28,30,35;44,53,59:65. -> 1
10,17,21,25,31. -> 1
7,15,22. -> 4
3,4,15,17. -> 1
6,10,19,24. -> 1
2,3,6,20,32,42,49,62,73? -> 1
2,3,14,22. -> 1
2,3,5,7,11. -> 1
1,3,4,11;17,22,23,26,34. -> 1
5,9;15,17,19. -> 1
5,7,8,14. -> 1
11;26-28,41. -> 1
11,17! -> 2
1,4:9. -> 1
1,3,12. -> 11
7,12,19,20,36,41;45,51,60,68. -> 1
1,2,3,7,12,17;19,20,25;31,32,38,39,40. -> 1
6,13,17,22,24. -> 1
2,3;17? -> 1
9,12,19,27. -> 1
2,5,8? -> 5
8,18? -> 4
4;9? -> 1
15;18. -> 1
4,5,7,15,23-24? -> 1
9,18,27,34. -> 1
1,3:10;12,14,19. -> 1
0]7. -> 29
0]1,6,11. -> 2
8,19,24. -> 3
2,4,9,16;22,30. -> 1
5-7. -> 2
8,12,16,30,35. -> 1
1,3,8,15,20. -> 1
9,15,19,25,44. -> 1
1,2-6,15. -> 1
9,14,18,27. -> 1
1,3,7,15. -> 2
1,2;8,10,15. -> 1
5,13,14,17,21,26. -> 1
2,3,9,13,22;30. -> 1
10,15;17,20,23,34;49,56:64;80. -> 1
2,6,8,13. -> 1
3,5,8:12,15,19,25,30,35. -> 1
4,7,9! -> 4
19,33. -> 1
3,6-7,10. -> 1
16,17,21,30? -> 1
6,9;16,25,33. -> 1
1,6,15,24,32,39,51,78. -> 1
1,2,6,19? -> 1
1,3,8,18,24,27-32,37,40:48. -> 1
18;25. -> 1
8,32. -> 1
5,11,16,24:27,28,33,37! -> 1
6,7? -> 46
8,23. -> 11
3,6,21? -> 1
3,19,30. -> 1
5,9,16,25,29,31,38,45,56:67,75;81,86,88. -> 1
8,17,23,33. -> 1
1-2? -> 1
2,7? -> 40
6,14,18? -> 1
1,4,7,11,14;22,29,38. -> 1
4,6,7,10,12,13. -> 1
17;25,26,35. -> 1
5;14,22,26. -> 1
3,9,10,11,13,20. -> 1
8;16;23;24,29,37,44,49. -> 1
3,4,7,15,16,17,19,26[27]27,36,36(40,46,46)51,53,60,70,74? -> 1
11,16;19,21,28,35. -> 1
1,2,4;10. -> 2
3,4,17;19,31,42,46. -> 1
4;9;17. -> 1
5;18,26,44. -> 1
2:11. -> 1
6,8,11;18. -> 1
9,13-18,27. -> 1
10,14,17:32. -> 1
5,6;14. -> 3
5,6,10,17,26. -> 1
0[10. -> 3
4,5! -> 30
7;11,13,15. -> 1
3,6,10;19,29,35. -> 1
6,11,15,19,24. -> 1
2,3,8,11. -> 2
8,20,27. -> 1
2,9,17,31. -> 1
5,5(9)9,17,21:30,35,40-53. -> 1
6,6[8. -> 1
7,17,26. -> 2
3,4;9. -> 6
6,7,14,19;26. -> 1
10,13,33. -> 1
1,2,8;12;16,26. -> 1
1,4,22. -> 2
3,4,5,15,35? -> 1
1,4,13,19. -> 1
12,19. -> 8
1,3,8,11:15:29. -> 1
2-4,6. -> 1
2,3,15;21,29;41,55. -> 1
1,9,16,19-25. -> 1
6,8-14. -> 1
5,16? -> 5
7,16[17]17,20,23[24]24? -> 1
12,21,26. -> 2
1,2,8,12,27. -> 1
0-0-0-0-0-2:2,2;5. -> 1
7-8-11;18. -> 1
5(8)9,16,26;40;41,48. -> 1
1,5,9,17:44,54.55. -> 1
1,13,21! -> 1
1,2;5,9-13,19,23. -> 1
4,6,7,11,22,26. -> 1
1,5,7;11. -> 1
6-7,8,15. -> 1
2,9,16. -> 6
3;6,7,14. -> 1
4,13,20,23,45,49. -> 1
5,11,19,24,27,32[33]37? -> 1
2,3;5,6:10. -> 1
4,6,7,13,20? -> 1
2,7,11,20,27. -> 1
7;13,23,29,39,44-46;48,53,56,57,63,69;73,79,86;90,94,96,102. -> 1
4,5,10,13. -> 1
6:14,19,26? -> 1
0-0-0-0-0-7,9,15. -> 1
4,6,12,15,19,22? -> 1
1,6:15. -> 3
6,11,18,24;33,42,51;56;70,77,85. -> 1
7,11,18! -> 1
6,9,12,17. -> 1
1.5. -> 9
4,12:23. -> 1
5,9,19,25. -> 1
13,23,38. -> 1
4,6,14. -> 7
10,12,13,14,16,22,29? -> 1
9:13,14,16,22. -> 1
3,5? -> 79
7,11,14,20-21,28,30,34,40:48,61:73,81. -> 1
2,3,10,11,15,19,23;36,45,56;64,65,72,79. -> 1
4,11:19[20]20,29,36,44,49. -> 1
10,19-20,27? -> 1
1,11,15! -> 1
12,13,16,20. -> 1
8-10,18. -> 1
15;17,21,31. -> 1
7;13,20. -> 2
0[1.3. -> 1
15,23;24,30,31,34,42. -> 1
1,4:12,17. -> 1
5,10,11,13,20,24,29,32. -> 1
3-4,18,21,25? -> 1
2,3,6! -> 7
4,7;8,13,17,21;36. -> 1
3,5,11;15,23,27,29,34;38,40. -> 1
12,21,32? -> 1
1,2,10;13. -> 1
3,6:9! -> 1
4,8,10,12,14,18. -> 1
6,13;20. -> 1
1,5,14.15. -> 1
1,2-3,7,16,22. -> 1
4,39? -> 1
9,12,18. -> 2
5:7. -> 1
7,13,22,29,36:43. -> 1
9,20? -> 1
2,4,9;19;24;32,33,41. -> 1
18,38:39,41,50,55,64,70. -> 1
4,13;17(21!21) -> 1
1,2,9:22;30,55,63. -> 1
5,11;20,23,34,47.55,60,64. -> 1
6,13;15;18. -> 1
4,5,11,20,27. -> 1
9,13,19. -> 6
6,13,16-19. -> 1
7;16.17. -> 1
6,7;9,10. -> 1
6,9,16,26,34? -> 1
20,25. -> 3
8;14,19;20,24,29:30,33,36,42. -> 1
4;6,7;14. -> 1
7,10:11,12,16-17,21;22,25,29;30,33,36;41,49,50,51,54,61,71,74,77,81;86,91;93,98. -> 1
1,5,11,15-20,34. -> 1
4,14;23,30,38,39,41,45,50. -> 1
4,32? -> 1
1,6,13,17,26;30,42,51. -> 1
0]16. -> 1
4,5,16? -> 2
2,8,18. -> 5
3,4,13;20. -> 1
4,7;9,11;21. -> 1
2,3,5,10,15,17,22,28,35,41,49,55,69,74[75]75;84,91,101;107,112,118,124,126,130,131. -> 1
1,3,7,26. -> 1
3)16. -> 1
2,3,12,16,27,34,39,40,47,57,63,74-75,78;85,88;89,91,99,103. -> 1
6,15,20;24. -> 1
2;5,7! -> 1
1,9,12,18,30,37,41,55. -> 1
3.11,22;29,36,41:58. -> 1
3,7,13:18. -> 1
4;8;12. -> 1
3,8? -> 28
16,19,30,38. -> 1
2,17,24;31. -> 1
2,3,14;24. -> 1
4,9,14,18,26. -> 1
3,7;9,10. -> 1
21,27,35. -> 1
7,23,24,25,26,41. -> 3
5,6,11,12,22,40,47,53,67,79,88,94;95,103,114,122,123,129. -> 1
9,12,18-19,24:36. -> 1
8-10,20,27. -> 1
8,16,24,33? -> 1
13,22. -> 10
8,17,32,38,39,42. -> 1
17,24? -> 3
4:4[9. -> 1
2-4? -> 2
2,3,7,14;24,30. -> 1
3,4,13,19,21,23,29,40,43,48;53,54,64,71,78:93,104. -> 1
5,9,12,16? -> 1
1,8,15,23. -> 1
11,15,23,37,42. -> 1
1,8,11,15;24,31,37. -> 1
1)11. -> 1
1,2,8! -> 7
1,2,5;13,14,16,22. -> 1
2,3,11,16,22,28,31,35,43,49. -> 1
4,5;8? -> 1
1,3,8,14. -> 4
13,20,26,34;36,48;49,59,61,69,83. -> 1
1,4,7-9,13. -> 1
2,16,25? -> 1
1,2,8,14,17. -> 1
7,17,28,34. -> 1
10;13,22. -> 1
4:17. -> 5
1,2,8,16? -> 2
8,12,16,24,38,47,61,67. -> 1
2,20,28. -> 1
5,7,19. -> 1
8,8[10. -> 1
3,5,8,16,27;34,47. -> 1
12;13,14,26,35. -> 1
10,11. -> 11
1,3,7,8! -> 1
4,6,8,10,14. -> 1
2,9;19-20;26,35;42,53. -> 1
0]6,17,26,33? -> 1
8:13? -> 1
4,8,18! -> 2
3,14:15,16,27,38;46,53,61,73,86. -> 1
5,6,18? -> 1
3,4,11,21,31,40,55. -> 1
4,12! -> 8
4,5,14,29,32. -> 1
1-1-2-2-3-3-4,8? -> 1
3,8;20,22;27,35. -> 1
4,8,24. -> 1
3,8:12. -> 2
1,2,7,17. -> 2
8,9,11,19,22,31,35,42,45,50,54,57;60,63,78;79,82,84-85,92. -> 1
0]6;12,13,17. -> 1
8,18. -> 46
13;14,15,18,22,28,39. -> 1
8[9]10. -> 1
0]8,12,20. -> 1
1,3,6,23,33,42,47,51,53,60. -> 1
5,9,11. -> 1
10;18. -> 9
0]1;6,7,8. -> 1
1,2,16,27,36,43,47,48,53. -> 1
17;18,20,27:28,29,32,34,35,37[38]41,46. -> 1
4,6,17. -> 5
8,11,21,25. -> 1
9,14;25. -> 1
3,7,8,9,10,12,13-16,17,18,21,22,23,26,31,35! -> 1
0]7;13;18;24;29;32,34,36;42;48;53. -> 1
1,10,21,32. -> 1
6:8,14,18,20,21,23,27,31,40,48,58. -> 1
1,9,14;28,32,38,49. -> 1
3,4,12,16,19,26,36,41. -> 1
7,9,15,20. -> 1
2,7,14,19,21,31,36. -> 1
9;17,24,32. -> 1
2,4,10,14? -> 1
10:14-17. -> 1
3,16,25.26,33;41. -> 1
12[13]13. -> 1
14;17,23,33. -> 1
4,5,17;28. -> 1
3,10,17:19,26,36,38. -> 1
0(5:7,10-18)20? -> 1
3-5,11,16! -> 1
4,10,22-24. -> 1
5,6,9;14,21. -> 1
4-20,27,38. -> 1
16,23,43. -> 1
1,4,11,16,21;26,41,45,49,53,58;59. -> 1
4,5,6,9,15. -> 1
7;9,12? -> 1
4,5,7? -> 7
4,6;21. -> 1
11,16? -> 4
1,4;6,8. -> 1
4,6,16:23. -> 1
4,15;21;28,33,39,46. -> 1
7,17! -> 3
1,2,9,22-34,40. -> 1
8,16,23,24,37! -> 1
1,11,13,17. -> 1
4,5,28,35. -> 1
3,6,15;18,21;22,27;31;32,38. -> 1
5,6,19,28. -> 1
3,10;18;30. -> 1
7,12-13. -> 3
1,2,11,16? -> 1
17;18,21,33. -> 1
35. -> 6
4,5,12,24,33. -> 1
5,9;14,18. -> 1
6,9;30. -> 1
2,5,33,34,40,45,50. -> 1
7,8,10. -> 4
1,4.8,12,27:31;35. -> 1
10,14. -> 25
1,5? -> 131
2,7,11? -> 1
5,12,18,21,24:30,44,48,53. -> 1
7,8;16. -> 2
5,14,18-19,27. -> 1
1,3,9,13,19. -> 1
6-7? -> 7
16,25? -> 1
2,3,6? -> 8
2,4,16;27,36. -> 1
7,11,13,17! -> 1
8,15,26. -> 2
1,4,8! -> 8
0[3:9,14.14] -> 1
5,6,12,25,26,30,36. -> 1
5,13,21,28;37,40-42,43,46,55;56,64,69,74,75,77. -> 1
3,11,17,22,24,26. -> 1
5-6;7,9,13:20. -> 1
1,3,7,10. -> 3
9,16,20,24,32. -> 1
7,14! -> 3
3,4,9,16;24,29,34,36,37,41;51. -> 1
7,13,19,26,31,34,40. -> 1
2,4,9,16,19-20? -> 1
4[5. -> 2
4,10,20,29,37. -> 1
6,7,18,24. -> 1
2,9,13.14. -> 1
8,13? -> 10
2,3,10;22. -> 1
2,6,10;15. -> 1
1,6,20,25. -> 1
1,2,3,4,5,6! -> 1
3,5;15. -> 2
3;5;7,8. -> 1
8:13,18-22. -> 1
7;12,18:25,32. -> 1
2,3,10,22,25? -> 1
1,2,6;15. -> 2
2,3,6,9,13,18. -> 1
8,16;22,29,34;36,38,41,43,49,52,60. -> 1
1,2,3,10,11,19,20;28:36,40,42,47. -> 1
2(5)9. -> 1
1,3;12,24.25. -> 1
1,2,4,8,9,10,12,16,24,28,32. -> 1
4,5,6,12:18,21,31,39,47,58. -> 1
4;6,9,12,28. -> 1
2,3,6,11,13,17? -> 1
5-7,16;28,40. -> 1
3;7:9,12,20;22,31. -> 1
4,16,19. -> 1
10;14,23. -> 1
2,5-6-14.14[15. -> 1
9,17;31,42,45? -> 1
5,6-10? -> 1
4,12;18,23,31. -> 1
2,5,9,17. -> 1
2,4:12,22:31,35,42. -> 1
3;15;25,35;43. -> 1
0-0-0-0-0-3,4,13,19,39. -> 1
0,6,10. -> 1
2,4,13,26. -> 1
12-17:24,27;37,39. -> 1
4,9,23. -> 2
1,5,13,17,21,29,33,38! -> 1
9! -> 85
3-17,19-23,25,33. -> 1
3,18,23,29,39,41,43,56. -> 1
10,11,13. -> 1
8,10,24. -> 1
3,7,16? -> 1
1,4,6,8,10;19. -> 1
0]5;6,8,17. -> 1
2,3,15. -> 9
10,25,34. -> 1
4,11,14,20,24,29,39,44,50,52,58. -> 1
4,6,8;11,13;16. -> 1
1,16,21,37! -> 1
2,7:25;28,34;43. -> 1
12;13,19,29. -> 1
2,4,12,17. -> 2
3,7;9,11,16;18,23;25,29,30,31,34;36,40,50,55;58,63;68-69,73-74-79;82,87;89,92,95;102. -> 1
10,19? -> 9
1,14,24;25,27,38,43,45;58. -> 1
0-0-0-0-0-8,10,11,14,19,27;29,33,42,49,52. -> 1
1,4,6,15. -> 2
5.5] -> 1
3,4,16,22;28,30. -> 1
1,8,16,19,26,31,39,49. -> 1
9,13,15,20,24,27,30,32. -> 1
8,13,20? -> 1
1,11,17. -> 3
2,4,11,14,18? -> 1
2,8,17,31. -> 1
8:16. -> 5
4,5,7,8? -> 1
2,4;12,16. -> 1
2,8,14! -> 1
2,14,16-26. -> 1
5. -> 2065
1,2,9,19:20,22. -> 1
5,11. -> 100
5,11,15? -> 1
0[3,5;8. -> 1
8,11,29. -> 1
3,5,16,17,23,31. -> 1
6,9;16:22;28. -> 1
2,3,12,18? -> 1
6,7;16,32. -> 1
6,12,25,32,45,61;69,73,85,92,98,109,117. -> 1
8,14,26? -> 1
1,2,8,17. -> 9
3,4,5,6,7,8,11;17,29;36,48-54. -> 1
4,11,19,27,31,34,39. -> 1
8-15. -> 1
2,3,11,15,21,28,31,39,49. -> 1
1,8;16. -> 2
1,13,27,29,31. -> 1
4,16,22,25:26. -> 1
3,11! -> 7
1,2,6[7]21;26,37,39,48,55,61,62,70. -> 1
4,20,32. -> 1
3,6,9,12. -> 1
11;17,20,24;37;46,54,57,61,64,67,69,72,78,88.94,104,109,126,138,146? -> 1
4,6,7,14. -> 1
2,8,12,22,24,26? -> 1
1,5;12;16,22,24,29. -> 1
16,19,31,34. -> 1
3,7,15:21,22,31? -> 1
1,2,6,14,21,24,32. -> 1
2,5,17. -> 3
5,9;13,18. -> 1
2-3,12,15. -> 1
4;10:12,14,18[20. -> 1
6,8;24,30;33,34,37,46,52,58. -> 1
1,11? -> 16
4,11,14,20? -> 1
1,7;10,20? -> 1
11,12,14,18,25. -> 3
9,12,20,24,28,32,38,50,55,73,86,95,97,99,111;127;135,143,165;172,174,176,192. -> 1
2,17! -> 2
4,10,18,20,27,30,34. -> 1
3,4,10,19,26. -> 1
8,10,12,15. -> 1
10-11. -> 1
6,8,16,23,26,29,44,50;61,67,77. -> 1
11,16,25,40. -> 1
2,3-5,13,18,21? -> 1
5,9? -> 25
8-11,14,17;30? -> 1
1,2,17. -> 4
3,13,21,27. -> 1
6;15,22. -> 1
13,22,37. -> 1
4,13,19,21,24. -> 1
2,5,14,19;25. -> 1
3,4,6,12,23,26,35,52. -> 1
5,7,8,14,16. -> 1
1,4,16:24;30;39;45,47,48,50,52,58,64;67,76:77,85-89,97,104. -> 1
15,25,32,41,48[49]49,52,57,60. -> 1
1,3,10. -> 23
9;17,28,41. -> 1
15,28. -> 2
4,8,14! -> 1
10,15,17.18. -> 1
1,2;7? -> 1
5,11,18. -> 4
7,22;32,46,61. -> 1
2,11,14,24. -> 1
1,2,10:15. -> 1
5,6;17. -> 1
1,2,14,22. -> 1
17,22,29[30]30,32,33! -> 1
19,30,37. -> 1
10,19,23. -> 1
4;12;20;25. -> 1
3,12. -> 48
1,8,11,15,26? -> 1
12;30,45;60,77;86,100,109,113,123,135,140,145,151,158. -> 1
3,16;17,22,32;36,40,51. -> 1
3;6,8. -> 2
10,33,40. -> 1
2,3,8,18. -> 1
4,5,10,13? -> 1
17,23:26? -> 1
18,23,33-35. -> 2
8,9,12,18,22. -> 1
6,14,22,26. -> 1
1,3,7,15,20. -> 1
2,4? -> 122
1,2,4,7,16. -> 1
0]2,3,4,6,9,17. -> 1
9,17! -> 3
2,3,7;10,11,16. -> 1
8:18. -> 1
6,10,13. -> 5
2,3,6,22,32? -> 1
2,7,15,17,20,28,40? -> 1
5:6,9. -> 1
4,6,12,18,27,33,40,55,67;77. -> 1
1,3,8;14,20. -> 1
1,3,17,21,29,38,46? -> 1
9,13,18,24. -> 2
4,6,17;25,29,34,36,38,40,43. -> 1
1,3,9,17,23. -> 1
1,8,14,18,24,32,33,34,40,47,55! -> 1
1,3;14. -> 5
2,2[7. -> 1
7,22;29,32,59. -> 1
1,7,19. -> 1
2,3,10,15,28:38,41,42,46;59,66. -> 1
1,8:12,15. -> 1
1,4,9,12,14,20. -> 1
26;35,47;50. -> 1
3,4;19,25,27,37,44. -> 1
4,18,35.36. -> 1
9,17;19,23,29,39,46. -> 1
0[3,8. -> 4
2,9,13,20;27,35,48. -> 1
5,20,26. -> 1
8,11,22. -> 1
2:13. -> 2
9,11,24. -> 3
1,5;6,8,18. -> 1
5,10,16,22,33,59,62,66. -> 1
8,19,32,35,44,45,54,61,66,70? -> 1
8.10. -> 2
2,4,7. -> 39
2,5,13,15,19,23. -> 1
3,5;11,16,19:22,25,27,40;44,56. -> 1
12,13,15. -> 2
13,29,39,41,46,50,63. -> 1
4,5,8,20? -> 1
15:23,26,27? -> 1
3,9:15. -> 1
3,10,12;18,24,32,34,36. -> 1
1,4,8? -> 6
1,4,9,13,34. -> 1
4,5,9,10,11,13,18,19,20,21? -> 1
1,2,3,5:12,16. -> 1
4,5:15. -> 1
3,7;12,14. -> 1
11,18. -> 16
17:21? -> 1
4;11,13,15;16,24,29,30,35. -> 1
3,4,9,20,24,30. -> 1
6,10,22,28? -> 1
3.4. -> 14
3,28. -> 1
1,2,9,17;21,24. -> 1
4:14,16? -> 1
6,7,9. -> 5
9,14,19,25. -> 1
11,13,16,22,28,43? -> 1
0[1]4? -> 1
1,7,8! -> 1
2;8,15,22. -> 1
2,3,4,16,23,26,29,32. -> 1
1,2,12? -> 8
2;3. -> 4
8,11! -> 3
1,4,13,22,28;30,33,38;41,45,50. -> 1
19,22,26,29,31,33,36,38,39,40,47? -> 1
5,9,10,14,21-26. -> 1
8,15? -> 7
3,7-9,14;23,30,48. -> 1
9,14:18? -> 1
9;11,13,17. -> 1
7,15;21,24,38? -> 1
7,19,31,40,42,44,46,53,66,69,73,80,85,92,96,100,107,111. -> 1
4,10;13,18,20-26. -> 1
1,6:7. -> 1
3,4,6,15;17,18,20,24,28,30. -> 1
4-5-6,19. -> 1
7,19,21,34. -> 1
1,2,7,8,11,12,16,37,44. -> 1
3,8,14. -> 7
15;23-37. -> 1
15,19? -> 2
1,4;15:20,28. -> 1
7,13? -> 11
3,5-6! -> 1
2,6:13;17;20(25,26,28,32)36;39,40-42,43,49. -> 1
5,13,23. -> 2
16. -> 203
5,10,13,18. -> 1
2,3,11. -> 11
15;36:38,49,59-61. -> 1
0-0-0-0-0-2:3,11. -> 1
5,11,17-21. -> 1
6:16,30,34. -> 1
10;28. -> 1
4,13? -> 6
8,13,24;33,42. -> 1
1,3,11,14. -> 1
1,2,14,20,27,35,38,42. -> 1
3,4,9,10,12,18,30? -> 1
3,7,20;28,33,37;42. -> 1
9,12,17,21,31,40. -> 1
7,8,14! -> 1
2,3,5;24? -> 1
3,4,10,13,14,17,22,29,30. -> 1
8,19;21,28. -> 1
7,8,15,18,22? -> 1
1,3,10,15. -> 1
5,6,10,15? -> 1
1,4,12,21,22,24,30,33,41. -> 1
1-10. -> 1
12:16? -> 1
2,3,9,16:17,32,40. -> 1
5;10,20,23. -> 1
11,12? -> 3
5,7,9,15. -> 1
1,2,5;21. -> 1
5,11,16,18,30-33. -> 1
7;14,26,27,36,42. -> 1
3,4:14,17;21. -> 1
29,31,43. -> 1
8:12,15:18,23,31,34,39:43,46? -> 1
11,14:16,18,24;26,32. -> 1
9,17,25,30,38. -> 1
7,9,17. -> 5
5,9,18,30. -> 1
3,4,8. -> 23
7,8,19? -> 1
3,20,21. -> 1
1,6,13,20;28,30,31,33,42:48,50. -> 1
10,13,19,25. -> 1
3;10,20? -> 1
4,9:18. -> 1
9,13,18,22? -> 1
1,2:6. -> 1
2,5,7:9,10;12,13;15,16;24. -> 1
1,2,18,32? -> 1
3,5,8,10,20! -> 1
1,2,7-12,14,22,29,37. -> 1
1,2,15,23,27? -> 1
3,7;12,16;19,23;26,36,48. -> 1
4,5,10-11. -> 1
3,4,9,26,32,43,45,53,61. -> 1
3,4,5? -> 6
8,15;18,30. -> 1
11,25? -> 1
1,5,13! -> 2
1,8,15,34,45. -> 1
18,21,28,35. -> 1
4:5,11-12,14,16,18,22:25! -> 1
2,5,6;9,11,14,20. -> 1
1,4;8;18. -> 1
1,2,4,7;10;18. -> 1
1,2,8,14,17,23. -> 1
1,2,4,9,15. -> 2
3,7. -> 176
3,4,14,19:28,38.39. -> 1
19;32,40,59,63:75,78;92,106,119. -> 1
1,3,5-7,10,19,27. -> 1
5,13,20. -> 4
2,8,17! -> 2
3,4,8,22;31,34,36,38,42,49,53,61;65,77,90;95,96,103. -> 1
3,5,9,14,22? -> 1
5,9,11,14,26,34. -> 1
2,6,7. -> 2
4(5)7. -> 1
5,13,17,22. -> 1
1,16. -> 21
4,10.11. -> 2
19,24,29,30. -> 1
8,16,17. -> 2
5,6,9? -> 3
2,5-7? -> 1
9,25;35,40. -> 1
3,8;12,17. -> 1
4,5,6,20,25,31. -> 1
13,17,21,27,37. -> 1
4,5,7,14:25,31,38,43,54,61,65,71. -> 1
19,21,24,30,33? -> 1
1,2,14;21,39. -> 1
2:17. -> 1
0-0-0-0-0-2:6,10,25. -> 1
11,16,19,22,25? -> 1
1,4,6,8,10. -> 1
4,10:16,20. -> 1
8,12,17,20,27. -> 1
5,6,12;20. -> 1
9,18,25,33. -> 1
2,4,10,16,21;35,39,45,49,64,69. -> 1
1,3,8,11;22,31. -> 1
6,7,9? -> 2
6;7,8! -> 1
1,2,5[6]17-19;21,22,28,39. -> 1
2,3,11;19,25,31,35,45,50,54,58. -> 1
3,4,11;28. -> 1
2,5,16,22,36! -> 1
1,4,6,10! -> 2
0]3;8;13. -> 1
7,21,25! -> 1
13,20,31,36,42. -> 1
7,20,31;36,49,64,73. -> 1
0[1]3,4. -> 1
7;26. -> 2
0]5,10. -> 5
9,13,30,36,43,47-47-48,55. -> 1
25-26,33? -> 1
6,19,24,25! -> 1
13:24,33. -> 1
3,8-11;17,25. -> 1
9,20. -> 27
2,11,19.27,30,32-34,42? -> 1
7,14,31,37,49. -> 1
3;6,14,24,33,38,43,52;60. -> 1
1,3,10,19,32,39,42,48;49,53,55. -> 1
3,4,6,10,11,21,27,33,39,44,56,63,68;98,106. -> 1
4,6;8:15! -> 1
2,6,12,23,29,31? -> 1
0]5,14. -> 1
4,5,10,23. -> 1
4,8:14. -> 1
1,6,28,29,32,34? -> 1
6.12:24. -> 1
2,3,4,5,7. -> 2
4;24. -> 4
1,2,7.8,11! -> 1
3,6,13,15,17,36. -> 1
3,7,19,32,38,42. -> 1
2,3,20,33,40,44? -> 1
4:14;23. -> 1
2,4,8,17. -> 3
4,5,7,20. -> 1
9,13,17-21,31,36,42. -> 1
2,3:10. -> 1
5,20;26. -> 1
3,9-10. -> 2
7,9? -> 16
9,10,16,20. -> 1
2-8-18. -> 1
2,3:8,13,17,22. -> 1
6,9-10,12,24. -> 1
1,2,5:9,18.18[19. -> 1
5,12,21,27,33. -> 1
1,2,20,26,29,35,38,41,45? -> 1
6,20,22,37. -> 1
2,3,5,8,12. -> 1
9,29. -> 3
1. -> 30961
6,7. -> 71
4,6,15,23. -> 1
4,11,16,22,25,30,34,39,51,61;73;82,86,95. -> 1
5;9,10. -> 1
1,2,6,9,24:37,41,50. -> 1
26;36,39-44;61. -> 1
5,15;21;24;36? -> 1
1,3;15. -> 1
9,10,11,14,16;26,31. -> 1
25,32. -> 1
9,15? -> 6
3,8,10,14-17,20,24! -> 1
3,6,15,35,38,44,61. -> 1
10,11,13,17. -> 1
1,2;7;9,14,24:25,33,40,44;50,52,56. -> 1
8;16;22,25;26,34;47. -> 1
0]5,15;20,24,29,34,51. -> 1
1,5,10? -> 3
1,3,5,8? -> 1
1,5,6,13,19. -> 1
7,8,16;20,25,28,30,37,44. -> 1
10,20,29,37. -> 1
15,24:31? -> 1
5,14;22;31,35,41:47,57,60,61-62,64,66. -> 1
2,3,4,6. -> 3
0]11,20. -> 1
8;19,25. -> 2
8,9,13,17. -> 1
1,2,4,12,14,18,22,26,28,31,38,43,51,53,55? -> 1
1,6. -> 309
7,15,20,23,26,28,31,33,36,41;50. -> 1
25;33,41. -> 1
3,5,20. -> 2
5,9;10,12,15,17,26. -> 1
3,4,6,12,17? -> 1
6,9,10,16,22? -> 1
1,4,5,9,18. -> 1
8,17. -> 74
4(5)10,10,10. -> 1
4,17. -> 33
1,5,10. -> 24
10? -> 242
19;25,28,29-30. -> 1
10,20,29. -> 1
6,10,13,18,21,25,28,37. -> 1
5,8,13,21. -> 1
13,19? -> 3
8,12,21,26,30,35;44,49. -> 1
1,6,12,17. -> 1
11;17,24. -> 1
5,8,9,17. -> 1
1,2,8,29,36. -> 1
2;4;9;14,18. -> 1
1,7,9,12,17,19,22,24;33,43,43(49,49)63. -> 1
0]1,3,4! -> 2
2,3,10,14. -> 1
13,14,15,24,28,39,42,50,53,57. -> 1
6,10,16,18,22,26,36. -> 1
2,3,15,27. -> 1
11,16,23:31. -> 1
2,6,16,17,20,27,28,40,55! -> 1
8,13,24,31,32,34,41,50. -> 1
5,12,22,30. -> 1
13,14,16. -> 2
6,17,26,36. -> 3
5,8;16,19,24,25,28,32. -> 1
1,3:4,16;18;26,28,29,30,31-32,33,44. -> 1
13,16:20,21,28:40,41,46;52. -> 1
3,19,21. -> 1
1,2,4,11,16,21. -> 1
11;16,26. -> 1
4,5,11,17,25,33.37? -> 1
10,11! -> 1
2,7,11,16,28;41. -> 1
2,3,8,12? -> 1
6,12,17. -> 2
2,4,6,15,20:36,43,54,63,67,80,85,90? -> 1
5,8,12. -> 7
3,14,24,33,37;39,47,51,66,75. -> 1
8,19,26-28,32,39. -> 1
1,2;3,6. -> 1
3,6,9;11,13,16. -> 1
1;5. -> 6
14,23,27. -> 1
3,5,10. -> 13
3,4,12,18,22? -> 1
8,10;14,18,24. -> 1
6;23. -> 1
0,1. -> 5
2,8,15,28. -> 1
1,2,3,6,10. -> 1
3;5-7,9. -> 1
3,4,7,12-13,19,20,25-26. -> 1
6,10,15,19,24. -> 1
3,4,11,21. -> 1
9;13,17,27. -> 1
13,18,20,27,34,36? -> 1
3,4;7,9,18.22;26;29,30. -> 1
1,2,5-17. -> 1
10-12;16,24. -> 1
8,14:27. -> 1
7;8,9,11,15. -> 1
14,17,21,29,35,50. -> 1
5,6,11. -> 18
2,5,11,16,21. -> 1
1,4,7,15:17,18,29. -> 1
9;10,11,17-24. -> 1
10,17;25,30,31,32. -> 1
2:5. -> 1
0]3,5? -> 2
4,5,13? -> 7
2,5,7,13. -> 1
3,12,13,15,16? -> 1
4,5,9,16,23. -> 1
8,16;28:29,34,43,48. -> 1
10,19-31. -> 1
8;9,22,30,32,40,48,51. -> 1
12;23? -> 1
4-5,6,9,12,18. -> 1
3,4,9,23,29,35. -> 1
12;16,24,29,41. -> 1
3,4,6,7,19,23. -> 1
16,21;31,52,61,68,71,74,81. -> 1
5,13;23. -> 1
6,13,28;35,42,49,57,66,68,70,88[89]89. -> 1
1,3,7,13,18,22,29,37,46,50,62.70,83,88,90-91,95;98,104. -> 1
7:16,19,24,31. -> 1
4,6,17,23,34,43,53. -> 1
2,4,18,23,29;33,38:43,49,51,56. -> 1
4,9;18,21,26;27,33-38,43. -> 1
3,6,11,15. -> 1
4,6,10,11,13,22. -> 1
4;5,14,17,23. -> 1
7,8,17,26,30:40,52;58. -> 1
7,10,20,35,44,53,57. -> 1
1,2,6,12,14,17,23;30,35,37;41,48,55,59. -> 1
7,16? -> 7
4,5,13! -> 1
3,12,23:27. -> 1
4,5,16,21,24,25,34. -> 1
5,6:21[22]22. -> 1
4,6,10,14,21;27;30,34,43. -> 1
3,4,12:19. -> 1
7,13,14. -> 1
3,7,15;18,22,28,29. -> 1
6,12;17,26,30,41,54,68. -> 1
6,14;21. -> 1
4,5,8? -> 8
17;21,23-30. -> 1
6,10,18! -> 1
6,8,12! -> 1
6,8,14,23,28,33? -> 1
3,5,6,13. -> 1
5:19;24,37. -> 1
10,17;28. -> 1
1,2;20. -> 1
6,13;22,29. -> 1
3,5,20,29,35. -> 1
2,4;8! -> 2
12,15,19. -> 1
2,14,20,25,31;42,44,47,51,58,63,70. -> 1
1,2,11,18,23,37,40. -> 1
2,13. -> 21
1:5. -> 4
4,5,16,22? -> 1
1,8,14,23,31. -> 1
4,11,22. -> 2
3,8-9,19. -> 1
3,13,18:21,23,27;30,33. -> 1
6;8,9. -> 1
11-15. -> 2
2,3,7. -> 48
1,2;9,18. -> 2
12,16;20,23,26,32,46. -> 1
3,4,8,10. -> 1
2,3:11. -> 1
5,14? -> 5
7,8. -> 49
3,4,11,20,23,32? -> 1
1,3,6,8,10,11,13,17;25,26,28,38,45,50. -> 1
2,15,22,23,30,33? -> 1
4:17;19,23,25,27,28,29,41! -> 1
2,3. -> 369
8,16,26,29;33,47,53. -> 1
7,8,9,12? -> 1
1,3,7,11,16. -> 1
2,6,8,18,25? -> 1
10,17,23? -> 1
1,4.4[8. -> 1
2,3,4,5. -> 3
17,29:40,47,53,62. -> 1
1,2,7,15,29. -> 1
4,10,30. -> 1
10,18,21,29,33,40,44,45,48,52,53,56,65,68,73? -> 1
2.4. -> 4
0-0-0-0-0-2:7. -> 1
1,2,6,7,12,13;27,31,37,46,55. -> 1
3,7,10-14;20,23,26,31;46,48,57. -> 1
3,4,16;18,29,31,36,40,48,58:63,68,74;79,85,92. -> 1
11.14,19. -> 1
4-5,7,11. -> 1
6,10,16. -> 4
6,8,16? -> 1
2,10,18,23,24,27,29,39,45,60:70,74,75,78,83,92,100,110? -> 1
8,13,24. -> 4
5;15-16,26[27]27,31. -> 1
1,4,13,22. -> 1
1,7,10,17,23. -> 1
1,4,5,11. -> 1
5,7,9,10,12,17,26. -> 1
8,15,26;35,42,48,54. -> 1
7;11(13,15)20,22,26,30,34,35,39,42,43,50,58? -> 1
5;14. -> 13
3,16,26,34,38,43;49,68. -> 1
4-16,23;28,37;46,48,52,61. -> 1
1,12,18. -> 1
4,9,17,20(24)31. -> 1
1,4:7. -> 1
14? -> 76
1,14,23,32;43,47,48,52? -> 1
14,22,30. -> 1
2:9.10. -> 1
8,11,24. -> 1
0-0-0-0-0-2:7,10,13,16. -> 1
14;26,34;38,47. -> 1
0[3,7. -> 4
3,5,10,24. -> 2
10,25,33,35,40,49.55? -> 1
1,5,6? -> 6
10,25.32,39. -> 1
5-8,11,14;22,27;31-34,37,47,54,58,60;63,65,67,71,73. -> 1
2,9;28? -> 1
11,20;27;34,40,44. -> 1
2,3;16,23. -> 2
11;15? -> 1
2,8. -> 148
5,9;15,19-20,23. -> 1
13,16,19,24,38,46.51,51(60,68,78,80,80)86,101,107,114. -> 1
12,13,15,23,28;39,43,46. -> 1
4,7;12. -> 1
1,19;25. -> 1
3,4,6,11,13. -> 1
4,6,16,22,32,36,45:47,49,61,67. -> 1
4,5,7;12,17:21,24. -> 1
10,22:29,30. -> 1
2,16-17,22,30,34,44,50,63,66,73,79,81,84;101. -> 1
4,9,21,26. -> 1
0]5,6,26,31. -> 1
4;11,20,29,34,37. -> 1
5,7,12? -> 1
2,3,6,12,22? -> 1
3,10,15. -> 6
2;6,12. -> 1
8,12,15. -> 4
4,8,27. -> 1
3,8,9,16,25. -> 1
5,21. -> 4
3-8,9,10? -> 1
4;17. -> 5
4,6,8,10. -> 6
6,7;16,19,26. -> 1
1,4,8,14. -> 2
0-0-0-0-0-2:8,8,8. -> 1
3,5,10,15,21,24,31,36,45. -> 1
1,2,8,9,14,17,21,25! -> 1
9,13,21. -> 2
5;9! -> 4
4,6,9,21,22. -> 1
13,22:38,48. -> 1
1,2,8;9,12,16:19,20,21,22. -> 1
4,5,11,14,20. -> 1
2,10,16? -> 2
3,5,18,19,23,28;34,46,51,58. -> 1
1,6,10? -> 1
2;4,16-18-25;26,28,32-33. -> 1
1,3,9,21,30:32-33,36,47,57,66,75;77,79,81. -> 1
4,5,7,15,28,34? -> 1
9,14,30? -> 1
2,4,7,11,22? -> 1
8:16;23;29;33,36;43;47,51;58;60-65;73;80,90:94,99,107. -> 1
9,17,20,28,31. -> 1
8,15,20,26,34. -> 1
4,6,8,23,27;33;37,44,45,49,56. -> 1
8;15,24. -> 2
0]1,3,8,13,21,32,37. -> 1
6,9,13,23. -> 1
7,9,10,20,26,29,37-38:41,48,56,64,70. -> 1
15,21;30. -> 1
8;23. -> 2
5,8:13. -> 1
10,13;19;27,34. -> 1
9,16;21. -> 1
18:19,24? -> 1
11,14,17,23? -> 1
1,2,3;4,7,14. -> 1
2,3,6,16,18-19,31. -> 1
4,7,15,22,23,26,28. -> 1
5;7,15,17. -> 1
5,9,12? -> 1
4-5,6,10,13,17. -> 1
2,4,10:14,18. -> 1
3,19,26? -> 1
9,14! -> 1
1,2,11. -> 18
6,13? -> 11
1,2,7,11,17;29. -> 1
4.19,20,31? -> 1
2,3? -> 116
10;12,15,18,29. -> 1
3,9;13,14,19,27;31,32,37,45. -> 1
5,6,9,19. -> 1
5:12. -> 2
5,13,16,17,18,20,31,32,38,52? -> 1
3,9;17,24. -> 1
6,9,12,15. -> 1
10,17,23,36. -> 1
2,4,6,12. -> 2
2,4,7,11:19;29. -> 1
11.16,18. -> 1
4,10,11,15. -> 1
4,9,16,17-24,31. -> 1
12,16,30. -> 1
9-10,16-18. -> 1
2,18,24,34? -> 1
2,11,18;27! -> 1
14,28;32,35,37,42. -> 1
7,8,15. -> 3
18:29;33,38. -> 1
10,19,27,29,34,38. -> 1
1,2;4,6,8,10. -> 1
10,15,26,32. -> 1
6-6-10,12. -> 1
8,9,16,19,23,29. -> 1
5,18,23,24,33,38,45;61,77. -> 1
4;7,22. -> 1
8:14,17,29:45,48-61:68,80. -> 1
2;12;30;42-56. -> 1
3;6? -> 2
3,4,8,23. -> 1
9,16,30. -> 1
2,6,11. -> 7
4,18. -> 22
2,12-16,21,27;28,31,37. -> 1
3[4]4,5. -> 1
3,8,17,23? -> 2
1,4,9;20. -> 1
2,3,11,20,25. -> 1
4,6? -> 97
5,6;13. -> 2
2,5,10,14,16,18,23. -> 1
1,2,5;16. -> 2
1,6,9,15,19,27,30,32,35[36]37,40,48,60,64,70,71,73. -> 1
1,2,10,15,18. -> 1
4-7,16;25. -> 1
31. -> 3
1,2,4,5,7. -> 1
4,10;17,26. -> 1
3,4,9,13,15,20,25,44;63,79. -> 1
6,9,18? -> 1
4,12,19,26,41-42. -> 1
12? -> 111
2,5,12,16. -> 1
8,10;12,19. -> 1
6;8,9.10. -> 1
1,9;10,18. -> 1
1,2:7. -> 1
6,10,16,18,19,24! -> 1
26:33. -> 1
18:20,31,35,43,58. -> 1
12. -> 340
8,22:43. -> 1
2,3,5,20! -> 1
15;19,30. -> 1
5,13,18? -> 1
1,2,5;8,16. -> 1
6,13;14,23. -> 1
3,5,9,13;17. -> 1
4,5,12,23,35,43,44,54,62,76,77,88,105,118. -> 1
2,3,13,16,17,22. -> 1
9,16,26,37:43(46)55,64,73. -> 1
7,9-13. -> 1
3,4,5;15. -> 1
4,5,10,13,18;24;25,27,31. -> 1
2,9,14,19. -> 2
8,14,28,35,40. -> 1
11:24. -> 1
17;21,25,34,43. -> 1
6,8,11,14,18,34. -> 1
11.16,23. -> 1
2,3,8,16;30,37,42. -> 1
0-0-0-0-0-4,6. -> 1
10,18;26,34. -> 1
1,9,12. -> 4
14:25,33,45[46]46. -> 1
6-7,10,13. -> 1
2,3,5,16,25,30,33,38. -> 1
1,2,12,22,33. -> 1
23,33. -> 1
5,9;19,22,28:40. -> 1
2,3,9. -> 31
19,30. -> 1
2,4,7,12,21. -> 1
17:27;30,34. -> 1
14,18,27;37,46. -> 1
4:11;19,27. -> 1
1,4,23. -> 1
8,22. -> 16
8,17,24,34? -> 1
2,4.9,13. -> 1
6:9,18. -> 1
9,11,16,25. -> 1
15,22,32,37. -> 1
3,4,6;9,16,29. -> 1
1,4,7,13,15. -> 1
1,2,8,17,23,32. -> 1
5,9,21. -> 2
1,6,15,20,23. -> 1
9,12,24. -> 1
2,4,7,10,19;24,30,43;60,71. -> 1
11,12,14;28;40,45;59. -> 1
3,4,12,24,36? -> 1
4:6,7,15,18. -> 1
9,18,22,26,27,32,33,37,41. -> 1
12;20;32. -> 1
3,12;24,35-39. -> 1
6,7,15;18! -> 1
6,8,12,22. -> 1
3,16;27:43;51,58. -> 1
0-0-0-0-0-2,3,14. -> 1
10,26,37,38,40,42.43. -> 1
0-0-0-0-0-29. -> 1
3,16! -> 2
3,10,16,22,45. -> 1
2,3,20,39,44;58,68,79,89,92? -> 1
17;29,31. -> 1
16-17,20;31,36,39,46,52. -> 1
6;15,20. -> 1
3,7-10,12-13,21? -> 1
6,7,11;21. -> 1
7:8,26? -> 1
4,5,9;16. -> 1
9,16,19,24;30,38,44. -> 1
1,12,13. -> 1
1,6,18,24,32. -> 1
5,8,9! -> 3
8,20. -> 8
7,18,26,37,45. -> 1
19,20,22,24,35,40? -> 1
8,12-15. -> 1
4,6,12,19. -> 1
0-0-0-0-0-0-0-114. -> 1
2,9,19,34,43. -> 1
0-0-0-0-0-6,7[8]22,28,34. -> 1
5,12. -> 76
1,7,9-10,12,23,29,32,46,52. -> 1
5,15,25,35. -> 1
10,14,22,25,34,41,50,57,61,63. -> 1
10,19,24,28,33,37? -> 1
4,9;12,30. -> 1
21,26. -> 1
14,21,32,38,48. -> 1
5;8;14. -> 1
1,5;9. -> 5
8,12,14,16,24,30,34,41;52. -> 1
1,5,5[8]12. -> 1
9,15,20. -> 2
4-15. -> 1
10,17,20,22,32;44. -> 1
0-0-0-0-0-3,4,6,14? -> 1
4,10,19. -> 14
4,12.24,28;36. -> 1
1,2-3-4,7,10,13! -> 1
5,17;41. -> 1
6.17. -> 1
2,10,12. -> 1
1,2,19,33:47,63,70,72,74,77. -> 1
4,11,12,24. -> 1
1,4,6,16,21. -> 1
10,13,16;21,27,30,36? -> 1
5,7,9,10,14,20:22-24,33;35,36,37,41,45;47,50-51;53,58;60,61,67;69,70,75. -> 1
0-0-0-0-0-2:10,22,25. -> 1
3.8,16. -> 1
9;16,33.41,51,59,70,92,97-98,110,125,136,140,142;149,152,157,159,162. -> 1
3,7,8;11,15,16. -> 1
1,5,9,10;17,26. -> 1
13,26. -> 3
9,21,23,25,33? -> 1
1,3,11,21,24,31,32,37,53. -> 1
0]6;15,22. -> 1
10,14,23.30,37,43,48;56? -> 1
4;8,14:21;26. -> 1
23,30,40. -> 1
1,2,3,8. -> 7
7:11. -> 3
4;9,15. -> 2
0]6,14;15,20. -> 1
4,6,7;8,12;16! -> 1
13,21,35. -> 2
1,2,6,16-21. -> 1
2,9,15! -> 1
1,2,10,14,29;36,42. -> 1
1,4:12. -> 2
2,11. -> 34
14;19. -> 1
3,5,11,14. -> 2
8,9,11,19. -> 1
2,8,14,19,22? -> 1
1,5;10:18-19;22,27,28. -> 1
0]1-3,4. -> 1
2,4,7,10,13,17,20,25,30;41,52. -> 1
12,14,20. -> 1
5.6,9,10,11;12,14,15,17;21,25,27;28,32. -> 1
2,3,14,20,32? -> 1
0[3]4,12;21;27. -> 1
0-0-0-0-0-1,11,20,27. -> 1
0]1,6? -> 3
4,7,8,9,10,12,18,24? -> 1
2,9,15,21[22]22. -> 1
11;25! -> 1
2,9,10,15,20. -> 1
3,4:10? -> 1
7:13;29. -> 1
3,4,20,29,34. -> 1
4,12? -> 9
0]1,5;7. -> 1
6,12,18,26? -> 1
4;7,10,15,23. -> 1
2,3,11,18. -> 1
4,7,8,10,18? -> 1
1,2,7:20,29. -> 1
0]1,2,5,6. -> 1
7,17,29. -> 1
3[4]7,15? -> 1
5,11,20,27. -> 1
0]13,21,28. -> 1
4,9;14. -> 1
8,13,18? -> 1
3,7,14,22,45. -> 1
8,25? -> 1
1,8,9? -> 1
3,9,12,16. -> 2
7,14,26:30,39;49. -> 1
1,11! -> 4
11,15,24;31,37:43. -> 1
1,2,11,20. -> 2
4,13;22. -> 1
1,1[8.8] -> 1
1,4-5;11? -> 1
11,15,16;32. -> 1
9,15,18,21,30;36,44,51. -> 1
14,26,33.34. -> 1
3,5,6,14,15,22. -> 1
2:11? -> 1
15:25.28,29,35:44. -> 1
3,8,13,17,18.19. -> 1
1,2,6,18;26,30,40. -> 1
2,6,20,24,27? -> 1
1,6,7,14,22,36. -> 1
11:17,23. -> 1
4,6,13? -> 1
8,17,26. -> 2
9,27. -> 10
1,2,3,7,13,21,26,34;38,47,52,57,60;62,65:75,84,92,105,111. -> 1
1,2,3,4,8,17. -> 1
9,16;26,32. -> 1
3,5,18,26;30,35. -> 1
6:9-10,14,24. -> 1
2,10,17. -> 5
5,6,8,14. -> 2
10,13,14,16? -> 1
3:12,25. -> 1
4,13,26? -> 1
20;34. -> 1
7,8,10,18,19,23,28,29,35,44,49? -> 1
1.4;7. -> 1
4,11. -> 101
4;16. -> 12
2,7,10,15! -> 1
11;32;42-47;48,49-56. -> 1
9;27,33,37. -> 1
1,5,12-18;22,30,34.57:64,66,68,72;81.82. -> 1
1,4;18. -> 1
13,15,26,33. -> 1
2,4,10,13,17? -> 1
11,12,20,36.45. -> 1
5,7,11,18:29. -> 1
13,23,27? -> 1
3,6,7,15,20. -> 1
2,3,4,14,21. -> 1
9,13,22,29,33,36. -> 1
9,18;44;49! -> 1
0]12,24. -> 1
0-0-0-0-0-13. -> 1
2,6,13,17,21,34,42. -> 1
1,2,7,8? -> 1
7;12:13,14;22! -> 1
15,22? -> 2
2,18,27. -> 1
2,5,9,15,18,22;30,36. -> 1
1,4,10;13,17,18,19,22. -> 1
7,8,13,17-18,28,32,35. -> 1
2,13,20,29,37? -> 1
2,4,6,9,13. -> 1
9,27,29,35. -> 1
4,20,26? -> 1
8,12,13,18. -> 1
7,9,11,15. -> 2
1,2,5,21,24,31,34,40,41,43,52:60,64,70,79,83,86,93. -> 1
4,6,9,22,30. -> 1
3,8,19-34,48. -> 1
7;11;20. -> 1
6,12,18,21,26,31;42. -> 1
6,7,23;29,38,51. -> 1
7,10,14,19;23,32,36,55,57! -> 1
9,15,16,27,28,36,45,52-59[60]60. -> 1
0-0-0-0-0-9,19,23,32,35,39,45,47,53,59,63,71,79,84,93. -> 1
10,15,19. -> 5
5,8,16. -> 3
4,9,18,20,22,24. -> 1
7,9;15? -> 1
19,37. -> 1
3,8,16,23,28,32,37,46;55,64. -> 1
0]0[2,5,6. -> 1
1,4,7,12,16,27,37,42. -> 1
5,7,13-20;31;35,40;41,42,55,57,59,61. -> 1
5,6,15,34,36,45,54,69,70,71,72,73,75,82,94. -> 1
9,19:26,34. -> 1
5,6,9,21,34. -> 1
10,12! -> 1
2,3,10,16. -> 1
4,8;16;23;35,37. -> 1
1,5,17,24,32. -> 1
13;21,26? -> 1
3,6,11,14,27. -> 1
5,17,23,33. -> 1
12,15,16,28,32,38,47. -> 1
3,5,16,20. -> 1
3,5,8,16,21,37. -> 1
5,11,16,24.26,42. -> 1
5,11,24,39:41,47,48,49,55,68,80,91. -> 1
10,14;23:25,31,37,52. -> 1
14,24,29,30,32,38,44,47,49. -> 1
6,9,18. -> 7
10,13,27,40,50,57,62,69,74,78,85:87,90,96,103,108,113,116,130,134,139,142,148,151,157,163,180,190. -> 1
1,4,17,22,26,29;38. -> 1
9,15,24,30. -> 1
7;10,24. -> 1
3,5;9,10. -> 1
9,17,18,23. -> 1
11;21. -> 3
7,11-24. -> 1
1,4,8,17,37,40,46,53. -> 1
1,3;4,5,14. -> 1
0]7,12,19-20,25. -> 1
16,24? -> 2
1,7,11,22,23,25? -> 1
10-11? -> 2
8,12,15,22. -> 1
15,19,25[26]26:30,33,40,41. -> 1
8;12,15,22,26,29,32,37:56;60,64,75;83. -> 1
2,6,9,16. -> 1
1;11. -> 2
5,6,27. -> 1
10:17. -> 2
7,8,17,23. -> 1
3,4,8,11,17,18,23,30. -> 1
2,7;11. -> 3
2,3,4,5,6,7,8,9,10,11,12,13,17. -> 1
16,19,31,35,39,45,47,52,54,59,68,77,81,85;99,103,107,113,115,120;125,131,134,144,153:168,174? -> 1
10,18,24? -> 2
8,19,25,31,39,44,59. -> 1
12,17,22,31;41,48,55. -> 1
7,9,11,16,21,33,40. -> 1
1,3;9:14,20. -> 1
9,12. -> 15
1,2,16,28,34. -> 1
4,10;17,46. -> 1
2:5,7,11. -> 1
10,16;27,38:43,50,62. -> 1
4,8,12,15,16,35,44. -> 1
1,5,15,20,29,34,45,55. -> 1
5,10,17,21,25,32. -> 1
0[2.2]4. -> 1
6;10,11-12-14,19,27;32,41,46,48,49,51. -> 1
2,3,18. -> 3
3,5,9. -> 25
1,2,8,12,17. -> 2
10,13,17? -> 1
9;10,11,14:33,48,57,59,66,77. -> 1
1,7:17,24. -> 1
6,10,16;27. -> 1
8,9,13,17,22. -> 1
5,9;14. -> 3
2-11,20. -> 1
3,5,14:17,25,30:31,34,39. -> 1
7,15;17,23,32. -> 1
6;11-15,21-23. -> 1
1,8,21. -> 3
10,19,24,27,28,35,41,42,45,46,49. -> 1
7,11,21. -> 1
11:17,28,35. -> 1
8,15,16-22,23-29,31,33,36-40:44,50. -> 1
2,4,17! -> 2
10,14,17? -> 1
2,4,7,10. -> 2
9,20,36,41,46,56. -> 1
6! -> 140
4;8,17;25,27,31,35. -> 1
4,12,20;26,30,33. -> 1
4:12,17,21,24. -> 1
0-0-0-0-0-2:4;7,8. -> 1
11,34,57[58]58. -> 1
2,11,16,18,19,21. -> 1
8,16;25,28,29,42. -> 1
9-10,15,17,28. -> 1
6,9.9] -> 1
4,10,28. -> 1
33. -> 7
3,5;6. -> 1
1,6,12,15. -> 2
13;25,44. -> 1
7,11,14,16,18,23,29,31,33,49,52(55)58,62,75,85? -> 1
15,20,27,32;43,50,59,68. -> 1
2,5,13;16,24. -> 1
10,16,17,27,31,47. -> 1
2,4,6,10,16,21;27,28,32,33. -> 1
1,4;9.10. -> 1
8:13,25. -> 1
7,25? -> 1
2,9,19;27;31. -> 1
1,3,4;5,7,8,10. -> 1
4,6,17,22. -> 1
6,7,8,15? -> 1
6,7,9,10? -> 1
6,11,15,23;32,33,36,42,48,52,54,63,78. -> 1
3,4,15,18,19,24,25-26,28,29,31,38? -> 1
3,8,18,23,25,27,36. -> 1
5,14,21,34;42. -> 1
10,19:25. -> 1
10,17,25. -> 2
2,10,19. -> 5
5,11:23,26. -> 1
1,7,12,14? -> 1
2,3,13. -> 13
14,16,17,21;25,31,41. -> 1
15;19,31. -> 1
8,9,11,13,14,16,28. -> 1
5,12:30,35,44,49,53,67. -> 1
7,12,21,28. -> 1
7,12,19;24. -> 1
6,14,28,36. -> 1
0]3,5,8-15? -> 1
5,8,13;20. -> 1
2,6:10. -> 1
2,3,10,13,17,22,31. -> 1
22.30,31,38,44. -> 1
2,4,9,23,38,43. -> 1
1,3,12:18. -> 1
1,6;12. -> 4
3,4,6,11,16,23,29;36,54;61,66. -> 1
9,13,23,35:51. -> 1
2,9,15,22. -> 1
7,10,12:20,24. -> 1
5;15. -> 11
3,7;10,12,18. -> 1
4,6,20,28. -> 1
9;15. -> 11
2,6;17:21,23. -> 1
1,5;8. -> 7
1,7,11,13. -> 1
3,4;11. -> 1
0]5;15-17. -> 1
2,3,5,7,13,20,31. -> 1
2,4,9.17. -> 1
4,10;15:21,26. -> 1
2,3,5,12;26. -> 1
4;6,7,8. -> 1
1,5,9,15. -> 3
1,7,12,17,27,32,37,45. -> 1
6,9,14. -> 7
6,12,17,24;43. -> 1
7,17-19,29,33. -> 1
1,8,14,21. -> 1
1,2,7;8,12;13,16;19,24;25,30;33,37. -> 1
0[2]7,10,15,22;31,40,43,44,53. -> 1
11,16,19,24,27? -> 1
9,16,29? -> 1
9,17,23,26;28,31,41,46,50. -> 1
2,11,18,23. -> 1
4;5,9,16. -> 1
2,3,10,16,25,40,46,53. -> 1
6,9;31. -> 1
1,2;6-22? -> 1
9,21. -> 11
1;7. -> 4
5,17,18,21,30,39,43:51,62,85,92,99. -> 1
3,4,22,29. -> 1
1,9,11,17. -> 2
8,11? -> 6
6:7,15. -> 1
4-8;11,16;22-26,40,48. -> 1
8,15,22,32,42,49,56? -> 1
7,8,11,22,25,32. -> 1
1,9,21. -> 2
2:4. -> 4
3,7,9,11,14,15,18,23. -> 1
4,6,7,13,23. -> 1
5,11,16[17]17,23,30. -> 1
4,17? -> 7
2,3,6,9,15. -> 1
5,6,12? -> 3
1,6;9. -> 2
2,3,4,20. -> 1
7,15,25,33,34,35,37. -> 1
1,2,7,8,11,17;24,30,35,39,41? -> 1
1,2,8,28,40,45,52,59,62,67,74,82;90,98. -> 1
0]2,4,18,33. -> 1
3,6,16,28,33,50,51,54,57. -> 1
1,15;21. -> 1
4,8,13,18,29,31,33,39;46. -> 1
9,10,16,26,33. -> 1
4,5,8. -> 41
2,4,7.9,14,32,41,49;57;68. -> 1
8;17,25;34,49. -> 1
3,4;14. -> 4
8;24,32,41? -> 1
15;18? -> 1
9,17;21;32. -> 1
1,2,4,5,10,14.20,26[27]27,31? -> 1
1,5,10;12,14,22. -> 1
6,18,28. -> 1
8,18;22,28. -> 1
3,4.4[6,7,11.11]12. -> 1
1,4,9? -> 12
2,3,8,24. -> 1
4,8,17;35,44,52,60. -> 1
1,2,4,9,14,24,36,44,51,60,64,65. -> 1
1,2,6,14,18,22,27,31,35,37,38,40,43. -> 1
10,11,12,15,28[29]32,36,42,52,54,63,67,77,81;82,87,92,107;113. -> 1
2,4,11,19;28,39,58. -> 1
1,3,5! -> 19
1,2,10,21. -> 1
3,10,11,19;22,23,35. -> 1
5,8,12,18,21,26? -> 1
5,10,11,16,24,30[31]33,38. -> 1
8,11,15,19,26,37,45. -> 1
12;18,34. -> 1
1,2,7,23. -> 1
11-22. -> 1
5,22,31,37,42,50,52,54,60,62;68,73,80. -> 1
1,2,7,11;18,19,22. -> 1
8:11,18. -> 1
5,7-9. -> 2
1,4,5,7. -> 1
6,7,9,11,14. -> 1
3,5,7,8,17,23. -> 1
2,4,25;32,37,48;49,50,54,58,68? -> 1
2,4,21,24,30. -> 1
3,11,14,16,21! -> 1
7,8,10-11:17. -> 1
12;14,20,28. -> 1
2,3,14. -> 11
5,8,14! -> 1
1,2,4,6,13? -> 1
9,19,31. -> 2
5-6,8,9,13,17,21,31? -> 1
4;8:23. -> 2
5,12,23[24]24,36,39:41,43,50,51,60,65,78? -> 1
9,21;34,47. -> 1
2,5,6,7,9. -> 1
1,3,6,15;18,29;34,42,51. -> 1
1,2,3,4,8. -> 2
11,20,29. -> 1
7,15,17,23,30. -> 1
8;12,21. -> 1
11[12]12,21,33,40,45. -> 1
4,6,10,19,22. -> 1
4-5. -> 12
4,5;7,9,12-20,23,32-34. -> 1
3,4,9,14,20,32? -> 1
4-5-6,11! -> 1
1,9,13,14,15. -> 1
7,17,36. -> 1
8,13,20,25,35. -> 1
2,4,10:23,33. -> 1
2,4,8,25. -> 1
2,14;22,29. -> 1
5,10,20? -> 1
7,8:14. -> 1
8,19,21,23;27. -> 1
2,3,5,8,13,18? -> 1
2,4,7,14. -> 1
6,11:16,23,27,33,43,49,50,59,65,69. -> 1
1,2,3,4;5,7;8. -> 1
2,3,7-16. -> 1
18,29,39:43,46,52,60-61;69,78,84,91;107,108. -> 1
4,5? -> 160
8,9,11,18,23. -> 1
4:11;21,26,29. -> 1
3,4,9,20. -> 1
2,3,7,14;25. -> 1
1,11,25,37,45. -> 1
18,24,38,39,44,50,56. -> 1
2,9,13-14,16. -> 1
7,11,14. -> 1
2,4,8,16. -> 2
5:9,12. -> 1
8,9,11. -> 5
3,6,12,16,18? -> 1
1,3,8,15. -> 2
1,2,7,10,14-15,22,26,33,46,54-62. -> 1
3,4,9,12,16,20,27. -> 1
4,7,8,14. -> 1
3,10,19? -> 2
1,3,6,9;17. -> 1
1,2,3;5,6! -> 1
2,4,12,23,29. -> 1
10;11,18,28,33,40,43. -> 1
4,6-11,21;24,28,31,37,40,44,49;52,53,56! -> 1
6,12;15,18,21,25. -> 1
9,13,14,21,31. -> 1
4,12;21. -> 1
2,6,16. -> 2
7;10,18,26. -> 1
5,14,24. -> 1
13;23. -> 1
1,2,4,10;18. -> 1
21,28,33. -> 1
8;13:32. -> 1
2,6-8,16,25. -> 1
2,5,16. -> 3
10,20-25,31,42,46,51,60. -> 1
5;8.8[9. -> 1
15;24,34;44,53. -> 1
1,4,5,8:19. -> 1
2,3,7,8,14(19)26,40. -> 1
1,4,12,19,32,42,53. -> 1
1,2,7;8,9,17,18;24,25,28,35. -> 1
2,6,8. -> 10
3,4,7,15;24. -> 1
4,9,16,23,30. -> 1
2-23. -> 1
2,4,9,18? -> 1
1,3,7,12,21. -> 1
1,2:3,4,8. -> 1
1,2,5,6,7,16,28? -> 1
4,11,17,24,28,32. -> 1
6,7,8,13,15,22. -> 1
7,15,21,24,25,45? -> 1
8,10,26,31,42,52,61:67:70,72. -> 1
1,3,8. -> 59
10;21. -> 2
0[2,5. -> 43
0-0-0-0-0-5,9,12;18. -> 1
7,22,23,26. -> 1
3,7,13,25,29-42. -> 1
2,11,17? -> 1
10,32. -> 1
11:23? -> 1
4;27. -> 1
13,14,18,24,32. -> 1
2,10? -> 6
1,2,3,4,5,6. -> 2
9,28-29,41,45. -> 1
3,14,18,20,22,30,36,47,55,69;70,73,90,100,119,126. -> 1
13,21,23,32,34,37,46,55,61,68,72,78,81,90. -> 1
12,19,23,25,30. -> 1
9,22,29-30,34. -> 1
10,11,14,16,34,40,60,65,69,76,88. -> 1
3,4,20,26? -> 1
4,6,10,18,27. -> 1
4,9,13,17,21,26,30,35. -> 1
5,10;11,18,26. -> 1
0-0-0-0-0-1? -> 1
3,10,13,19,28,35,42. -> 1
12,22,30,33,35,43,49. -> 1
12,19,26,27,31,39. -> 1
5,18,37. -> 1
2,6,10,17,20. -> 1
6,13,14,17,25,27,33;44,54. -> 1
1,5,13,22? -> 1
8,16:25,29,33. -> 1
2,8,16,18,25. -> 1
0]7,11,14. -> 1
5,15,23,32,40,49,58,64. -> 1
9,20,29,37:43,52,58,67,72. -> 1
11,14,22,24,30,51,57,61. -> 1
1,2,4,6,10? -> 1
7:13? -> 1
1,5,9,22,24,30:38. -> 1
5,13,22,29. -> 1
3,4,6,9,14. -> 1
2:6. -> 3
1,14,17,18,21,24,30,34. -> 1
10,17;19,20,23,28,31,38,50,59,69. -> 1
5;8. -> 10
10:14,18,30,37,49,57,61. -> 1
20;38. -> 1
0]4,9,13,19. -> 1
8,14,24,27,31;43,45,47,51,63,64,66,74,79,85,92? -> 1
8,10,23. -> 1
14,20,24,28,38,55,64;71,82,93,101. -> 1
6,17? -> 4
1,8,18,29. -> 1
3,14,15. -> 1
6,7,21:39,44,47,51. -> 1
3,4,12,18? -> 1
1-1-8,9? -> 1
5,8,22,23,24,25,40. -> 3
2,5;7,9,12,17. -> 1
5,10,14,18;21,25. -> 1
2,14,18,23. -> 1
3,5,10;14,27. -> 1
0-0-0-0-0-19,26,32,51. -> 1
1,3,5,8. -> 5
6,8,11,14. -> 1
13,16;22;35,44,55:59,63,70,78,87,90,101,106,116,122. -> 1
3,5,11,22. -> 1
2.12,15! -> 1
0]1,4,9. -> 1
8[9]9,14:18,26,28,30;37. -> 1
4;12. -> 11
4,10:11! -> 1
6,7,9! -> 1
3,9,20,26,31,43,50? -> 1
10,14:20,26. -> 1
9,17,21;25,35. -> 1
3:11,20,21,29;38,47. -> 1
4:11;20-21. -> 1
0[6,8. -> 1
3,4,10,13,15. -> 1
4,6:18,31. -> 1
4,7,13! -> 1
11,21,25,42,46. -> 1
16,23,25,28. -> 1
5,11,16,19,35. -> 1
8,9,12,15. -> 1
1,4,14,26. -> 1
5:8,13,17;24. -> 1
3-7,13. -> 1
4,5,21,31? -> 1
11,16;24,29. -> 1
5,10,14,23,32,38,50,58? -> 1
8,10-11,13,16,25,31,35,41. -> 1
6,9;11,17. -> 1
3,4,13,24,25? -> 1
14,15,18,32. -> 1
13,19;32,36;49;60,70. -> 1
18,23,33. -> 1
1.5,6? -> 3
0-0-0-0-0-5,6? -> 1
6,8,20;37,45,47,49:53? -> 1
1,2,10,15. -> 1
3,13,16? -> 1
0]4;8. -> 1
13-14. -> 3
8:11! -> 1
1,3,23. -> 1
6,15,20! -> 1
8;9,15. -> 1
3,4,14,19,24,34.35. -> 1
9,13,18;19,22,26,32! -> 1
3;9,12,18! -> 1
8,9,14,24,35,37,39? -> 1
12,16,23,28. -> 1
2,10;22. -> 1
3,7,11,14. -> 2
5,7,13. -> 5
3,4,8,15. -> 1
0-0-0-0-0-3,5;15,22. -> 1
15;25,29,36. -> 1
3,7,11,16. -> 3
0-0-0-0-0-0-0-0-0-0-0-0-0-0-5,11. -> 1
1,11,14:35,48;51,52-55,74:77,84. -> 1
2,4,5,7,15,27. -> 1
2,6. -> 194
5,14,22:34,39,43,47;50,51,54,62,64,66-68,71;72,84,96. -> 1
2,10,14,18? -> 1
4,8,14,18,23,32,36? -> 1
4,5,7,14,24,34? -> 1
13,15,17,21. -> 1
10,18-19,24,28. -> 1
9,18,28,37,40,43,48,51,58,63,69. -> 1
0-0-0-0-0-1[2]6,28,34,39,54. -> 1
4,6,10. -> 30
7;16? -> 2
2,5,18? -> 2
8,19,21,25,29,42,52;54,56;58,71. -> 1
2;23? -> 1
1,3,8,14,18,23,26,29. -> 1
24. -> 17
0]2,3;15. -> 1
2,8,11! -> 1
3,10,15;26. -> 1
15,18,25. -> 1
2,3,5,15,23? -> 1
2,4,9,13,19,29,40. -> 1
11,16,18,24,25,39? -> 1
1,2,8,14. -> 1
16,17,20,24,29,32,38;51;59,68,85,89,90,92,94. -> 1
0]4,6? -> 4
2[2,2]4,5. -> 1
1-4,5? -> 1
15-24,26,28,32. -> 1
2,11,13. -> 1
1,2,4,11,16,19? -> 1
5;10,15,25. -> 1
3,8,12;16;24. -> 1
2,4,7,16,19? -> 1
18,39. -> 3
3,4,6,9,12,16,33? -> 1
6,9,17. -> 5
4,6,15,18;30. -> 1
6,18,24. -> 2
2,5,8;12,16. -> 1
5,12;16,23. -> 1
3,4,17,30? -> 1
11,16:24,28,34. -> 1
6,7,8. -> 2
21,31,32,33,34,41;55,65,70,73,85,88,91,94? -> 1
1,2,14,15,19,25. -> 1
8,13,17,21,22,24,32. -> 1
8:23;24,28,43. -> 1
3,5,6,15,16,22,30. -> 1
3,5,11,14,18,22;32,40. -> 1
5,12;17-18,22. -> 1
13;21,27.28. -> 1
1,3,6,8,14. -> 1
2,6,8;17. -> 1
3-11? -> 1
4,8,10,13,15,18;22,29,33,45,61,62,63,65,67,69,81,85,89,94,98,104,107. -> 1
0]13;14,25,29,37,52. -> 1
1,2,9,13,15. -> 1
8,18,27. -> 2
5,15,23,34? -> 1
14,15,17,21,24-25,29,34:35,38. -> 1
2,7,9,13,28,39,48. -> 1
6;24. -> 1
5,7,13;22,33. -> 1
9,22,32. -> 1
1,10;15:31,36. -> 1
4,12,19,28,38,45,46,54,59. -> 1
9-10-11-12. -> 1
5,6,9,12,14? -> 1
22,33,34,36,47,51. -> 1
6:9,18,24. -> 1
4,8! -> 23
6. -> 1717
7:8,10,17. -> 1
2,3,8,22,30. -> 1
6;7,9! -> 1
7:22. -> 1
7,10,23. -> 1
9,10,12. -> 1
1,2,5,14. -> 6
0,2. -> 1
6,8,22,25,37,38,41,46,47,51,58,67,71. -> 1
1,3,7;17,20. -> 1
0]1,4,9! -> 1
4,16,21,25,33;51. -> 1
10,19,24,37,46. -> 1
5,6,8,13,18. -> 1
5,6,11,20[21]21. -> 1
8,16;23,32. -> 1
2(8)16,20,28,33. -> 1
5,6;9,20,25. -> 1
8,14,19! -> 1
14;21,36,37,39;43,55;57,66,77,83,89. -> 1
6,8,14,19,25. -> 1
6,12? -> 6
4,9,16,21. -> 1
3,6,8,15;20,26. -> 1
7,27:34,42,50,54,63,75,81,84,86,88,94,104,110. -> 1
7:13,15,17,31,34,43. -> 1
5,12;27,38,47,53,63,70;85,99,105:114,121,123,129,132:142,149. -> 1
4,5,9,15,17,19,20,22? -> 1
3,8-9-10. -> 1
1,4,5? -> 10
2,8,26. -> 1
8,13,16,23,33,41,43,50,56. -> 1
12,15,31. -> 2
5,7,21,27,35,37,42. -> 1
3:7. -> 7
0]10,14. -> 1
4,11,21;25;28;31,39,46,53,58,61. -> 1
6,11,16. -> 7
1,13-15. -> 1
4,7,22,23,25,27,30. -> 1
9,10,13. -> 3
8,15-18. -> 1
12,22,27:28,39,46. -> 1
3,9,12,18. -> 1
12,15,20,27. -> 1
3,10,11,17. -> 1
5,11,14;21,31. -> 1
1,4,8,11. -> 2
5,8,12,18. -> 1
8,10,13,20. -> 1
3,5,8,11;20. -> 1
2,13,20;21,31,37,44,51,59,71,79. -> 1
8,12,17;28. -> 1
1,4,22;26,32,35,38. -> 1
10,14,20,26? -> 1
2,6,22,36:53,65. -> 1
6:17,24. -> 2
4,9,15,23,29? -> 1
9;23. -> 4
3,5,20,22,24,26,28,32,44. -> 1
9,25? -> 2
7,15,28,40,47. -> 1
5,6? -> 66
2,3,12[13]13? -> 1
3,7,11;25. -> 1
6,7,15,20,30,39,45. -> 1
7,10,18,25! -> 1
8,15;17,23,26,31,38,40. -> 1
11,17,23,46. -> 1
2,14. -> 22
24.25. -> 3
1,8,11. -> 8
9:16,20. -> 1
4;5,9,13. -> 1
1,14,35? -> 1
3,9:17(27)37,39:40,47,51. -> 1
5,7,9,18,44,52,59,63. -> 1
4,6;16,28. -> 1
1,2,7,8,10,11,32,46:57,63,70;73. -> 1
4. -> 2684
5,10,29. -> 1
2,4,10:16,25,29. -> 1
16;17,29,33,42. -> 1
3,5;9,12(17)17,30,39. -> 1
4,5,8,17? -> 1
2,14,30,44. -> 1
4,5,17,24,27,30,37,44,50,58,61,68. -> 1
0]9.11. -> 1
5,25,36. -> 1
0-0-0-0-0-2[3]14,26,42,43,45,53. -> 1
2,3;12,15. -> 1
7,13,21;28. -> 1
6,11,26! -> 1
1,2,16;26,31. -> 1
3,4,5,8,17. -> 1
8,11,12;19? -> 1
1,2,6,13,15,16,20. -> 1
1,2,6,8,19,28. -> 1
8,17;21. -> 1
8,13,25. -> 2
5,6,17,29,32:36,37,50,64,69,77. -> 1
18,21,24. -> 1
1,6,18. -> 2
1,5-7;8,12,18,23. -> 1
4,6,9,11,14,16. -> 1
3,4,14,17,20? -> 1
3,4,13,22,29. -> 1
0[3,13. -> 1
12,13,23. -> 1
1,10,15,29. -> 1
5,9,14,18. -> 1
6,9,21? -> 1
6;9,19,23,25,29. -> 1
7,13,18-20,31,43,50,56,67,73,80. -> 1
6,14,19,29. -> 1
6,18,31? -> 1
5,7? -> 35
9,10,14;17,20. -> 1
4,8,10-11,22;24,28,46. -> 1
12;26. -> 2
9,22? -> 3
1,2,7;16,16[19]23,31. -> 1
2,17,30,31,34,41. -> 1
1,2;7,9,10,13,20. -> 1
3,9,13;19. -> 1
1,2,5,8,12? -> 1
0]20:23! -> 1
6,11;16,19. -> 1
8,25. -> 5
7,20,28. -> 1
9,16,22-24. -> 1
1,2,8,18;26,36? -> 1
7,9,12,18:27,42,50:53,68. -> 1
3,4,6,9;23,27,30. -> 1
2,5,9. -> 13
7,9,10. -> 2
4,6:17,18,20-23,28,31,37;47,49-63,67:71,76.77. -> 1
19,42,47. -> 1
1,7,13. -> 6
3,4,6;14,21. -> 1
7,9,14,21,29. -> 1
5,9,12. -> 5
1,6-7,8,14. -> 1
2,4,12. -> 11
1,2,10,18,25,29,41. -> 1
17,20? -> 1
5,10,12,23. -> 1
9,17,21. -> 1
8,17,19;28,37,39;49,54:58? -> 1
1,2? -> 101
4,13-17:24? -> 1
4,5,13,18,21,31,37. -> 1
6,8,13. -> 3
8,20,24,28;30,36,39;49,56. -> 1
3,6,17,23,26;31,43,50,54. -> 1
1,5,6,10! -> 2
5,11;15,17. -> 1
1,7,11,12,14,20,28. -> 1
5,10,13-20,27,35. -> 1
1,8,14. -> 9
0,4,7,14,23? -> 1
11;27,31,39. -> 1
6,9;12,17. -> 1
0[2,3.3] -> 1
10,11,13,21,22,24? -> 1
9,20,26,29,36. -> 1
2,10,11,13,20,34. -> 1
1,3,6,10,16-19,24,37,47! -> 1
5,11,15;30. -> 1
3,6,12,15,24,39,40,44,48,50,51,59,74,80,87. -> 1
10,18,24-26. -> 1
6,9,13? -> 2
0-0-0-0-0-2,3,8. -> 1
4,6,19,23. -> 1
2,3,13,15? -> 1
1,2,8,16. -> 8
1,3,5,9,13. -> 1
0]1,2,9;12. -> 1
3,4,8,18.28. -> 1
8,12,18. -> 3
5,7,14,18,31,47. -> 1
5,6;8,13. -> 1
2,6,10,20. -> 1
12,15. -> 8
7,10,18,23. -> 1
2,3,8,16. -> 6
8,12,14. -> 1
2,3,13,16,19,23,45,54,72,76. -> 1
13,18,24:27,31,37. -> 1
16,25,33,46;62. -> 1
7,8,10? -> 3
4;8,12. -> 1
2,3,5,6! -> 1
2,3,7,14. -> 2
19,31. -> 2
1,3? -> 101
5,7,9,17. -> 1
3,5,8,17,23,25,27,29,37,43,58,67;72,76,81,90,100,110. -> 1
4,17,25;27,35,42. -> 1
3,8,15,24. -> 1
12;24. -> 3
2-3. -> 10
7,8? -> 32
4,8,13,26. -> 1
1,5;14:20,29,32. -> 1
1,5,6,14. -> 1
1,10,11. -> 1
9,11,29,35,36,38. -> 1
8,16? -> 12
3,12,16;21,27;29,32,37,45,54. -> 1
2,4,10,18;27,31;41,49. -> 1
7,16,21,29,34;41,44,60,67;74,83. -> 1
7,10,17? -> 2
3,7:13,18,23,29. -> 1
8;26,32. -> 1
1,2,12,23? -> 1
1,3,5,11,20,27? -> 1
9:9[13. -> 1
3,6,12,15? -> 1
4,16,20? -> 1
1;13. -> 1
2,3,19,23,35,40? -> 1
1,9,25. -> 1
1,8;10,15,20. -> 1
6,10,12,17,24,30. -> 1
11,13,16. -> 2
2,4,8,10,14,16,21,25,31,34,35,40,46? -> 1
2,3,7,14,20,30. -> 1
2,7,12;13,23,32,41,49;56,62,74,86. -> 1
5,10,15,21. -> 1
1,10,17! -> 2
3,6! -> 43
9,18,31,35. -> 1
1,11,27,33-34. -> 1
5,8;12,16,23,30. -> 1
1,9;14,17.18,21;32. -> 1
2,3,5,6,12,20. -> 1
5,9,13-16. -> 1
1,2,3,10. -> 3
17,25;29,36,39. -> 1
13,18,21,24. -> 1
1,7;14,20,22,24,26,27,30,36. -> 1
7,21,28. -> 1
13? -> 79
4,19,22? -> 1
1,6,15,22:31. -> 1
17(20-21)41. -> 3
2,17,18,23,27-32,41. -> 1
6;9! -> 3
0[2,4. -> 2
1,4:9,14,30,38,48,56. -> 1
5,6,9,16. -> 1
5,14,15,16. -> 1
8,11,17,23. -> 1
8,17,27. -> 1
6;9. -> 12
11,16,20,34;46,56,59,66. -> 1
4-5-10. -> 1
4,18,34,40. -> 1
3,5,14,22,29,34. -> 1
8,15,20? -> 1
4-16;20,25,34. -> 1
5;8,16-19;23,31,41,46. -> 1
1,2;3,5! -> 1
5,6,11,17,20,22,30? -> 1
9,12,15,26,27,29,35,39,43,47,51,57,65,68,72,87? -> 1
3,4,5,6,8,15;18,21? -> 1
0]8,9,17,19,25. -> 1
7;15,22,33,42,46;56,65;74? -> 1
6,15,21,24. -> 1
2,3,4,5,7,8,24,27,30,42,44,50. -> 1
2,3,12,24. -> 1
3,4,5,7,10;18,26,33. -> 1
7,8,13,22,30:31,37,43,52:56,61. -> 1
5;6,7,8. -> 1
2,3,4,9;24,32:38,40,42,45;47,50,55,65,82;83,85,91,94,97,108,113,118,125. -> 1
7,13,17,22,32? -> 1
3,7,12,15,20,24. -> 1
9,16;23,29. -> 1
9,13? -> 6
2,3,9,19:36. -> 1
1,4;7. -> 4
17,32,39. -> 1
1,3,5,6? -> 1
1,2,9,17,22,25,29:35,42. -> 1
1,8;23;31,34,37,41,46. -> 1
9,11,15,22,26,29,33,39. -> 1
5,10,26,32,35,39,43,46,51,65,68,72,74,77. -> 1
3,13;26. -> 1
2[3]19. -> 1
3,5,13,24,28,35,41,45. -> 1
10,22:34. -> 1
2,4:7,12-16-17. -> 1
4,7;11,14. -> 2
1,2,6,10,16:17,19,25? -> 1
4,8,13,22,23,25,34. -> 1
1,2,5,10,14;24,31,41,49. -> 1
6,12,14,17. -> 1
7,12,20,32? -> 1
1.14;15,16,22,23,26;32. -> 1
1,19,23,50:62,67,78,87. -> 1
14,19;39,43. -> 1
5,10:10[11.11] -> 1
6,11? -> 9
4,6,8,19. -> 1
1,4,7,15,25. -> 1
5,7,9. -> 14
6,9,11,13,21. -> 1
0[4,6. -> 1
0]8. -> 23
8(10)14,17. -> 1
5,9,11,23? -> 1
2,3,12-13-14. -> 1
12,19? -> 4
1,2;4;7. -> 1
1,18,24,42,53,58. -> 1
3,4,14? -> 4
4,8,11. -> 1
1,2,4,12. -> 1
2;4-10;13,18. -> 1
1,2,13-17,27,33. -> 1
1,5.6,9. -> 1
6,12,21,27,33,38,41? -> 1
1,3,12;15,16,21. -> 1
2,8,13,21,35,49. -> 1
6,10,19,20,22,26,31,36,37,41,46,54. -> 1
3,5;7,11. -> 1
4,5,6,7,10,12,21,24,26. -> 1
1;4,5,13,18. -> 1
14,24;28? -> 1
12,16? -> 4
6,11,16,25,31,42,46? -> 1
1,5,11,16,20,24,28. -> 1
2,3,12,19,25,31,40? -> 1
5,13,17. -> 5
11,17,34,42. -> 1
1,2,13,15,24,32,45,53,60,71. -> 1
1.5,9:11,19,28. -> 1
11,13,15,19,31,39,44,52,55,59,69;83. -> 1
8;13,15,23-24! -> 1
7,13. -> 85
14;27,32. -> 1
4,10,20,28,37:54,61,69. -> 1
3,7,8,9,16. -> 1
1,13,21. -> 2
6,15,27. -> 1
6,7,10,21,29. -> 1
4,12,17,24,29. -> 1
1,4,6,8,10,15,18,21,24,28,35,42,49. -> 1
1,4,9,10,18:21;24;30;36,41. -> 1
3,5,11? -> 3
6,9;13,14. -> 2
1-8;10,22,37. -> 1
6,9;17. -> 2
2,9. -> 133
1,5,8,12,15,19,23,29. -> 1
1,2,4,9. -> 12
5,11;23. -> 1
1,2,10,25,28,34,52,62,67. -> 1
1:3. -> 2
3,4,12,24,25,37,40,44,53,63. -> 1
1,15,25. -> 1
2,3,7,11. -> 3
8,14,20:25,29,36;47. -> 1
2,12;19,26-27,32. -> 1
3,4,7,9,11? -> 1
8,21,34. -> 1
2,5! -> 36
5,27. -> 2
8,13,20;28,35. -> 1
0-0-0-0-0-8,14,18,31. -> 1
2,9,15,17,24,33,47? -> 1
2,4;9:17,23,28. -> 1
10;27;51,60;63,69,72,75,84,94. -> 1
5,6,9,15,29. -> 1
5,8-15,22,30,40,44. -> 1
3,6,22,37. -> 1
6,26. -> 3
6,18,20,25,30,32,41,48,49,56,61? -> 1
5,7,11,15,23? -> 1
7,8,11,15. -> 1
2,4,16,19,22,29,33,36-38:46,50,53,60. -> 1
3,9,17,26. -> 1
2,10,26,44. -> 1
4,14;15,17,28. -> 1
7,15,19? -> 1
2,3,5,8. -> 3
9,13-16. -> 1
9,12-13,16. -> 1
1,8,14,22. -> 2
12,23,25. -> 1
1,8:18. -> 1
9,16,29. -> 1
25. -> 15
1,2,6,8,13,22,25,40,50,56. -> 1
4;10-11. -> 1
3,4,6,9,12,17. -> 1
5,6,18;24,39,43,47,60;70,77. -> 1
1,2,7,14? -> 1
3,5,7,12,17. -> 1
8;17. -> 10
2,3,4,8,14,18:21,25,30? -> 1
5,13,35[36]36. -> 1
18,26,30,37? -> 1
1,3:9,21. -> 1
1,3,5,13,19. -> 1
1;6;9,17,24. -> 1
7,8,10,12,16,23? -> 1
3;5,6,10,11,17:33,38? -> 1
4,10:11,13. -> 1
4,9,25. -> 3
1,2,5? -> 24
2,3,6;20? -> 1
1,2,6,8,13,17,21,22,24,28. -> 1
3,4,8,20. -> 1
3,4,7. -> 34
1,10,21,29. -> 1
10,28. -> 3
4,6,12,18,25,30,35;51. -> 1
13,15,21,26,34,35,43,48,56! -> 1
3,4,10,15:26,38,51;56;68. -> 1
1,6,7,8,12,18. -> 1
3,4,5,7:12. -> 1
1,3,4! -> 32
2,8,10,32;47. -> 1
2,4;10,14,15-19,23,26,30,35. -> 1
24,34. -> 4
16;31,35. -> 1
6,15,21,37,44,65,72,86,94. -> 1
1,5,6,8,16;23-24,32,40;50. -> 1
15,24,32,40,44,49. -> 1
5,9,13,20,21,29[30]30. -> 1
7;10,14,23,26,31,39,47,49,54,64? -> 1
7;15,20,25;27,29,34. -> 1
7:9,14,19,29. -> 1
9,11;20,21,22. -> 1
4,5,12,18-19:24,40. -> 1
11,15,20,24? -> 1
1,2,3:8;10,19? -> 1
2,3(6)6,7,11,13. -> 1
1,11-15. -> 1
1,7,14,25. -> 1
0-0-0-0-0-2:3,5,7,8. -> 1
5,11,24? -> 1
3,7:11,15. -> 1
7;15,29. -> 1
15;22,27,29,38,44,51,57. -> 1
2:4,6,10. -> 1
18;35;41-45-49,51-53,60,74,83,85-89,96,114:120. -> 1
4,16;28. -> 1
5,7,22:28,32,48,55;57,62,67,78. -> 1
6,16,21[22]26;30,36. -> 1
6-11,12,15,23? -> 1
6,17,20-25,26-32. -> 1
2,7,11,14. -> 1
1,3,4,5! -> 3
0]2;9,12. -> 1
1,2,3,4? -> 1
16,20,26,35. -> 1
6,10,19,24,35,44. -> 1
4[8,14. -> 1
1,13,18. -> 2
4,8;10,16,17,26,34,36,48.49. -> 1
9,12? -> 4
11:16,20;25,31. -> 1
1,2,6;8,9-33,39,52. -> 1
2,9;17,20:20[21. -> 1
4,6,9. -> 15
2,4:11. -> 1
2,3,13? -> 2
6,11,22. -> 3
3,7,15! -> 1
4,5:12,15. -> 1
3,8,12,23. -> 1
9,17,27,35[36]36. -> 1
3,16,22. -> 2
3,6;9. -> 4
3,7,10,13,23;28,32. -> 1
10,24,34,44,57. -> 1
7;14;17-20,22,26,30. -> 1
1,2,8:11,13,19,46. -> 1
6-7,16;24. -> 1
5,11,15,22. -> 1
3,9,16. -> 5
4:9? -> 3
0-0-0-0-0-1,2,8,20,37,44,53;54,57,75,80? -> 1
3,4,8,9,15,19,21. -> 1
8,15,27,39,60. -> 1
2,5,9? -> 3
5;18,25-26. -> 1
10;18-20,26,34. -> 1
9,11,19,24,30? -> 1
4,5,8,13. -> 2
14,18,23,35,40,44? -> 1
4,8:18,24. -> 1
9-11,27,34,38,48? -> 1
5,12? -> 9
8;17;19,24,28;34,39. -> 1
4,8;13,19. -> 1
4,5:8. -> 2
6,8,12,16. -> 2
9;13,20,23;30-44. -> 1
3,5,18,23,31. -> 1
1,3,6! -> 7
2,4,8,25,30,36,46;54-60,67-73. -> 1
1,3,8;20. -> 1
2,4,12,16. -> 2
10,19,27,35. -> 1
0]1,2;3,4! -> 1
1,2,5,17,23:24,28,33;37. -> 1
9;18? -> 1
3;5,11. -> 1
5,18:28? -> 1
19,27,35? -> 1
3,6,7,9,17;21,23. -> 1
4,8,15,25? -> 1
9-13,19,36,50. -> 1
3;4,8. -> 2
1,18! -> 5
1,6;14,18,27? -> 1
6,15.20,23,27,32;34,39,52,55. -> 1
8,17;25,33:35,39,40,43;54.55,63,69,78,85;94,98,109. -> 1
4,6,12,15,17,20,28,34. -> 1
5,6-10-12,29,31:47. -> 1
2,4,11,18,21,25,31. -> 1
8,19,26,34. -> 1
4,12,18. -> 3
9;13,15;19;25,28,32. -> 1
10,17? -> 6
1,2,4;7. -> 2
11,14,18,24. -> 1
2,16,20. -> 1
1,5;6,10. -> 2
4;5,10-12. -> 1
3,5,14? -> 4
1,2,6-13. -> 1
7-8;17,25,27,29,32,39,47. -> 1
6,9,17,18,21,39,47,53,57,66? -> 1
3,4,6,13,25,30. -> 1
10:11,25,30,37. -> 1
2-3,7. -> 1
7,14,15,18,30. -> 1
3,13,19;33(35)38:45,52,59,67,78,80,89. -> 1
3,5,10,11,15? -> 1
2,3,4,12.13. -> 1
8,10,17;25,38:43,49,54,64? -> 1
1,2,3,4,9. -> 1
3,4,7,11;15,19,24. -> 1
4,10,16,18,20,22,24. -> 1
3,16,26,28,32. -> 1
9;21,35.36. -> 1
1,5,26! -> 1
11,18,22,38;45,51,66,69,73,78? -> 1
4;27,35.36. -> 1
6,15,23,39. -> 1
9,9[14. -> 1
4;9;20;23-30-34,40. -> 1
5,13;19,24,32. -> 1
4,9,18.28,35,43,50. -> 1
4,5,6,9. -> 2
5,9,13,16,18,24. -> 1
6,9,14,18. -> 3
11,13;15;22;36;45;51;59,63. -> 1
1,2,14,22,28,31? -> 1
5,11;22,40;47. -> 1
5,15? -> 5
4,8;12,16;20,25. -> 1
11,12,19,31. -> 1
4,7,9,15. -> 1
1,4,10;21,31,37,43. -> 1
8,21:25,39. -> 1
8,16,22,31;39,43,49,67,76,80,88;91,92;95,96. -> 1
10,11,15.17. -> 1
1,4,11,21,25,29,36. -> 1
8,16,28,46,49,54,62. -> 1
1,1[3]4. -> 1
5,23! -> 1
3,5,17,29;44,49,60[61]61. -> 1
18:26,33,47,56,63:78. -> 1
9,15;23,27,28,29,44,50,53,54,59,65. -> 1
2,5,7,9,11,12;15,30,39;58. -> 1
9,17:26,37. -> 1
10,16;25,34. -> 1
6,13,23,33,38,55. -> 1
9,15,23,29:40(43)63. -> 1
4,10? -> 29
6;11,14,19,27. -> 1
1,3,14,18;21? -> 1
5:14,23,35? -> 1
4,6,13,18? -> 1
8;16,18,21,24,27,31? -> 1
2,5,12,19,26,32. -> 1
1,3,10;11,25. -> 1
13,28. -> 3
1,19,23. -> 1
8;13. -> 12
3,4,5,11,18,28. -> 3
1,2,3,4,6,15! -> 1
5;6,7,8,9,12. -> 1
2,16,20,32,40. -> 1
5? -> 916
1,6,11:17,24! -> 1
2,6,11,16,23,26. -> 1
2,9,26? -> 1
6,8,10,12,14;18,22,25. -> 1
2,4,10? -> 9
7,11,18,21,38? -> 1
3,4,6,7,8,9,10,11,12,13,16,24? -> 1
1,5,11,15,29. -> 1
5,10,25. -> 1
3,5,11. -> 8
1,2,4,12,21,24. -> 1
1,3,9,14. -> 2
3,4,10,16,21. -> 1
6,12,22. -> 1
10,12,16-18. -> 1
16,24,32. -> 2
2,3,14,17,20. -> 1
1,2,12,18,24,28. -> 1
5,22,23,26,40. -> 1
6,11,12,23,31. -> 1
3,6;16;25;28,32,41-48. -> 1
11,12,15,23,34. -> 1
14,23:28,31,38. -> 1
11:13,15,18. -> 1
11,23,26,39. -> 1
10,11,14,22[23]25,30,51. -> 1
5,18! -> 1
2,4,18,22,28,32. -> 1
10,11,15,17,23:33. -> 1
0-0-0-0-0-13;28,32,36,39. -> 1
7,9,11,23.24. -> 1
5,22. -> 4
4,5,11,21;34,43. -> 1
3,4,6,9;14. -> 1
13,20,27? -> 1
1,4:10;12,13. -> 1
8,14.16,20,28,37! -> 1
1,2,13? -> 3
3,10,19,23,25,27,31,35. -> 1
0]3,7,10,13,15. -> 1
2,6,10:25,34,39? -> 1
4,7,11,15,29? -> 1
1,3,4. -> 39
11,21,26,37. -> 1
4:7,8,16. -> 1
6.10,12,15,20? -> 1
2,4;5,10. -> 1
2,3,8. -> 40
4,21,35,45. -> 1
8;10,12,16,18. -> 1
7,14,20,38. -> 1
1,4,12,27,41,47,55,61. -> 1
2,3,5,20,31? -> 1
1.3,4. -> 1
12,14,17,23. -> 1
3,4,7? -> 22
3,4,6,13,22,31,32,35,45,55,61,67,77,83,90. -> 1
2,11,24,28. -> 1
14,20:29,37,46,54. -> 1
10;20,26. -> 1
1,3,6,27,28,29,36,40,49:53,60,67;68,69,79,86,94. -> 1
3,4;7,9. -> 1
3,6,13. -> 6
1,3,12,22,29,38? -> 1
5,8-17,27,38,42,46,49,55,59,62[63]63,65,74,77,81,82,84,90. -> 1
0-0-0-0-0-2:11. -> 2
2,3,4,5,6,8. -> 1
0-0-0-0-0-2,4. -> 2
3,6,10,15,20. -> 1
3,6;11,15. -> 1
1:9. -> 2
3,4,10,15. -> 2
3,10;22:36;44,51. -> 1
1,2,6,35:49. -> 1
14-15,20. -> 1
6,24,31,37! -> 1
2,4,7-12,15. -> 2
4;14. -> 16
4,8,10,12,18. -> 1
3,4,8;12,17. -> 2
1;3,5,11,20. -> 1
6,8,13:15,21,32[33]33,40,48,64;91,96. -> 1
8,18,28,33. -> 1
1,2,4,27. -> 1
4,11,14;18,21,29. -> 1
5,6;13;18,26,29,30,34,38. -> 1
7,11,13,25. -> 1
2,3,15-16? -> 1
10,16,22. -> 1
1,4,5,10,19,20,23,27;39,43;60:62,65,78,83,89,96,112,121. -> 1
2. -> 5868
1,24,31. -> 1
6;17. -> 8
18,25:33,37,41,48,53. -> 1
0-0-0-0-0-0-0-21,28,35,43,47,58. -> 1
1,6,12.13. -> 1
0]1,4,7;7[10. -> 1
5,7;11;16,21,27. -> 1
1,5;13,17,27. -> 1
2,6,12,20,27:32,41,47;54,55,59? -> 1
4,5,6,7,8,11,16. -> 1
1,2,3. -> 91
5,6,8,17. -> 1
1,5,14,19. -> 1
10,14,16,19,24? -> 1
9,14,17,23,25,27,31,34. -> 1
4,6,11,18,21,23,36,42. -> 1
8,16,17,20. -> 1
3,11:17,25. -> 1
7,16,25. -> 1
21,27,37. -> 1
2,8,11. -> 3
3;5,7,9. -> 1
1,6;14:16,17,22,31. -> 1
4,31. -> 2
1,2,14. -> 13
11,16;22;23,28,33,46;59,60,63;66? -> 1
2,3,13,15,17,23? -> 1
4,5,12,18,25,27,39! -> 1
5,7,18;27,34. -> 1
0]3,4,9. -> 2
3,7,11,14,16-24,29;37,42,49. -> 1
0-0-0-0-0-3[4]14-18,29,35,40,50. -> 1
7,9,10,15,19,23,27,30,34,40,48,52,56. -> 1
2,21;22,24,34. -> 1
1,2-4. -> 1
3,4,5,7;9,10,11,12,13. -> 1
12,29,34,42. -> 1
4:12,14-15. -> 1
19,27,31. -> 1
4,8,10. -> 4
6,11;12,13;14,15;23-30-31. -> 1
11;13,21,24. -> 1
11,19? -> 6
8,12,17,26,34. -> 1
7,11,16? -> 3
6;13,30. -> 1
3,9,12;18,22,27,33,44,53,56,58. -> 1
13,16-22. -> 1
3,4,16,29,36,44;49,52,57,62,69;80,89,95. -> 1
16,22. -> 6
3,10,11,15,20,22,27,33. -> 1
5;9. -> 30
3,4,6,7,11,18? -> 1
7,23,30;47,60,80;94,100,102;107,111,114,126:128,129,133,138,144,147? -> 1
1,4,9,24,26,28,43;50,60,67,68,75,81,98,105,119,132. -> 1
3,6,15. -> 4
1(4)5. -> 1
16:24,29,35. -> 1
1,10;16,25,28. -> 1
1,4,6,20! -> 1
2,4,5,7,8,15:23,36,41,45,55,62. -> 1
8;11,19. -> 1
2,10,12,16,27,32,41,65. -> 1
7,13;18. -> 1
2,3,11;14. -> 1
15,40,54;55,61-62,68,77. -> 1
6,12,19. -> 4
21? -> 6
5,6,14! -> 1
1,2,3,8,12-16. -> 1
2,3,11;17,18,23[24]24. -> 1
1,5,13,21,22,26. -> 1
5:8? -> 3
1,4,17. -> 8
1-2-3,4! -> 2
9,17,27,31,35. -> 1
4,17,21;29,42! -> 1
14-18-19,32. -> 1
2,10:25,32,42,47-48,56. -> 1
7;11,17,34. -> 1
1,3,17;20,21,39,50. -> 1
2,5,12,19,26:32? -> 1
5,10;15-16,22. -> 1
17,21,28,36,40,47. -> 1
4,8,10,17,20! -> 1
4:7,18:26. -> 1
1,2,18. -> 5
3,8;9,17,19,21,25. -> 1
3,4;11,17. -> 2
2,6,9. -> 18
6-7,12,15. -> 1
6,8,9,25,27,30,37,41,47,56,70,76,81,90,93.98,110,119,123,125,135. -> 1
3,4,11? -> 8
3,8,9,12:14,16,18,21,27. -> 1
17-19(20)20(21)42. -> 3
7,9,21;28;34,37,41,44,51,61,67,74,84,88,91. -> 1
1,2,8;13,18. -> 1
3,4,11,19,23,33[34]34,40,43,48,65,80? -> 1
4;6;15. -> 1
0-0-0-0-0-17,19,23[24]24,30. -> 1
1,4,9,17? -> 1
1,12-13,25. -> 1
5,12,25,30! -> 1
2,6,8,11,13,20,24. -> 1
2,3;6,14;15,22,31. -> 1
14,18,21,25,26,34. -> 1
6,10,18:26;35. -> 1
4,6[7]8,23,30,33,37,41,50. -> 1
1,9,10,12,16,20,23,27,32,36,44,54,63,67,71. -> 1
1,3,5,8;12,14. -> 1
0-0-0-0-0-16. -> 1
7,17. -> 47
6,10,21;31,35. -> 1
9,24. -> 7
5,5[7. -> 1
5,9,13,17;28. -> 1
3,6,12,15-25. -> 1
1.2,4;5. -> 1
2;16. -> 4
1,3,8;12,20. -> 1
1,4,5,8;13,16.16[18. -> 1
1,7,8,9,13. -> 1
1,9,18? -> 4
5,7-10,13,16,17,19,20,28,31,35? -> 1
0]2,7-8-14. -> 1
1,5:13-15,22,38. -> 1
5,8,9,10,12,19,23,26-27? -> 1
6,10,16,24,32,37,44,52? -> 1
4,9,18,23,31,39,49;64,70. -> 1
3,4,6,10,15,16,18,25,32;36,40. -> 1
1,21,40;48,53,60,73,84. -> 1
4,5,7,10,15? -> 1
9,9(14,14)21. -> 1
14-15;24,33-34. -> 1
4;10. -> 51
1.4,14. -> 1
13,27,31-36. -> 1
4,8,12:21,31,36,45. -> 1
6,14;20,26,31. -> 1
3,4,6. -> 22
1,5,7:8,14,22,32;36-45. -> 1
9,13:18,23. -> 1
5,13;21,26,30. -> 1
1,4,11,19. -> 1
7,11;13,14. -> 1
3,6;8,12;17. -> 1
6,8,14,23;30. -> 1
1,11-15,19,26,33. -> 1
0-0-0-0-0-3,4. -> 1
2,3,5,6. -> 1
2,3,8,9. -> 1
3,5,8,10,15,17,19. -> 1
1,4,8;15,35. -> 1
2,13,21,22,33:34,35,48,55,58. -> 1
4,6,9:10,14. -> 1
0-0-0-0-0-2:5,9,21;39;41,41,44,44,47. -> 1
9,21,27. -> 1
4,9,18. -> 17
7:15;31. -> 1
5,10,18,25,33,40,45,48,57,64,65,66,81,82,90,99;121. -> 1
10,16,26,35? -> 1
4,8,9,16,30. -> 1
4,5,11:13,14,19. -> 1
12,19;23,24,34,44. -> 1
14,21,24,28,33. -> 1
2,4-5,8? -> 1
11,16,17,27;32,36. -> 1
1,4,12,20;26,31[32]32. -> 1
2,18;25,38,48;54,67,76. -> 1
2,4,12,16,19;31. -> 1
9,12-18,21-26,28,31,36,43,51,63-68-73-82,84,129,130,131,132,133,134,135,136,140:145. -> 1
2,8,17;26;34;43,50. -> 1
9;13,34. -> 1
5,8,10:14;22;27,41. -> 1
7-8,13. -> 1
8,16,21,24,28,31,38,46,49,59;73. -> 1
2,7,11,18. -> 1
8,10,19. -> 1
9,21;25,35. -> 1
1,5;9,11. -> 1
10,12,14,20:39. -> 1
6,9,15;21,27,30,33,38. -> 1
0-0-0-0-0-12,14,15,35;38[39]41,44,49. -> 1
16,23,30. -> 1
4,5,15. -> 8
4;6,8! -> 2
10;18,22,28. -> 1
9,13,15,16,20,22,33. -> 1
1,4,15. -> 6
4,7,10,12. -> 1
2,4,13;17. -> 1
3,6,13,19. -> 1
1,3:9,14,22.23. -> 1
2,3,17,22,25,29,41,43,46,58,66. -> 1
4,9;14,20:29. -> 1
11,18,23,27:35. -> 1
2:13,24,31? -> 1
9,21,30;32,40,56,74,85,97;111. -> 1
8,11,13,20. -> 1
10;11,19. -> 2
4,10,19,29,37. -> 1
11,18:40. -> 1
6.7,8,9,20. -> 1
18,32. -> 2
6,19,31,46,56. -> 1
2,9,19! -> 2
2,3,7,12? -> 1
4,7;10,13,23,41,42,44. -> 1
1,6;14.20,29,31,36,40,44,51? -> 1
15,20? -> 1
3,6,16,25. -> 1
3,4,13,23. -> 1
15,30;47;56,60,64. -> 1
1;7? -> 1
2,6,13. -> 7
1,7,13;20,26,30,34. -> 1
11-13,15,20,27,35,51,55,67,70. -> 1
13,16. -> 5
8,14,19,26:36,42,45,51,55,73. -> 1
4,7,8,9,10,11-12,13,14,15,16,17-18,19,20-21,27. -> 1
2,4,8? -> 14
0-0-0-0-0-2:6,16,26,32. -> 1
5,12:24. -> 1
3,4,12,16,20,34;42,49,53,58? -> 1
18,18(29,35,41,41)49,51,60,64;79,86? -> 1
5,8,14? -> 1
6,11,15,22,29;41,49. -> 1
3;7.11,23,30. -> 1
17,29. -> 1
8,12,15? -> 2
1,2;6,14,23:34. -> 1
16-19-22,31,38,43;48;64,67,76,80,85. -> 1
5,20;28,33,50. -> 1
2;6,8,10. -> 1
2,6,11,12? -> 1
8;10,16. -> 1
1,3,13,21. -> 1
20,26. -> 2
1,2,3,8,30. -> 1
0]4,6,7;16. -> 1
6,14,20. -> 3
8,38. -> 1
7,9,16,22,26. -> 1
15;27. -> 1
6,9,10,11,15,19. -> 1
14:28? -> 1
1,4,15:16,17,21,24. -> 1
4,5,10? -> 6
8;14,19,26. -> 1
6,14,25,31? -> 1
2-3,5,7,10. -> 1
11,22. -> 10
1.2,4. -> 3
3,4,8;12,18;23,27. -> 1
1,2,3,4:5,6! -> 1
2,9! -> 12
15,32,38,45,54. -> 1
3,4,10,12,19. -> 1
4.13.20! -> 1
5,8,10,15,22,27. -> 1
1,3,5,7,9. -> 3
10,17,26;31,34,44,54,69. -> 1
2,4,8,19,23. -> 1
5;6,9. -> 1
4:5,9;12:18,22;27. -> 1
5:17,23;33. -> 1
0]1,2,3. -> 5
2,8;17. -> 2
1,2,9,18,25,30;39:47,58,70. -> 1
19,28. -> 4
1,9,13,18,25. -> 1
14,23. -> 6
2,5,7! -> 1
1,4:16. -> 1
3,4,11,14. -> 1
14,23;38,46. -> 1
9,20,38. -> 1
2,3,10,19,27? -> 1
1,2,4,15,20,27,46. -> 1
6,8;10,12,15;17,19. -> 1
1,7,10(13!13) -> 1
2,4,7,9,14:30.35;42. -> 1
1,5,9,19. -> 1
9;11,18,24,28;30,37,45. -> 1
4;19;30. -> 1
6,15;17,27,31. -> 1
7,8,14,18,25? -> 1
4,9,10:24. -> 1
4,14,18,25,29,30,36,51,59,68,78,99-101. -> 1
9,10;11,13,18-21;32-33,34. -> 1
2,3,5,10? -> 1
9,17. -> 73
23,35,49,57,66,74,83-86,91. -> 1
3,10,17,19-23-24,29,40. -> 1
4,19,21,34. -> 1
4,19,35. -> 1
10[11]11,13. -> 1
7,9,30. -> 1
3-4. -> 10
10,18,32. -> 1
17,22,28;41,53. -> 1
1,11,18,24,34. -> 1
16,22,25,27,32;41,57. -> 1
9,23. -> 15
6,15,29,36;47,56,60. -> 1
0]9,14,28,32;41. -> 1
15;16,19,25,37:39,40;44. -> 1
1,8,15,23,38,43,51-52;60,67,70,75,83,92. -> 1
4,16,18,22. -> 1
1,2,8,18,27;41,45. -> 1
9,17,19,26;35,41. -> 1
3,4,16,17. -> 1
1,7,15. -> 18
4,5,8,23,41. -> 1
0?0] -> 2
4;7,10. -> 1
2,8,21! -> 1
4,6,10,20? -> 1
6,7,12,15,29? -> 1
16,23,26,37,42,58,68,78,80,89,104,110,121,131,135,141,148. -> 1
3:7,10,11. -> 1
6,12,20,29,34? -> 1
2,4.4[5. -> 1
1,11;20. -> 1
5-11? -> 2
3,12,22. -> 4
12;16,22,29,35,36. -> 1
3-7-11. -> 1
5,13,14,22,26,30,37? -> 1
4,5,8,15,22,29. -> 1
1,2,6,9. -> 2
1,4,7,20,24. -> 1
0-0-0-0-0-2:4. -> 8
5:10,14,16,18. -> 1
9,16,31;43,50;60,67. -> 1
4,10;12,14,19! -> 1
2,8,13;20;36,43,47;54,63,70;74,81,90,93,96,103,111. -> 1
3,4,6,12,19,35. -> 1
10,17,26,41. -> 1
12,13,17,33. -> 1
9;24,32. -> 1
8;15,23:27;46. -> 1
1,8,11,17,23;36,37-42. -> 1
3,7,11. -> 6
2,9;13,17. -> 1
4,7? -> 38
5,9,17,23. -> 1
4,9;13? -> 1
7-8,15,25. -> 1
1,2,6,10,15? -> 1
8,11,16,23? -> 1
3,4,15. -> 4
27. -> 8
1,2,13,15,21,34;40,48,53,64. -> 1
3,6,11,15,22. -> 1
1,2,8,10,19,26. -> 1
17,26,35? -> 1
9,16,30,32? -> 1
7,16;25,33. -> 1
3,11,16,19,26. -> 1
2,9;10,13,18. -> 1
5;7,8. -> 1
3,4,6,9,13? -> 1
5,9:10,15! -> 1
1,15,31,48,53,58,61;68,76;80,95,106. -> 1
3,4:11,15;24,32. -> 1
3,14;20. -> 1
3,6,7;8,14. -> 1
6,7,9,12:14,19,28,36. -> 1
1,2,6;8,10,11:15,17,25. -> 1
9,15,20,33. -> 1
4,10,14,21,25,39,46,52,63,74? -> 1
8,15,16,18,21,24,37. -> 1
3,4,11,25. -> 1
10,15.31,41. -> 1
3,15;23. -> 1
5,6. -> 107
4,18:22,27. -> 1
1,10,14,21. -> 1
6;10! -> 3
9,22,32,36,40,47,51:52,60,67,73,80,82;83,90,96,102,109,111,116. -> 1
3,4,9,14? -> 2
3,4,10,15,18,22(24)26,28,32. -> 1
4,9,12! -> 1
9,17? -> 21
4,10,16;21,26,28,30,39,47-49. -> 1
1,4-9,19! -> 1
4,7,11. -> 13
3,4,24,31,35? -> 1
5,6,14? -> 3
5,10,15? -> 1
1,8,12,13,23,31:41;51,63. -> 1
1,2,4;8,16. -> 1
7,9,15. -> 9
3,15. -> 20
11,16,19,20. -> 1
4,16,20,21,27,33. -> 1
7,10,19,26,42. -> 1
1,2,8,9,12,15,18. -> 1
4,8,10,13,20;30. -> 1
14,20,23,27,30. -> 1
12,15,18. -> 1
2,5,17,22? -> 1
2,8,18! -> 1
3,11,14,16,24. -> 1
5,8-9. -> 1
11,23,32,37. -> 1
3-5? -> 1
1,2,4,5;10. -> 1
10,18,35. -> 1
4,5,19,28? -> 1
2:3,4,5. -> 1
1,2,7,13:19,20,23,25. -> 1
1,3,9,27;30,36,37,38,40;41,45,46;47,49,52,55,60,64. -> 1
3,6,9;19,28. -> 1
2,3,15,20,25. -> 1
4,5,9-12,13,14,18! -> 1
9,17,22? -> 1
1,4,8;11,12! -> 1
1,5,15? -> 1
2-6,7,9,17;26,30,39,44[45]45,51,63. -> 1
8,10,18. -> 2
1,6,10;14,22. -> 1
2,3,8,23,32. -> 1
11;17,21,27,31. -> 1
18;27;36,45. -> 1
1,2,19,24. -> 1
14,18,24,30,34,37;38,39,43,52,62. -> 1
10,15,18,19,24,29,41,48,50,54;63,67,69,71,74,84,90. -> 1
2,4,8,23. -> 1
2,6,10,19,22,27? -> 1
8,16,31;35,39,48,57. -> 1
2,6,8,16. -> 1
1,2,3-6. -> 1
12;13,16,23. -> 1
7,23,31,33,38. -> 1
8,16;18,31-33,42. -> 1
4,7,9,19,25,29;38. -> 1
1,3-20,28,36,47. -> 1
18,35. -> 2
1,3,15;24,30. -> 1
3[7. -> 1
1,8,16,20,26,37. -> 1
3,8;29. -> 2
4,5,13,22. -> 1
1,4;8,14. -> 1
6;18,28. -> 1
4;12,16. -> 3
5;23. -> 1
8,9,14;15,21,27. -> 1
7;12,23,30,34,39. -> 1
16,37,45,50. -> 1
2,4,8,10. -> 1
9,12,15! -> 1
4,7,16,19;29:35,39,45,47,51,68. -> 1
2,4,7,12;14,18,20,29. -> 1
3,11,13,16;27. -> 1
15,32,42,48,49,54,64,71,75,77,94,105,117? -> 1
4,6,12,26,40? -> 1
9,10,20,25. -> 1
6,10,14! -> 1
1,3,5. -> 37
10;12,19! -> 1
1,3,12,18. -> 1
3,10,25. -> 1
7,9,23,28,36. -> 1
8,9:30. -> 1
20,23,34,48. -> 1
6,9;11-13,16;18,24;33,41;50,60,62,67,76. -> 1
3,4,9,22,29,34,50? -> 1
6,7,11,17. -> 2
6,12,23. -> 2
10,15,23? -> 1
4,15? -> 8
3,20. -> 4
1,2,6:15,24;28,33,38. -> 1
2,3,6;15,20,27,51,56;58,61,64,66,70,77[78]78,81,88,94. -> 1
2,3,10,24,35,39-40,41-42;56. -> 1
6,13,14,15,19;22;25;33;41,45;48,50;56,70. -> 1
2;14,15,19,27:33,49? -> 1
1,3,9,18. -> 1
6,9,16? -> 1
5,8,15! -> 1
1-4! -> 2
1,3,10,12,22;35,39,49? -> 1
10,19,21,30. -> 1
5,12;28. -> 1
1,2,7! -> 13
6,10,25. -> 2
7,9,14;20. -> 1
4;9,10,11,14! -> 1
3,4:9,12,16. -> 1
4;14,22;36,46,60,67,70,74. -> 1
4:13,14,16,20. -> 1
5,7,18,30.33,37,41,44. -> 1
10;12,14,18:35? -> 1
8;15,21,24,32. -> 1
15;28. -> 1
18,23,26,40,41,42-44,48,56,59,61,64. -> 1
1,2,11,23. -> 1
3,8,13,17,20,31? -> 1
6;17.25,30,34,43. -> 1
3,11. -> 58
2,4,8,9,10,12;18. -> 1
1,2-2-3-3-4-4-6. -> 1
8,9,22? -> 1
3;9;14. -> 1
1,11;17. -> 1
1,7,11;15,19,24. -> 1
1,3,13,15,21,25,34,45,52,59,70,80. -> 1
7,23? -> 1
3,11,15,16,17,25. -> 1
9,15;17,23. -> 1
4,6,8? -> 3
0-0-0-0-0-1,10,17[18]18,28. -> 1
2-3.7. -> 1
6,10;15. -> 1
1,2,3,13. -> 4
1,2,22;47. -> 1
16,20,25? -> 1
5,6,7,9,13! -> 1
0]1,7,18,23. -> 1
2;7,14,20. -> 1
11;25;29,36,39,46. -> 1
3,6,17. -> 3
3,5,10,12,15,18. -> 1
9,10,13,16;20,21. -> 1
4,5;11,17. -> 1
8,16,23,27,29:31,32,37? -> 1
4,11:14. -> 1
4,11;21? -> 1
1,6,26. -> 1
7,11,19,32. -> 1
3,8,9,13,16. -> 1
3,4,8;16. -> 1
3,11,28.32,36,39,45,49,51,57,65,74. -> 1
1,11,15,24,28,32. -> 1
0]9,18,30. -> 1
4,7,9,19. -> 1
7? -> 413
0-0-0-0-0-2:2,3,5. -> 1
2,12;15,16,22. -> 1
7,29;41. -> 1
11,21,32. -> 1
6,14;24,34. -> 1
4,8;12,16. -> 1
0[8. -> 14
4,9,10! -> 1
1,3,7-9,10,16,24. -> 1
4,15;19,27. -> 1
5,8;17. -> 1
4,5;14,15,21,26,32,44,49,56? -> 1
2,5,14;27. -> 1
10,18:19,20,26,29,33:34,36,37,47,56? -> 1
3,25! -> 1
25;41. -> 1
7,9,11,14. -> 1
6;14,16;21. -> 1
0]2.3,7. -> 1
3,5. -> 233
10,16,19;25. -> 1
12,15;26. -> 1
1,2,5,11,18. -> 1
0]3,6,20. -> 1
2,16;21. -> 1
3,4,10,12. -> 1
9,17;25;28,33,39,43,47,53. -> 1
3,10;20,30,35,41-46-52;53,63? -> 1
3,9,21! -> 1
2-3,4? -> 1
1,3,4,5,6,7. -> 1
1,2,4,8,14,15,23,32. -> 1
1,10,21;25. -> 1
3,10,22;23,26-30,39;57. -> 1
7,17,27,40. -> 1
2,10,27,38,44,53,84,96,101. -> 1
1,6,14;29. -> 1
6,14,23,29? -> 1
9;24. -> 2
6,21,26,36,43. -> 1
2,13? -> 3
1,4;6,12,17,21;28. -> 1
8,11,21,26,39? -> 1
0-0-0-0-0-2:5. -> 2
0-0-0-0-0-8,10,16,21,37. -> 1
7,12:17,23,27,30. -> 1
7;15,24. -> 2
8,15,16,17,18,26,38. -> 1
3,4-6,10,15,19. -> 1
7,17,24,35,42,51. -> 1
1,4,6,12,16;19:27:30. -> 1
13,18,23,27,34,39,43. -> 1
8,10,13. -> 1
6;10,16,25. -> 1
7:13[14]18,29,41,48;58. -> 1
2,3,9,13,22,25,31,38,44,49,51,65,76,79. -> 1
3,13;23,26:29,31,33,35. -> 1
12;14,20,23. -> 1
4;14:23,33. -> 1
1:1[5]7,9;12. -> 1
7,14. -> 86
2,3,15,20? -> 1
9;20,23;31,39. -> 1
2,3,9,16? -> 1
5;20;21,22,29? -> 1
5,8,12,21? -> 1
8,9,20. -> 1
4-5-6,10;15. -> 1
3,4,5,6,8,12. -> 1
1,7,10,13! -> 1
6,10,20.21. -> 1
5,13. -> 68
6,10,15. -> 11
3,5,6,9,22,29. -> 1
5,11:14. -> 1
2,3,9,15,23,30,37,44,51,59;68,80,83,94,99,108:110,112[113]113,119,120[121]124,146. -> 1
6,9,14,25. -> 1
8,16,22,26,35? -> 1
0-0-0-0-0-8,13,24. -> 1
14,17? -> 2
8,16. -> 99
1,3,4,12? -> 1
4,17,20,28. -> 1
7,11,24,39,64,72,91. -> 1
4;5,6,8. -> 1
4,6! -> 23
1,8,14,18;19,22,25,31,39,42,46. -> 1
1,17,33;49,61. -> 1
4,7,15,23. -> 1
1,4,10,15,21,23,25,31,36,41. -> 1
1,5,11:12,16,21-23-24. -> 1
6,20;27. -> 1
15,20;22,25,33,38. -> 1
2,3,6,14,22,29;41,47,54. -> 1
11,15;22,23,34,41. -> 1
8,15,30,37. -> 1
4,7,14,17,26? -> 1
9,19,25. -> 1
3,5,12,26,47. -> 1
4,5,11,15,21,28;35,45. -> 1
2,9,12. -> 2
2,3,7,9,10. -> 1
3,5,22,24,26,30,34,38? -> 1
2,3,5,7,11;14,25,28,32,36;38,40,49,54. -> 1
1,2,9,33,45. -> 1
4,5,10,12,23? -> 1
6,13,17,21,29:33,39,45,49. -> 1
2;12,19? -> 1
5,14,27-31. -> 1
5,7,18,25,30. -> 1
6;27. -> 1
5,7,9,10,12,17,22. -> 1
3,5,15,22,33,39. -> 1
1,3,4? -> 17
3,9! -> 15
2-3-4,6,13,20! -> 1
12:15;20;26. -> 1
1,4,13,25,29,42,45? -> 1
9,13,14,18. -> 1
2,11,14,24,26,34,39,46,49,54. -> 1
6,10,18,23;30,34,36,37! -> 1
3,24? -> 1
1,2,5,14,21,29,35,43. -> 1
2,7,10,18;26,27,34. -> 1
4,5,11,21. -> 1
1,2,22,43,47,57,62. -> 1
22. -> 29
4,10;14,19. -> 1
5,11;18,28. -> 1
1,5,14,22,41,42,44. -> 1
5,8,10. -> 4
3,8,19;26. -> 1
0[5.5]6. -> 2
4,8,16,18! -> 1
5,8,14,22,28,31. -> 1
2,7,10,15,23;26,37. -> 1
3-13. -> 1
1,2,10,15;15[16.16] -> 1
1,2;3,4;5,6. -> 1
2,11? -> 7
19,21. -> 1
1,9;16,18,22. -> 1
2,4,10;12,14,18. -> 1
1,2,12,26,30;31,33,42,45;54,63. -> 1
3,22,33. -> 1
4,13,22. -> 4
5,11,17,22,28,41. -> 1
4,8,16,20,25,30,33,42,49. -> 1
1-2,4,14. -> 1
7,7[9]11,16,16[18]19,22,26-28,50;56,60,66,70-75,90,92,94,98. -> 1
2,5.6.9,12. -> 1
1,4,5,8,19. -> 1
1,2,12,15,19. -> 1
2,8,19. -> 1
3,7,16;22,25,26,30,34. -> 1
11-15,22,24-28,36. -> 1
10-11,16? -> 1
2,6,25,45. -> 1
5;8,13,20. -> 1
4,9,10,12,20,47:58. -> 1
3,7;8,11,16. -> 1
3,12,15,18,23[24]24. -> 1
1,2,3,4:8:9,10,11. -> 1
20,30,44,48,55,60,65,73. -> 1
3,4,7,15,23. -> 1
7,11;15,18:21,26;37. -> 1
1,5,10,14,17,27;44,58,66,79,90. -> 1
4,7,9,11? -> 2
4;7? -> 2
4,9,21,40,46. -> 1
2,5,6,10,18;27,34;46. -> 1
1,4,9;18. -> 1
9,18;25,34. -> 1
5:18,21;23,24,28,32;34,35,46,49,60-62;63,70,75. -> 1
10,20,21,26,30. -> 1
1,6-8. -> 1
2,12-14,20,24. -> 1
8;14;26,31. -> 1
8,11,16;23,32. -> 1
3,4,23,29. -> 1
1,3,20:22,31,42,54. -> 1
1,3,5,10! -> 2
1,2,7,12,18,23? -> 1
8,12,16,22,30,40,45,53:57? -> 1
16-18,27,42-43. -> 1
1,2,12,14,19,38,42,48,55,64,79. -> 1
13,31,40. -> 1
17,21,25,31. -> 1
6,8,14. -> 3
2,3,5,7,10,24,25,29,33,40,48,58. -> 1
6,7,12(19)19,35. -> 1
15. -> 203
2,4,9,17. -> 3
7;8,17,24. -> 1
1,3,5,17. -> 3
3,21,23,27. -> 1
2,6,7,19. -> 1
3:11? -> 1
4,6,12,23,32,40? -> 1
4,8;9,10,11,13. -> 1
5,6[7]8,15,16:33,40. -> 1
1,2-2-3,4,10! -> 1
17,24,28,33,35,39. -> 1
1-6,10. -> 2
1,8-10. -> 1
6,7,17,20,28,42. -> 1
0]5;11. -> 2
4,5,12,20? -> 1
1,7,14. -> 8
1,2,19,31-34. -> 1
4:22,24,28,35,45[46]46. -> 1
5,10,18;22,28,33,37-38. -> 1
3,4;5,10,12,15,24,34. -> 1
2:9,13,18,38,53,56,66. -> 1
2,4,10,12-18;30:47,51;58,62;71,79;82,102;116,119,126! -> 1
3,8;13. -> 4
1,3,14;24;34,45[46]46,54. -> 1
3,5,6;15. -> 1
4,10-17. -> 1
6,19,31,34? -> 1
2,9,18! -> 1
1,9;10,14,17. -> 1
5,7,9,11,18,20,24? -> 1
2,4,9,11,14,17,18! -> 1
1,9. -> 149
6,18,23,40. -> 1
12,17,26,37,50. -> 1
1,9-10,14,22. -> 1
3,11,15,27. -> 1
1,3,5,7,16,25,33. -> 1
7,14,26,36. -> 1
3,14,19,32. -> 1
3,10,12,17;19,21,34,42,46. -> 1
2,8,16,23,29,41,45,58. -> 1
3,5:13. -> 3
1,2,8;9,12,19. -> 1
9,17,22. -> 2
6,13;18,23. -> 1
8,13,15,17,22:24,26:34,38,47-48;52,59. -> 1
2,4,20,25. -> 1
11,20. -> 11
5;10,11,12,14! -> 1
3,7;13,17,24. -> 1
7,13,21,29? -> 1
7,8,19,21,22. -> 1
2;8! -> 1
1,5,7! -> 3
6-12(19)19,25-26,30,34,39. -> 1
2,7,9,11,17? -> 1
3,5,10;15. -> 1
4:15,26;34,46. -> 1
2,3,17;24,28,32. -> 1
13,23. -> 4
5,9,11,18,20. -> 1
13,20,28,30-37,44,50-58. -> 1
2,3,6. -> 66
17,27? -> 1
3,8,12,14,15,17,30. -> 1
3,12;14,16,22. -> 1
1,37(38. -> 3
5,7,21. -> 1
8,18,20,22,24. -> 1
1,6,10;22,30. -> 1
7.14. -> 1
21,32,33,34,53. -> 3
3,4,8;14. -> 1
5,6:6[7. -> 1
0]4,11,17,18,20. -> 1
1,4;5,9,29. -> 1
4,7,17,22,26,31,34,41,49,54. -> 1
2,3,4,5,8! -> 1
1,5,10;14,18.23. -> 1
8,9,16;24;39. -> 1
5,9,18,22. -> 2
6? -> 737
10. -> 751
16,23;31,38. -> 1
10,15-16;27,38. -> 1
8,14,27;31. -> 1
7,10,22? -> 1
3,6,9,17-19,27,31,34,45,48,52,55-58-63,69:75,81. -> 1
17,22;31,38,45,61,77. -> 1
3,11:14,19:23,24,31(41)44(48? -> 1
1,10,19,25-29. -> 1
3;8,16. -> 1
13,20,24,30. -> 1
2,3,5,6,10,19,34,39,41,46,49-50,57,59,61,68,74;81,86,94:98. -> 1
2,4,12,20,23;29. -> 1
2,3,10,12,24,32. -> 1
9,16,26,29-32. -> 1
1,2,8,16,23? -> 1
1,2,4! -> 54
6,10,15,18,19,20-22. -> 1
4,8,9,18. -> 1
5,16;26,31. -> 1
10,16,21,27;30,33. -> 1
6,7,25. -> 1
5,11,18,27,35,42,49,61;62,63,72,92,95. -> 1
4,8,12;29;31,34,47. -> 1
9,20,22. -> 1
7,14,16. -> 1
1,4:8,9. -> 1
3;16,36. -> 1
6;18-25,30. -> 1
6,12,14,16,20,21,22,25;28,32:49,53,56. -> 1
3,4,7,14,24:34,42. -> 1
1,7,20. -> 1
2,3,10,15. -> 1
5,6;11! -> 1
0]4,12,20:25,36,41. -> 1
9,17;19-21-28,36,40,42. -> 1
1,4;10? -> 1
7,20,24.25. -> 1
6,7,16,26,29,39,44,58,67,71;78,83,92. -> 1
0[4,11. -> 2
14,22. -> 10
4,7;12,17. -> 1
1,3,9. -> 32
1,15,26? -> 1
1,2,9,12,18,19,20,32. -> 1
1,2,12,15,25,37. -> 1
1,6,16,23;30;37. -> 1
5,8,17. -> 7
8,9? -> 16
1,2,7,15. -> 7
6,8. -> 73
2,8,15. -> 4
17,27. -> 2
14,21,25;28. -> 1
0[5,10,14,18,23;25. -> 1
21,25,32. -> 1
3,4,7,12,16,22,29,34,41,46,68,70? -> 1
3,12,18,19. -> 1
9,16-27,31,41. -> 1
16,21;31;47,55. -> 1
6:16. -> 3
0-0-0-0-0-2:5,6. -> 2
13,23,30. -> 1
1,2,5,13,21:22,26,42,48. -> 1
7,17,18,21,30? -> 1
6,11,18. -> 1
7,8,12,13;24:34,40;43,47,48. -> 1
18,26,36. -> 1
3,11,15;24,27,32,36,44. -> 1
10,11,14,15,22,28. -> 1
0-0-0-0-0-7,12,20;32,33,34,37,43. -> 1
4,10,18,30,36. -> 1
1,9,12;17,21.26,29. -> 1
5,14,21? -> 1
5,20. -> 9
4,13,18,22,33. -> 1
3,4,15? -> 3
8,13. -> 71
15,21. -> 4
6:19,27? -> 1
4,5;10? -> 1
2,4,9,22. -> 1
1,4,7,11,23;28,34,40;59. -> 1
12,26.35,44,50,64,65,72,79,103. -> 1
5,17,19,20;21,23. -> 1
1,5-11. -> 1
2,5,10;11,13,18. -> 1
1,16,25,34,41-50. -> 1
4,6,16,22,32. -> 1
21,32,36;41,46. -> 1
3,4,9,16,25. -> 1
23:27. -> 1
2,5,7,15. -> 1
8,20;36,44,57. -> 1
9,14,21,28,30;41? -> 1
9,35;42. -> 1
5,6;19,23. -> 1
7,9,12,19,22,30. -> 1
1,2,6,13,26,29,31,33. -> 1
7,9,20. -> 1
6,7:9,12,20. -> 1
2,4,7,20. -> 1
9,18? -> 13
12,20? -> 1
3,4,5,7,8,11. -> 1
0-0-0-0-0-2:4,5. -> 1
3,11,14,19,22,28,32,37,42,47,52,57,63,65,69,75,79,83,87,91,96,98,102,106,110,118,127,128,129,130,133:134,143. -> 1
16;20. -> 1
1,5;6,10;11,13,17! -> 1
5,6,9,17,23. -> 1
6,11;16. -> 1
0]6-7-8;16. -> 1
8,14,24. -> 2
10,12,15,17,19,21,26! -> 1
1,2,9;17,23,27. -> 1
2,5,13;29,45. -> 1
1,7,10,13,17,25. -> 1
1,10,15;31? -> 1
2-9,15;17,23,38. -> 1
11,16,20. -> 1
7,9! -> 2
1,14,21,24,27,28,32,39,48,51,60. -> 1
14:16,20,22;25,26-28,32. -> 1
2,4,5,10[11]11,14. -> 1
0]4,5. -> 2
4,6,14,21,28,37. -> 1
2,5;12,15,19,22,23,24,28,33. -> 1
1,4,13! -> 2
7,15,18,20? -> 1
1,2,4,10,18,27. -> 1
1,8,13,20,30. -> 1
3,4,6,7,21,22. -> 1
5,10,19:26,34. -> 1
2,3,10,23,27? -> 1
6,11;17,22. -> 2
10,19. -> 37
5,7,8,15. -> 1
7,14(17,21)22,31(46)51;52,59,61,64,68,70,78. -> 1
4,6,10.13. -> 1
9,21,31. -> 1
9,13,18. -> 11
2:3,6;10! -> 1
11:14,22. -> 1
1,2,15,25,31,36. -> 1
7,15! -> 3
4,10;19:19[20. -> 1
1,7;13. -> 3
7,10,18,21-23? -> 1
3,9,10. -> 1
3,4,14,20. -> 1
8,18,26. -> 1
1,2,13,21;33. -> 1
6,7,8,10,16-26;30,44. -> 1
2,4,17,20,28-34;43,48,55,60. -> 1
2,3,5,12. -> 1
1,8,21,26,31,35. -> 1
6,9,21,25. -> 1
6,7,10;16,21. -> 1
6,9,10,11,12,13-14,15-16,17-18,19-20-21-22,24,27. -> 1
3,6-7,11,13,21. -> 1
8,9,15,22,30,32,35;42;46;47,48,53;54,55,64;71,76. -> 1
1,2,4,5. -> 4
3,9,26. -> 1
7,12,17. -> 2
2,3,14,21,25. -> 1
0]2,9,11? -> 1
20,23. -> 1
4,5,7. -> 18
3,9,15,20;21,22,31,38. -> 1
3,6,10,17,22,31,39,54? -> 1
5,7,13,23,26,28,36. -> 1
3,4,5,10,13. -> 1
12,14,17,20,28. -> 1
4,20,22,26,32! -> 1
5,17-18. -> 1
5,7,17,30,35. -> 1
14,18? -> 1
3:7,10,14. -> 1
11,12,16,28;35,40,43,46,50,51,55. -> 1
8,9,13,14? -> 1
1,3;9,12. -> 1
1,3,11,19,26-28,34,37,43. -> 1
1,4,13,26. -> 1
1,7,20:31,40[41]41. -> 1
6,10,12,14,15,17,23. -> 1
3,13,14,16,25;37. -> 1
0]1,3,8? -> 2
13,17,22;33. -> 1
1,3,9:17;18,24,34,37,43,47,51,53! -> 1
1,2,16? -> 1
1,2,6,11,17,21,27;38;45,51.51-51-51-51-51-53:54. -> 1
3,16;25,37,46,49,68. -> 1
6,10,20,28,32,37. -> 1
2,3,4,15! -> 1
6,15;19,24,25,28,32. -> 1
3;4,8,12,25. -> 1
18,24,40,44,46. -> 1
7,8,9! -> 1
4,6,11,20? -> 1
14;17,20,23. -> 1
4;16;19. -> 1
4;14,19! -> 1
6,10,18,20,24. -> 1
7,11? -> 8
11? -> 149
2,6-7? -> 1
7,12,28. -> 1
2,3,14,25,40;46,59,69. -> 1
1,3,8,22;23,29,37,46. -> 1
5,19,25,34,39. -> 1
0]8,15,22? -> 1
2,3,7,12;16,19,28,33. -> 1
10,13,27;30,31? -> 1
28;45. -> 1
3,8,26,28,32,35. -> 1
2,3,10,16,19,24,40,51,67,78,85,99,112,118[119]119;130,140. -> 1
2,13,14,18,25;34,41,48,66. -> 1
2,4,10.12. -> 1
2,3,14;20,24-29;31,33,38,43,47,51. -> 1
0]4,7,11. -> 1
4,12,24,49. -> 1
3,11,13,16,24. -> 1
3,4,17? -> 1
10,14,19. -> 4
3,5,10:11,17,29,36? -> 1
4,7;14. -> 3
1,4,5,19. -> 1
8;16,18. -> 1
2,6,16,18,23-24-29? -> 1
0[5,10,20,23,26,34,36. -> 1
5,8,11,19,21? -> 1
5,9,13,16,24. -> 1
3,4;5,11,17. -> 1
0-0-0-0-0-11,27,34. -> 1
4,6,9;18;20,26,31,34. -> 1
2,3,11,16? -> 1
1,5,12,20. -> 1
12,23,28,32. -> 1
3,5,21. -> 1
2,3,8,12. -> 1
6;11,14,21,24,28,31. -> 1
8,10,23? -> 1
8,16,22,33;41,51,51(60,60)67,72,79,83. -> 1
8,9,12,17,21,33. -> 1
5,9,15,23,28,29,36,41,45. -> 1
4,9,11,15. -> 1
7,10,17,26;30,31,37,42,48,58,69;74,76,77,80,84,95,103. -> 1
2,3,8,13;23,26. -> 1
1,3,6:18,21;36. -> 1
7,14,20. -> 3
1,5,11? -> 3
2,5,9,12,25. -> 1
4,14,19,29,32. -> 1
2,8,17. -> 8
1-2,3-4;9,13. -> 1
3,4,5! -> 5
2,3,6,18. -> 1
7,11,18;26;29,32(40)49,60;65,77. -> 1
9,15:17,24,35. -> 1
6,9;12,26. -> 1
2,9;23. -> 1
1,10,15,28,33,39,46,48,48(55,55)57,63,65,67,71,76. -> 1
3;13,20-25;27,31,34. -> 1
9,19,26,35. -> 1
0-0-0-0-0-4[5]7. -> 1
2,10,16! -> 1
14:21. -> 1
2,4:16! -> 1
12;19;22,34.38,42,47,51,60:62,65,73,80,84,88! -> 1
2,3! -> 192
4;9,17,24. -> 1
5,6,9,16:30,40,50,55. -> 1
1,6;14. -> 2
3,12,14,15,25. -> 1
1,9,11. -> 1
11,18,42,50,57? -> 1
4,7;11,14,15! -> 1
9,15-18. -> 1
9,14,29. -> 2
1,15. -> 26
2-3-4-6-6-6-6-14,28,37.39! -> 1
14,20? -> 1
4;4[6.6] -> 1
8,12. -> 55
2,13;22,30. -> 1
7,19. -> 18
1,2,10;17. -> 2
3,8,14,28;42. -> 1
18,36:42. -> 1
5,11,17,23? -> 1
9,15,18,27. -> 1
11,15. -> 25
6:19. -> 1
11,14-20;39. -> 1
1,6,14,18! -> 1
4,12;22:23,25.26. -> 1
2,4,10,13,14,18? -> 1
1,8;30. -> 1
2,4,8;12,16. -> 1
9,23,44,47;49,50,60,72. -> 1
10,22,27:34;35,39,52;60. -> 1
2,8,16;17,24,33,39,45. -> 1
25,32:34-46,55,58-63:78,85,93. -> 1
1,2,10,22,25,33,40,52,62,69,74. -> 1
8;14,17. -> 1
3:5,14;17,22. -> 1
4,11;14,19.25. -> 1
3,5,9,19,29,42,58. -> 1
0[1,2. -> 5
3,4,7,17,28;30,33. -> 1
1,6,10,14! -> 1
2,4,7,10,17,29,32,47,53,65,73. -> 1
29. -> 1
9,16;20,22,24. -> 1
8,12,18,24. -> 1
2,3,8,11? -> 1
1,3;9.10. -> 1
1-12,16;25,30,34. -> 1
14,24. -> 1
11,13,19. -> 2
2,3,6,10,15,21;35,37-42,54. -> 1
15,32,39. -> 1
4,9;12,17. -> 2
1,6:12,25. -> 1
1,5:11-17;19,20,21,25,29,32;33,34,46;62-63. -> 1
6;8,9,11,12,15. -> 1
2,4,5,8. -> 2
7,11,24,30,38,46. -> 1
1,4,27,47,55. -> 1
8,11,22;29,31,35. -> 1
1,10;11,14,15,23. -> 1
8,9,12,17,20,21,30. -> 1
5,16,26;31,39,45,55. -> 1
4,6,18? -> 2
4;7,12. -> 1
3,14,18,27,35. -> 1
3,15,20. -> 3
4:16,21,28,33,39. -> 1
1,2,8? -> 17
1,3,6,7. -> 2
8;17,27,37. -> 1
1,9:12,18,34,37,46. -> 1
9,18,25? -> 1
9,22,36,40:47,55. -> 1
3,4,8,12,15,23? -> 1
1,2,3,6,15;24,25,29,33. -> 1
6,7,20. -> 3
10,11,13,27,34,44,53,75. -> 1
1,13;20. -> 1
17;25:28;30,31. -> 1
4,5,10-11,13-14. -> 1
2,3,5,7. -> 1
1,4,6,8,11,16. -> 1
7,9,22. -> 1
9;11,15. -> 2
5;13,17. -> 2
1-3! -> 4
6,7;14. -> 1
21,29? -> 1
1,2,7,13,20,22? -> 1
1,6,14:19,23. -> 1
3,5,8,17? -> 1
7,9,15,19,23. -> 1
9,23,31. -> 1
3,5,7. -> 12
14,17,26,33. -> 1
2,7,20. -> 1
2,3,8,16,28? -> 1
2,5,10,14. -> 1
1,3,9,16,21,29. -> 1
4,16,19,21,26,37,43;52! -> 1
1,8,11,17. -> 1
7,19,42. -> 1
3,8,23,29. -> 1
9,15,18. -> 3
10,18,26,33. -> 1
13;15,17! -> 1
9-10-16! -> 1
4,9,13,18;20,33,39;45,47,52,59,60,75. -> 1
8,9,19. -> 1
11,26,40,47. -> 1
1,4,9,14,30,41. -> 1
8,10. -> 17
9,11:19;24,31,42. -> 1
4,13:19. -> 1
11,14,19,24. -> 2
4,12,26! -> 1
8,18;23,35;45,48,53. -> 1
2,3,8;12,20,26,32,36. -> 1
5,8,10,17,24,33;45.46,49,54.57,67,74,81. -> 1
3,5:8,10. -> 1
1,2,13,17. -> 1
14,26,36,46. -> 1
9,14;24. -> 1
0[5;7,9. -> 1
5,15,19;25;40;44? -> 1
7,9-19,22-27,52. -> 1
8,13,27,30,35,40! -> 1
10-11,13,16,24-29. -> 1
3,8-9,10,16,19,22,25. -> 1
2,4,6,11? -> 1
1,4,8;17,25. -> 1
0]1,2,11. -> 1
4,6,12,17. -> 1
10,18;33. -> 1
8,18,25,38,41. -> 1
1,21[25. -> 1
2,5,14? -> 1
10;29,38. -> 1
5,16,20,23,27,30? -> 1
1,4;5,6,12;22,29,36. -> 1
16:18,23,31,38,42,49.59,61,63:76:82,89,95,100,109. -> 1
6;15,18. -> 1
2,3,6,14. -> 3
4,5,6,12,23. -> 1
0]2,5.14,19. -> 1
9;12? -> 1
4,8,15! -> 1
3,4,9,16,18,21,25,32,38? -> 1
8,9,10,15,19,22,25. -> 1
1,7,10,11,25;30. -> 1
2,5,12,17;17[21]25;37. -> 1
2,3,15! -> 1
5,11;25. -> 1
3,6,11,26,46. -> 1
